"","GSPC.Adjusted"
"1",1416.59997558594
"2",1418.33996582031
"3",1409.7099609375
"4",1412.83996582031
"5",1412.10998535156
"6",1414.84997558594
"7",1423.81994628906
"8",1430.72998046875
"9",1431.90002441406
"10",1430.61999511719
"11",1426.36999511719
"12",1430.5
"13",1422.94995117188
"14",1427.98999023438
"15",1440.13000488281
"16",1423.90002441406
"17",1422.18005371094
"18",1420.61999511719
"19",1428.81994628906
"20",1438.23999023438
"21",1445.93994140625
"22",1448.39001464844
"23",1446.98999023438
"24",1448
"25",1450.02001953125
"26",1448.31005859375
"27",1438.06005859375
"28",1433.36999511719
"29",1444.26000976562
"30",1455.30004882812
"31",1456.81005859375
"32",1455.5400390625
"33",1459.68005371094
"34",1457.63000488281
"35",1456.38000488281
"36",1451.18994140625
"37",1449.36999511719
"38",1399.0400390625
"39",1406.81994628906
"40",1403.17004394531
"41",1387.17004394531
"42",1374.11999511719
"43",1395.41003417969
"44",1391.96997070312
"45",1401.89001464844
"46",1402.83996582031
"47",1406.59997558594
"48",1377.94995117188
"49",1387.17004394531
"50",1392.28002929688
"51",1386.94995117188
"52",1402.06005859375
"53",1410.93994140625
"54",1435.0400390625
"55",1434.5400390625
"56",1436.10998535156
"57",1437.5
"58",1428.60998535156
"59",1417.22998046875
"60",1422.53002929688
"61",1420.85998535156
"62",1424.55004882812
"63",1437.77001953125
"64",1439.36999511719
"65",1443.76000976562
"66",1444.60998535156
"67",1448.39001464844
"68",1438.86999511719
"69",1447.80004882812
"70",1452.84997558594
"71",1468.32995605469
"72",1471.47998046875
"73",1472.5
"74",1470.72998046875
"75",1484.34997558594
"76",1480.93005371094
"77",1480.41003417969
"78",1495.42004394531
"79",1494.25
"80",1494.06994628906
"81",1482.36999511719
"82",1486.30004882812
"83",1495.92004394531
"84",1502.39001464844
"85",1505.61999511719
"86",1509.47998046875
"87",1507.71997070312
"88",1512.57995605469
"89",1491.46997070312
"90",1505.84997558594
"91",1503.15002441406
"92",1501.18994140625
"93",1514.14001464844
"94",1512.75
"95",1522.75
"96",1525.09997558594
"97",1524.11999511719
"98",1522.28002929688
"99",1507.51000976562
"100",1515.72998046875
"101",1518.10998535156
"102",1530.22998046875
"103",1530.61999511719
"104",1536.33996582031
"105",1539.18005371094
"106",1530.94995117188
"107",1517.38000488281
"108",1490.71997070312
"109",1507.67004394531
"110",1509.11999511719
"111",1493
"112",1515.67004394531
"113",1522.96997070312
"114",1532.91003417969
"115",1531.05004882812
"116",1533.69995117188
"117",1512.83996582031
"118",1522.18994140625
"119",1502.56005859375
"120",1497.73999023438
"121",1492.89001464844
"122",1506.33996582031
"123",1505.7099609375
"124",1503.34997558594
"125",1519.43005371094
"126",1524.86999511719
"127",1525.40002441406
"128",1530.43994140625
"129",1531.84997558594
"130",1510.11999511719
"131",1518.76000976562
"132",1547.69995117188
"133",1552.5
"134",1549.52001953125
"135",1549.36999511719
"136",1546.17004394531
"137",1553.07995605469
"138",1534.09997558594
"139",1541.56994628906
"140",1511.0400390625
"141",1518.08996582031
"142",1482.66003417969
"143",1458.94995117188
"144",1473.91003417969
"145",1455.27001953125
"146",1465.81005859375
"147",1472.19995117188
"148",1433.06005859375
"149",1467.67004394531
"150",1476.7099609375
"151",1497.48999023438
"152",1453.08996582031
"153",1453.64001464844
"154",1452.92004394531
"155",1426.5400390625
"156",1406.69995117188
"157",1411.27001953125
"158",1445.93994140625
"159",1445.55004882812
"160",1447.11999511719
"161",1464.06994628906
"162",1462.5
"163",1479.36999511719
"164",1466.7900390625
"165",1432.35998535156
"166",1463.76000976562
"167",1457.64001464844
"168",1473.98999023438
"169",1489.42004394531
"170",1472.2900390625
"171",1478.55004882812
"172",1453.55004882812
"173",1451.69995117188
"174",1471.48999023438
"175",1471.56005859375
"176",1483.94995117188
"177",1484.25
"178",1476.65002441406
"179",1519.78002929688
"180",1529.03002929688
"181",1518.75
"182",1525.75
"183",1517.72998046875
"184",1517.2099609375
"185",1525.42004394531
"186",1531.38000488281
"187",1526.75
"188",1547.0400390625
"189",1546.63000488281
"190",1539.58996582031
"191",1542.83996582031
"192",1557.58996582031
"193",1552.57995605469
"194",1565.15002441406
"195",1562.46997070312
"196",1554.41003417969
"197",1561.80004882812
"198",1548.7099609375
"199",1538.53002929688
"200",1541.23999023438
"201",1540.07995605469
"202",1500.63000488281
"203",1506.32995605469
"204",1519.58996582031
"205",1515.88000488281
"206",1514.40002441406
"207",1535.28002929688
"208",1540.97998046875
"209",1531.02001953125
"210",1549.38000488281
"211",1508.43994140625
"212",1509.65002441406
"213",1502.17004394531
"214",1520.27001953125
"215",1475.61999511719
"216",1474.77001953125
"217",1453.69995117188
"218",1439.18005371094
"219",1481.05004882812
"220",1470.57995605469
"221",1451.15002441406
"222",1458.73999023438
"223",1433.27001953125
"224",1439.69995117188
"225",1416.77001953125
"226",1440.69995117188
"227",1407.21997070312
"228",1428.22998046875
"229",1469.02001953125
"230",1469.71997070312
"231",1481.14001464844
"232",1472.42004394531
"233",1462.7900390625
"234",1485.01000976562
"235",1507.33996582031
"236",1504.66003417969
"237",1515.9599609375
"238",1477.65002441406
"239",1486.58996582031
"240",1488.41003417969
"241",1467.94995117188
"242",1445.90002441406
"243",1454.97998046875
"244",1453
"245",1460.11999511719
"246",1484.4599609375
"247",1496.44995117188
"248",1497.66003417969
"249",1476.27001953125
"250",1478.48999023438
"251",1468.35998535156
"252",1447.16003417969
"253",1447.16003417969
"254",1411.63000488281
"255",1416.18005371094
"256",1390.18994140625
"257",1409.13000488281
"258",1420.32995605469
"259",1401.02001953125
"260",1416.25
"261",1380.94995117188
"262",1373.19995117188
"263",1333.25
"264",1325.18994140625
"265",1310.5
"266",1338.59997558594
"267",1352.06994628906
"268",1330.60998535156
"269",1353.9599609375
"270",1362.30004882812
"271",1355.81005859375
"272",1378.55004882812
"273",1395.42004394531
"274",1380.81994628906
"275",1336.64001464844
"276",1326.44995117188
"277",1336.91003417969
"278",1331.2900390625
"279",1339.13000488281
"280",1348.85998535156
"281",1367.2099609375
"282",1348.85998535156
"283",1349.98999023438
"284",1348.78002929688
"285",1360.03002929688
"286",1342.53002929688
"287",1353.10998535156
"288",1371.80004882812
"289",1381.2900390625
"290",1380.02001953125
"291",1367.68005371094
"292",1330.63000488281
"293",1331.33996582031
"294",1326.75
"295",1333.69995117188
"296",1304.33996582031
"297",1293.36999511719
"298",1273.36999511719
"299",1320.65002441406
"300",1308.77001953125
"301",1315.47998046875
"302",1288.14001464844
"303",1276.59997558594
"304",1330.73999023438
"305",1298.42004394531
"306",1329.51000976562
"307",1349.88000488281
"308",1352.98999023438
"309",1341.13000488281
"310",1325.76000976562
"311",1315.21997070312
"312",1322.69995117188
"313",1370.18005371094
"314",1367.53002929688
"315",1369.31005859375
"316",1370.40002441406
"317",1372.5400390625
"318",1365.5400390625
"319",1354.48999023438
"320",1360.55004882812
"321",1332.82995605469
"322",1328.31994628906
"323",1334.43005371094
"324",1364.7099609375
"325",1365.56005859375
"326",1390.32995605469
"327",1388.17004394531
"328",1375.93994140625
"329",1379.93005371094
"330",1388.81994628906
"331",1397.83996582031
"332",1396.36999511719
"333",1390.93994140625
"334",1385.58996582031
"335",1409.33996582031
"336",1413.90002441406
"337",1407.48999023438
"338",1418.26000976562
"339",1392.56994628906
"340",1397.68005371094
"341",1388.28002929688
"342",1403.57995605469
"343",1403.0400390625
"344",1408.66003417969
"345",1423.56994628906
"346",1425.34997558594
"347",1426.63000488281
"348",1413.40002441406
"349",1390.7099609375
"350",1394.34997558594
"351",1375.93005371094
"352",1385.34997558594
"353",1390.83996582031
"354",1398.26000976562
"355",1400.38000488281
"356",1385.67004394531
"357",1377.65002441406
"358",1377.19995117188
"359",1404.05004882812
"360",1360.68005371094
"361",1361.76000976562
"362",1358.43994140625
"363",1335.48999023438
"364",1339.86999511719
"365",1360.03002929688
"366",1360.14001464844
"367",1350.93005371094
"368",1337.81005859375
"369",1342.82995605469
"370",1317.93005371094
"371",1318
"372",1314.2900390625
"373",1321.96997070312
"374",1283.15002441406
"375",1278.38000488281
"376",1280
"377",1284.91003417969
"378",1261.52001953125
"379",1262.90002441406
"380",1252.31005859375
"381",1273.69995117188
"382",1244.68994140625
"383",1253.39001464844
"384",1239.48999023438
"385",1228.30004882812
"386",1214.91003417969
"387",1245.35998535156
"388",1260.31994628906
"389",1260.68005371094
"390",1260
"391",1277
"392",1282.18994140625
"393",1252.5400390625
"394",1257.76000976562
"395",1234.36999511719
"396",1263.19995117188
"397",1284.26000976562
"398",1267.38000488281
"399",1260.31005859375
"400",1249.01000976562
"401",1284.88000488281
"402",1289.18994140625
"403",1266.06994628906
"404",1296.31994628906
"405",1305.31994628906
"406",1289.58996582031
"407",1285.82995605469
"408",1292.93005371094
"409",1298.19995117188
"410",1278.59997558594
"411",1266.68994140625
"412",1274.5400390625
"413",1277.71997070312
"414",1292.19995117188
"415",1266.83996582031
"416",1271.51000976562
"417",1281.66003417969
"418",1300.68005371094
"419",1282.82995605469
"420",1277.57995605469
"421",1274.97998046875
"422",1236.82995605469
"423",1242.31005859375
"424",1267.7900390625
"425",1224.51000976562
"426",1232.0400390625
"427",1249.05004882812
"428",1251.69995117188
"429",1192.69995117188
"430",1213.59997558594
"431",1156.39001464844
"432",1206.51000976562
"433",1255.07995605469
"434",1207.08996582031
"435",1188.21997070312
"436",1185.86999511719
"437",1209.18005371094
"438",1213.27001953125
"439",1106.42004394531
"440",1166.35998535156
"441",1161.06005859375
"442",1114.28002929688
"443",1099.22998046875
"444",1056.89001464844
"445",996.22998046875
"446",984.940002441406
"447",909.919982910156
"448",899.219970703125
"449",1003.34997558594
"450",998.010009765625
"451",907.840026855469
"452",946.429992675781
"453",940.549987792969
"454",985.400024414062
"455",955.049987792969
"456",896.780029296875
"457",908.109985351562
"458",876.77001953125
"459",848.919982910156
"460",940.510009765625
"461",930.090026855469
"462",954.090026855469
"463",968.75
"464",966.299987792969
"465",1005.75
"466",952.77001953125
"467",904.880004882812
"468",930.989990234375
"469",919.210021972656
"470",898.950012207031
"471",852.299987792969
"472",911.289978027344
"473",873.289978027344
"474",850.75
"475",859.119995117188
"476",806.580017089844
"477",752.440002441406
"478",800.030029296875
"479",851.809997558594
"480",857.390014648438
"481",887.679992675781
"482",896.239990234375
"483",816.210021972656
"484",848.809997558594
"485",870.739990234375
"486",845.219970703125
"487",876.070007324219
"488",909.700012207031
"489",888.669982910156
"490",899.239990234375
"491",873.590026855469
"492",879.72998046875
"493",868.570007324219
"494",913.179992675781
"495",904.419982910156
"496",885.280029296875
"497",887.880004882812
"498",871.630004882812
"499",863.159973144531
"500",868.150024414062
"501",872.799987792969
"502",869.419982910156
"503",890.640014648438
"504",903.25
"505",931.799987792969
"506",927.450012207031
"507",934.700012207031
"508",906.650024414062
"509",909.72998046875
"510",890.349975585938
"511",870.260009765625
"512",871.789978027344
"513",842.619995117188
"514",843.739990234375
"515",850.119995117188
"516",805.219970703125
"517",840.239990234375
"518",827.5
"519",831.950012207031
"520",836.570007324219
"521",845.710021972656
"522",874.090026855469
"523",845.140014648438
"524",825.880004882812
"525",825.440002441406
"526",838.510009765625
"527",832.22998046875
"528",845.849975585938
"529",868.599975585938
"530",869.890014648438
"531",827.159973144531
"532",833.739990234375
"533",835.190002441406
"534",826.840026855469
"535",789.169982910156
"536",788.419982910156
"537",778.940002441406
"538",770.049987792969
"539",743.330017089844
"540",773.140014648438
"541",764.900024414062
"542",752.830017089844
"543",735.090026855469
"544",700.820007324219
"545",696.330017089844
"546",712.869995117188
"547",682.549987792969
"548",683.380004882812
"549",676.530029296875
"550",719.599975585938
"551",721.359985351562
"552",750.739990234375
"553",756.549987792969
"554",753.890014648438
"555",778.119995117188
"556",794.349975585938
"557",784.039978027344
"558",768.539978027344
"559",822.919982910156
"560",806.119995117188
"561",813.880004882812
"562",832.859985351562
"563",815.940002441406
"564",787.530029296875
"565",797.869995117188
"566",811.080017089844
"567",834.380004882812
"568",842.5
"569",835.47998046875
"570",815.549987792969
"571",825.159973144531
"572",856.559997558594
"573",858.72998046875
"574",841.5
"575",852.059997558594
"576",865.299987792969
"577",869.599975585938
"578",832.390014648438
"579",850.080017089844
"580",843.549987792969
"581",851.919982910156
"582",866.22998046875
"583",857.510009765625
"584",855.159973144531
"585",873.640014648438
"586",872.809997558594
"587",877.52001953125
"588",907.239990234375
"589",903.799987792969
"590",919.530029296875
"591",907.390014648438
"592",929.22998046875
"593",909.239990234375
"594",908.349975585938
"595",883.919982910156
"596",893.070007324219
"597",882.880004882812
"598",909.710021972656
"599",908.130004882812
"600",903.469970703125
"601",888.330017089844
"602",887
"603",910.330017089844
"604",893.059997558594
"605",906.830017089844
"606",919.140014648438
"607",942.869995117188
"608",944.739990234375
"609",931.760009765625
"610",942.460021972656
"611",940.090026855469
"612",939.140014648438
"613",942.429992675781
"614",939.150024414062
"615",944.890014648438
"616",946.210021972656
"617",923.719970703125
"618",911.969970703125
"619",910.710021972656
"620",918.369995117188
"621",921.22998046875
"622",893.039978027344
"623",895.099975585938
"624",900.940002441406
"625",920.260009765625
"626",918.900024414062
"627",927.22998046875
"628",919.320007324219
"629",923.330017089844
"630",896.419982910156
"631",898.719970703125
"632",881.030029296875
"633",879.559997558594
"634",882.679992675781
"635",879.130004882812
"636",901.049987792969
"637",905.840026855469
"638",932.679992675781
"639",940.739990234375
"640",940.380004882812
"641",951.130004882812
"642",954.580017089844
"643",954.070007324219
"644",976.289978027344
"645",979.260009765625
"646",982.179992675781
"647",979.619995117188
"648",975.150024414062
"649",986.75
"650",987.47998046875
"651",1002.63000488281
"652",1005.65002441406
"653",1002.71997070312
"654",997.080017089844
"655",1010.47998046875
"656",1007.09997558594
"657",994.349975585938
"658",1005.80999755859
"659",1012.72998046875
"660",1004.09002685547
"661",979.72998046875
"662",989.669982910156
"663",996.460021972656
"664",1007.36999511719
"665",1026.13000488281
"666",1025.56994628906
"667",1028
"668",1028.11999511719
"669",1030.97998046875
"670",1028.93005371094
"671",1020.61999511719
"672",998.039978027344
"673",994.75
"674",1003.23999023438
"675",1016.40002441406
"676",1025.39001464844
"677",1033.36999511719
"678",1044.14001464844
"679",1042.72998046875
"680",1049.33996582031
"681",1052.63000488281
"682",1068.76000976562
"683",1065.48999023438
"684",1068.30004882812
"685",1064.66003417969
"686",1071.66003417969
"687",1060.86999511719
"688",1050.78002929688
"689",1044.38000488281
"690",1062.97998046875
"691",1060.60998535156
"692",1057.07995605469
"693",1029.84997558594
"694",1025.2099609375
"695",1040.4599609375
"696",1054.71997070312
"697",1057.57995605469
"698",1065.47998046875
"699",1071.48999023438
"700",1076.18994140625
"701",1073.18994140625
"702",1092.02001953125
"703",1096.56005859375
"704",1087.68005371094
"705",1097.91003417969
"706",1091.06005859375
"707",1081.40002441406
"708",1092.91003417969
"709",1079.59997558594
"710",1066.94995117188
"711",1063.41003417969
"712",1042.63000488281
"713",1066.10998535156
"714",1036.18994140625
"715",1042.88000488281
"716",1045.41003417969
"717",1046.5
"718",1066.63000488281
"719",1069.30004882812
"720",1093.07995605469
"721",1093.01000976562
"722",1098.51000976562
"723",1087.23999023438
"724",1093.47998046875
"725",1109.30004882812
"726",1110.31994628906
"727",1109.80004882812
"728",1094.90002441406
"729",1091.38000488281
"730",1106.23999023438
"731",1105.65002441406
"732",1110.63000488281
"733",1091.48999023438
"734",1095.63000488281
"735",1108.85998535156
"736",1109.23999023438
"737",1099.92004394531
"738",1105.97998046875
"739",1103.25
"740",1091.93994140625
"741",1095.94995117188
"742",1102.34997558594
"743",1106.41003417969
"744",1114.10998535156
"745",1107.93005371094
"746",1109.18005371094
"747",1096.07995605469
"748",1102.46997070312
"749",1114.05004882812
"750",1118.02001953125
"751",1120.58996582031
"752",1126.47998046875
"753",1127.78002929688
"754",1126.19995117188
"755",1126.42004394531
"756",1115.09997558594
"757",1132.98999023438
"758",1136.52001953125
"759",1137.14001464844
"760",1141.68994140625
"761",1144.97998046875
"762",1146.97998046875
"763",1136.21997070312
"764",1145.68005371094
"765",1148.4599609375
"766",1136.03002929688
"767",1150.22998046875
"768",1138.0400390625
"769",1116.47998046875
"770",1091.76000976562
"771",1096.78002929688
"772",1092.17004394531
"773",1097.5
"774",1084.53002929688
"775",1073.86999511719
"776",1089.18994140625
"777",1103.31994628906
"778",1097.28002929688
"779",1063.10998535156
"780",1066.18994140625
"781",1056.73999023438
"782",1070.52001953125
"783",1068.13000488281
"784",1078.46997070312
"785",1075.51000976562
"786",1094.86999511719
"787",1099.51000976562
"788",1106.75
"789",1109.17004394531
"790",1108.01000976562
"791",1094.59997558594
"792",1105.23999023438
"793",1102.93994140625
"794",1104.48999023438
"795",1115.7099609375
"796",1118.31005859375
"797",1118.7900390625
"798",1122.96997070312
"799",1138.69995117188
"800",1138.5
"801",1140.44995117188
"802",1145.60998535156
"803",1150.23999023438
"804",1149.98999023438
"805",1150.51000976562
"806",1159.4599609375
"807",1166.2099609375
"808",1165.82995605469
"809",1159.90002441406
"810",1165.81005859375
"811",1174.17004394531
"812",1167.71997070312
"813",1165.72998046875
"814",1166.58996582031
"815",1173.21997070312
"816",1173.27001953125
"817",1169.43005371094
"818",1178.09997558594
"819",1187.43994140625
"820",1189.43994140625
"821",1182.44995117188
"822",1186.43994140625
"823",1194.36999511719
"824",1196.47998046875
"825",1197.30004882812
"826",1210.65002441406
"827",1211.67004394531
"828",1192.13000488281
"829",1197.52001953125
"830",1207.17004394531
"831",1205.93994140625
"832",1208.67004394531
"833",1217.28002929688
"834",1212.05004882812
"835",1183.7099609375
"836",1191.35998535156
"837",1206.78002929688
"838",1186.68994140625
"839",1202.26000976562
"840",1173.59997558594
"841",1165.86999511719
"842",1128.15002441406
"843",1110.88000488281
"844",1159.72998046875
"845",1155.7900390625
"846",1171.67004394531
"847",1157.43994140625
"848",1135.68005371094
"849",1136.93994140625
"850",1120.80004882812
"851",1115.05004882812
"852",1071.58996582031
"853",1087.68994140625
"854",1073.65002441406
"855",1074.03002929688
"856",1067.94995117188
"857",1103.06005859375
"858",1089.41003417969
"859",1070.7099609375
"860",1098.38000488281
"861",1102.82995605469
"862",1064.88000488281
"863",1050.46997070312
"864",1062
"865",1055.68994140625
"866",1086.83996582031
"867",1091.59997558594
"868",1089.63000488281
"869",1115.22998046875
"870",1114.60998535156
"871",1116.0400390625
"872",1117.51000976562
"873",1113.19995117188
"874",1095.31005859375
"875",1092.0400390625
"876",1073.68994140625
"877",1076.76000976562
"878",1074.56994628906
"879",1041.23999023438
"880",1030.7099609375
"881",1027.36999511719
"882",1022.58001708984
"883",1028.06005859375
"884",1060.27001953125
"885",1070.25
"886",1077.9599609375
"887",1078.75
"888",1095.33996582031
"889",1095.17004394531
"890",1096.47998046875
"891",1064.88000488281
"892",1071.25
"893",1083.47998046875
"894",1069.58996582031
"895",1093.67004394531
"896",1102.66003417969
"897",1115.01000976562
"898",1113.83996582031
"899",1106.13000488281
"900",1101.53002929688
"901",1101.59997558594
"902",1125.85998535156
"903",1120.4599609375
"904",1127.23999023438
"905",1125.81005859375
"906",1121.64001464844
"907",1127.7900390625
"908",1121.06005859375
"909",1089.46997070312
"910",1083.60998535156
"911",1079.25
"912",1079.38000488281
"913",1092.5400390625
"914",1094.16003417969
"915",1075.63000488281
"916",1071.68994140625
"917",1067.35998535156
"918",1051.86999511719
"919",1055.32995605469
"920",1047.21997070312
"921",1064.58996582031
"922",1048.92004394531
"923",1049.32995605469
"924",1080.2900390625
"925",1090.09997558594
"926",1104.51000976562
"927",1091.83996582031
"928",1098.86999511719
"929",1104.18005371094
"930",1109.55004882812
"931",1121.90002441406
"932",1121.09997558594
"933",1125.06994628906
"934",1124.66003417969
"935",1125.58996582031
"936",1142.7099609375
"937",1139.78002929688
"938",1134.28002929688
"939",1124.82995605469
"940",1148.67004394531
"941",1142.16003417969
"942",1147.69995117188
"943",1144.72998046875
"944",1141.19995117188
"945",1146.23999023438
"946",1137.03002929688
"947",1160.75
"948",1159.96997070312
"949",1158.06005859375
"950",1165.15002441406
"951",1165.31994628906
"952",1169.77001953125
"953",1178.09997558594
"954",1173.81005859375
"955",1176.18994140625
"956",1184.7099609375
"957",1165.90002441406
"958",1178.17004394531
"959",1180.26000976562
"960",1183.07995605469
"961",1185.61999511719
"962",1185.64001464844
"963",1182.44995117188
"964",1183.78002929688
"965",1183.26000976562
"966",1184.38000488281
"967",1193.56994628906
"968",1197.9599609375
"969",1221.06005859375
"970",1225.84997558594
"971",1223.25
"972",1213.40002441406
"973",1218.7099609375
"974",1213.5400390625
"975",1199.2099609375
"976",1197.75
"977",1178.33996582031
"978",1178.58996582031
"979",1196.68994140625
"980",1199.72998046875
"981",1197.83996582031
"982",1180.72998046875
"983",1198.34997558594
"984",1189.40002441406
"985",1187.76000976562
"986",1180.55004882812
"987",1206.06994628906
"988",1221.53002929688
"989",1224.7099609375
"990",1223.11999511719
"991",1223.75
"992",1228.28002929688
"993",1233
"994",1240.40002441406
"995",1240.4599609375
"996",1241.58996582031
"997",1235.22998046875
"998",1242.86999511719
"999",1243.91003417969
"1000",1247.07995605469
"1001",1254.59997558594
"1002",1258.83996582031
"1003",1256.77001953125
"1004",1257.5400390625
"1005",1258.51000976562
"1006",1259.78002929688
"1007",1257.88000488281
"1008",1257.64001464844
"1009",1271.86999511719
"1010",1270.19995117188
"1011",1276.56005859375
"1012",1273.84997558594
"1013",1271.5
"1014",1269.75
"1015",1274.47998046875
"1016",1285.9599609375
"1017",1283.76000976562
"1018",1293.23999023438
"1019",1295.02001953125
"1020",1281.92004394531
"1021",1280.26000976562
"1022",1283.34997558594
"1023",1290.83996582031
"1024",1291.18005371094
"1025",1296.63000488281
"1026",1299.5400390625
"1027",1276.33996582031
"1028",1286.11999511719
"1029",1307.58996582031
"1030",1304.03002929688
"1031",1307.09997558594
"1032",1310.86999511719
"1033",1319.05004882812
"1034",1324.56994628906
"1035",1320.88000488281
"1036",1321.86999511719
"1037",1329.15002441406
"1038",1332.31994628906
"1039",1328.01000976562
"1040",1336.31994628906
"1041",1340.43005371094
"1042",1343.01000976562
"1043",1315.43994140625
"1044",1307.40002441406
"1045",1306.09997558594
"1046",1319.88000488281
"1047",1327.21997070312
"1048",1306.32995605469
"1049",1308.43994140625
"1050",1330.96997070312
"1051",1321.15002441406
"1052",1310.13000488281
"1053",1321.81994628906
"1054",1320.02001953125
"1055",1295.10998535156
"1056",1304.28002929688
"1057",1296.39001464844
"1058",1281.86999511719
"1059",1256.88000488281
"1060",1273.71997070312
"1061",1279.2099609375
"1062",1298.38000488281
"1063",1293.77001953125
"1064",1297.5400390625
"1065",1309.66003417969
"1066",1313.80004882812
"1067",1310.18994140625
"1068",1319.43994140625
"1069",1328.26000976562
"1070",1325.82995605469
"1071",1332.41003417969
"1072",1332.86999511719
"1073",1332.63000488281
"1074",1335.5400390625
"1075",1333.51000976562
"1076",1328.17004394531
"1077",1324.4599609375
"1078",1314.16003417969
"1079",1314.41003417969
"1080",1314.52001953125
"1081",1319.68005371094
"1082",1305.14001464844
"1083",1312.61999511719
"1084",1330.35998535156
"1085",1337.38000488281
"1086",1335.25
"1087",1347.23999023438
"1088",1355.66003417969
"1089",1360.47998046875
"1090",1363.60998535156
"1091",1361.21997070312
"1092",1356.61999511719
"1093",1347.31994628906
"1094",1335.09997558594
"1095",1340.19995117188
"1096",1346.2900390625
"1097",1357.16003417969
"1098",1342.07995605469
"1099",1348.65002441406
"1100",1337.77001953125
"1101",1329.46997070312
"1102",1328.97998046875
"1103",1340.68005371094
"1104",1343.59997558594
"1105",1333.27001953125
"1106",1317.36999511719
"1107",1316.28002929688
"1108",1320.46997070312
"1109",1325.68994140625
"1110",1331.09997558594
"1111",1345.19995117188
"1112",1314.55004882812
"1113",1312.93994140625
"1114",1300.16003417969
"1115",1286.17004394531
"1116",1284.93994140625
"1117",1279.56005859375
"1118",1289
"1119",1270.97998046875
"1120",1271.82995605469
"1121",1287.86999511719
"1122",1265.42004394531
"1123",1267.64001464844
"1124",1271.5
"1125",1278.35998535156
"1126",1295.52001953125
"1127",1287.14001464844
"1128",1283.5
"1129",1268.44995117188
"1130",1280.09997558594
"1131",1296.67004394531
"1132",1307.41003417969
"1133",1320.64001464844
"1134",1339.67004394531
"1135",1337.88000488281
"1136",1339.21997070312
"1137",1353.21997070312
"1138",1343.80004882812
"1139",1319.48999023438
"1140",1313.64001464844
"1141",1317.71997070312
"1142",1308.86999511719
"1143",1316.14001464844
"1144",1305.43994140625
"1145",1326.72998046875
"1146",1325.83996582031
"1147",1343.80004882812
"1148",1345.02001953125
"1149",1337.43005371094
"1150",1331.93994140625
"1151",1304.89001464844
"1152",1300.67004394531
"1153",1292.28002929688
"1154",1286.93994140625
"1155",1254.05004882812
"1156",1260.33996582031
"1157",1200.06994628906
"1158",1199.38000488281
"1159",1119.4599609375
"1160",1172.53002929688
"1161",1120.76000976562
"1162",1172.64001464844
"1163",1178.81005859375
"1164",1204.48999023438
"1165",1192.76000976562
"1166",1193.89001464844
"1167",1140.65002441406
"1168",1123.53002929688
"1169",1123.81994628906
"1170",1162.34997558594
"1171",1177.59997558594
"1172",1159.27001953125
"1173",1176.80004882812
"1174",1210.07995605469
"1175",1212.92004394531
"1176",1218.89001464844
"1177",1204.42004394531
"1178",1173.96997070312
"1179",1165.23999023438
"1180",1198.61999511719
"1181",1185.90002441406
"1182",1154.22998046875
"1183",1162.27001953125
"1184",1172.86999511719
"1185",1188.68005371094
"1186",1209.10998535156
"1187",1216.01000976562
"1188",1204.08996582031
"1189",1202.08996582031
"1190",1166.76000976562
"1191",1129.56005859375
"1192",1136.43005371094
"1193",1162.94995117188
"1194",1175.38000488281
"1195",1151.06005859375
"1196",1160.40002441406
"1197",1131.42004394531
"1198",1099.22998046875
"1199",1123.94995117188
"1200",1144.03002929688
"1201",1164.96997070312
"1202",1155.4599609375
"1203",1194.89001464844
"1204",1195.5400390625
"1205",1207.25
"1206",1203.66003417969
"1207",1224.57995605469
"1208",1200.85998535156
"1209",1225.38000488281
"1210",1209.88000488281
"1211",1215.39001464844
"1212",1238.25
"1213",1254.18994140625
"1214",1229.05004882812
"1215",1242
"1216",1284.58996582031
"1217",1285.08996582031
"1218",1253.30004882812
"1219",1218.28002929688
"1220",1237.90002441406
"1221",1261.15002441406
"1222",1253.22998046875
"1223",1261.11999511719
"1224",1275.92004394531
"1225",1229.09997558594
"1226",1239.69995117188
"1227",1263.84997558594
"1228",1251.78002929688
"1229",1257.81005859375
"1230",1236.91003417969
"1231",1216.13000488281
"1232",1215.65002441406
"1233",1192.97998046875
"1234",1188.0400390625
"1235",1161.7900390625
"1236",1158.67004394531
"1237",1192.55004882812
"1238",1195.18994140625
"1239",1246.9599609375
"1240",1244.57995605469
"1241",1244.28002929688
"1242",1257.07995605469
"1243",1258.46997070312
"1244",1261.01000976562
"1245",1234.34997558594
"1246",1255.18994140625
"1247",1236.46997070312
"1248",1225.72998046875
"1249",1211.81994628906
"1250",1215.75
"1251",1219.66003417969
"1252",1205.34997558594
"1253",1241.30004882812
"1254",1243.71997070312
"1255",1254
"1256",1265.32995605469
"1257",1265.43005371094
"1258",1249.64001464844
"1259",1263.02001953125
"1260",1257.59997558594
"1261",1277.06005859375
"1262",1277.30004882812
"1263",1281.06005859375
"1264",1277.81005859375
"1265",1280.69995117188
"1266",1292.07995605469
"1267",1292.47998046875
"1268",1295.5
"1269",1289.08996582031
"1270",1293.67004394531
"1271",1308.0400390625
"1272",1314.5
"1273",1315.38000488281
"1274",1316
"1275",1314.65002441406
"1276",1326.06005859375
"1277",1318.43005371094
"1278",1316.32995605469
"1279",1313.01000976562
"1280",1312.41003417969
"1281",1324.08996582031
"1282",1325.5400390625
"1283",1344.90002441406
"1284",1344.32995605469
"1285",1347.05004882812
"1286",1349.9599609375
"1287",1351.94995117188
"1288",1342.64001464844
"1289",1351.77001953125
"1290",1350.5
"1291",1343.22998046875
"1292",1358.0400390625
"1293",1361.22998046875
"1294",1362.2099609375
"1295",1357.66003417969
"1296",1363.4599609375
"1297",1365.73999023438
"1298",1367.58996582031
"1299",1372.18005371094
"1300",1365.68005371094
"1301",1374.08996582031
"1302",1369.63000488281
"1303",1364.32995605469
"1304",1343.35998535156
"1305",1352.63000488281
"1306",1365.91003417969
"1307",1370.86999511719
"1308",1371.08996582031
"1309",1395.94995117188
"1310",1394.28002929688
"1311",1402.59997558594
"1312",1404.17004394531
"1313",1409.75
"1314",1405.52001953125
"1315",1402.89001464844
"1316",1392.78002929688
"1317",1397.10998535156
"1318",1416.51000976562
"1319",1412.52001953125
"1320",1405.5400390625
"1321",1403.28002929688
"1322",1408.46997070312
"1323",1419.0400390625
"1324",1413.38000488281
"1325",1398.9599609375
"1326",1398.07995605469
"1327",1382.19995117188
"1328",1358.58996582031
"1329",1368.7099609375
"1330",1387.56994628906
"1331",1370.26000976562
"1332",1369.56994628906
"1333",1390.78002929688
"1334",1385.14001464844
"1335",1376.92004394531
"1336",1378.53002929688
"1337",1366.93994140625
"1338",1371.96997070312
"1339",1390.68994140625
"1340",1399.97998046875
"1341",1403.35998535156
"1342",1397.91003417969
"1343",1405.81994628906
"1344",1402.31005859375
"1345",1391.56994628906
"1346",1369.09997558594
"1347",1369.57995605469
"1348",1363.71997070312
"1349",1354.57995605469
"1350",1357.98999023438
"1351",1353.39001464844
"1352",1338.34997558594
"1353",1330.66003417969
"1354",1324.80004882812
"1355",1304.85998535156
"1356",1295.21997070312
"1357",1315.98999023438
"1358",1316.63000488281
"1359",1318.85998535156
"1360",1320.68005371094
"1361",1317.81994628906
"1362",1332.42004394531
"1363",1313.31994628906
"1364",1310.32995605469
"1365",1278.0400390625
"1366",1278.18005371094
"1367",1285.5
"1368",1315.13000488281
"1369",1314.98999023438
"1370",1325.66003417969
"1371",1308.93005371094
"1372",1324.18005371094
"1373",1314.88000488281
"1374",1329.09997558594
"1375",1342.83996582031
"1376",1344.78002929688
"1377",1357.97998046875
"1378",1355.68994140625
"1379",1325.51000976562
"1380",1335.02001953125
"1381",1313.71997070312
"1382",1319.98999023438
"1383",1331.84997558594
"1384",1329.0400390625
"1385",1362.16003417969
"1386",1365.51000976562
"1387",1374.02001953125
"1388",1367.57995605469
"1389",1354.68005371094
"1390",1352.4599609375
"1391",1341.46997070312
"1392",1341.44995117188
"1393",1334.76000976562
"1394",1356.78002929688
"1395",1353.64001464844
"1396",1363.67004394531
"1397",1372.78002929688
"1398",1376.51000976562
"1399",1362.66003417969
"1400",1350.52001953125
"1401",1338.31005859375
"1402",1337.89001464844
"1403",1360.02001953125
"1404",1385.96997070312
"1405",1385.30004882812
"1406",1379.31994628906
"1407",1375.31994628906
"1408",1365
"1409",1390.98999023438
"1410",1394.22998046875
"1411",1401.34997558594
"1412",1402.21997070312
"1413",1402.80004882812
"1414",1405.86999511719
"1415",1404.10998535156
"1416",1403.93005371094
"1417",1405.53002929688
"1418",1415.51000976562
"1419",1418.16003417969
"1420",1418.13000488281
"1421",1413.17004394531
"1422",1413.48999023438
"1423",1402.07995605469
"1424",1411.13000488281
"1425",1410.43994140625
"1426",1409.30004882812
"1427",1410.48999023438
"1428",1399.47998046875
"1429",1406.57995605469
"1430",1404.93994140625
"1431",1403.43994140625
"1432",1432.11999511719
"1433",1437.92004394531
"1434",1429.07995605469
"1435",1433.56005859375
"1436",1436.56005859375
"1437",1459.98999023438
"1438",1465.77001953125
"1439",1461.18994140625
"1440",1459.31994628906
"1441",1461.05004882812
"1442",1460.26000976562
"1443",1460.15002441406
"1444",1456.89001464844
"1445",1441.58996582031
"1446",1433.31994628906
"1447",1447.15002441406
"1448",1440.67004394531
"1449",1444.48999023438
"1450",1445.75
"1451",1450.98999023438
"1452",1461.40002441406
"1453",1460.93005371094
"1454",1455.88000488281
"1455",1441.47998046875
"1456",1432.56005859375
"1457",1432.83996582031
"1458",1428.58996582031
"1459",1440.13000488281
"1460",1454.92004394531
"1461",1460.91003417969
"1462",1457.33996582031
"1463",1433.18994140625
"1464",1433.81994628906
"1465",1413.10998535156
"1466",1408.75
"1467",1412.96997070312
"1468",1411.93994140625
"1469",1412.16003417969
"1470",1427.58996582031
"1471",1414.19995117188
"1472",1417.26000976562
"1473",1428.39001464844
"1474",1394.53002929688
"1475",1377.51000976562
"1476",1379.84997558594
"1477",1380.03002929688
"1478",1374.53002929688
"1479",1355.48999023438
"1480",1353.32995605469
"1481",1359.88000488281
"1482",1386.89001464844
"1483",1387.81005859375
"1484",1391.03002929688
"1485",1409.15002441406
"1486",1406.2900390625
"1487",1398.93994140625
"1488",1409.93005371094
"1489",1415.94995117188
"1490",1416.18005371094
"1491",1409.4599609375
"1492",1407.05004882812
"1493",1409.28002929688
"1494",1413.93994140625
"1495",1418.06994628906
"1496",1418.55004882812
"1497",1427.83996582031
"1498",1428.47998046875
"1499",1419.44995117188
"1500",1413.57995605469
"1501",1430.35998535156
"1502",1446.7900390625
"1503",1435.81005859375
"1504",1443.68994140625
"1505",1430.15002441406
"1506",1426.66003417969
"1507",1419.82995605469
"1508",1418.09997558594
"1509",1402.43005371094
"1510",1426.18994140625
"1511",1462.42004394531
"1512",1459.36999511719
"1513",1466.46997070312
"1514",1461.89001464844
"1515",1457.15002441406
"1516",1461.02001953125
"1517",1472.11999511719
"1518",1472.05004882812
"1519",1470.68005371094
"1520",1472.33996582031
"1521",1472.63000488281
"1522",1480.93994140625
"1523",1485.97998046875
"1524",1492.56005859375
"1525",1494.81005859375
"1526",1494.81994628906
"1527",1502.9599609375
"1528",1500.18005371094
"1529",1507.83996582031
"1530",1501.9599609375
"1531",1498.10998535156
"1532",1513.17004394531
"1533",1495.7099609375
"1534",1511.2900390625
"1535",1512.11999511719
"1536",1509.39001464844
"1537",1517.93005371094
"1538",1517.01000976562
"1539",1519.43005371094
"1540",1520.32995605469
"1541",1521.38000488281
"1542",1519.7900390625
"1543",1530.93994140625
"1544",1511.94995117188
"1545",1502.42004394531
"1546",1515.59997558594
"1547",1487.84997558594
"1548",1496.93994140625
"1549",1515.98999023438
"1550",1514.68005371094
"1551",1518.19995117188
"1552",1525.19995117188
"1553",1539.7900390625
"1554",1541.4599609375
"1555",1544.26000976562
"1556",1551.18005371094
"1557",1556.21997070312
"1558",1552.47998046875
"1559",1554.52001953125
"1560",1563.22998046875
"1561",1560.69995117188
"1562",1552.09997558594
"1563",1548.33996582031
"1564",1558.7099609375
"1565",1545.80004882812
"1566",1556.89001464844
"1567",1551.68994140625
"1568",1563.77001953125
"1569",1562.84997558594
"1570",1569.18994140625
"1571",1562.17004394531
"1572",1570.25
"1573",1553.68994140625
"1574",1559.97998046875
"1575",1553.28002929688
"1576",1563.06994628906
"1577",1568.60998535156
"1578",1587.72998046875
"1579",1593.36999511719
"1580",1588.84997558594
"1581",1552.35998535156
"1582",1574.56994628906
"1583",1552.01000976562
"1584",1541.60998535156
"1585",1555.25
"1586",1562.5
"1587",1578.78002929688
"1588",1578.7900390625
"1589",1585.16003417969
"1590",1582.23999023438
"1591",1593.60998535156
"1592",1597.56994628906
"1593",1582.69995117188
"1594",1597.58996582031
"1595",1614.42004394531
"1596",1617.5
"1597",1625.9599609375
"1598",1632.68994140625
"1599",1626.67004394531
"1600",1633.69995117188
"1601",1633.77001953125
"1602",1650.33996582031
"1603",1658.78002929688
"1604",1650.46997070312
"1605",1667.46997070312
"1606",1666.2900390625
"1607",1669.16003417969
"1608",1655.34997558594
"1609",1650.51000976562
"1610",1649.59997558594
"1611",1660.06005859375
"1612",1648.35998535156
"1613",1654.41003417969
"1614",1630.73999023438
"1615",1640.42004394531
"1616",1631.38000488281
"1617",1608.90002441406
"1618",1622.56005859375
"1619",1643.38000488281
"1620",1642.81005859375
"1621",1626.13000488281
"1622",1612.52001953125
"1623",1636.35998535156
"1624",1626.72998046875
"1625",1639.0400390625
"1626",1651.81005859375
"1627",1628.93005371094
"1628",1588.18994140625
"1629",1592.43005371094
"1630",1573.08996582031
"1631",1588.03002929688
"1632",1603.26000976562
"1633",1613.19995117188
"1634",1606.28002929688
"1635",1614.9599609375
"1636",1614.07995605469
"1637",1615.41003417969
"1638",1631.89001464844
"1639",1640.4599609375
"1640",1652.31994628906
"1641",1652.61999511719
"1642",1675.02001953125
"1643",1680.18994140625
"1644",1682.5
"1645",1676.26000976562
"1646",1680.91003417969
"1647",1689.36999511719
"1648",1692.08996582031
"1649",1695.53002929688
"1650",1692.39001464844
"1651",1685.93994140625
"1652",1690.25
"1653",1691.65002441406
"1654",1685.32995605469
"1655",1685.9599609375
"1656",1685.72998046875
"1657",1706.86999511719
"1658",1709.67004394531
"1659",1707.14001464844
"1660",1697.36999511719
"1661",1690.91003417969
"1662",1697.47998046875
"1663",1691.42004394531
"1664",1689.46997070312
"1665",1694.16003417969
"1666",1685.39001464844
"1667",1661.31994628906
"1668",1655.82995605469
"1669",1646.06005859375
"1670",1652.34997558594
"1671",1642.80004882812
"1672",1656.9599609375
"1673",1663.5
"1674",1656.78002929688
"1675",1630.47998046875
"1676",1634.9599609375
"1677",1638.17004394531
"1678",1632.96997070312
"1679",1639.77001953125
"1680",1653.07995605469
"1681",1655.07995605469
"1682",1655.17004394531
"1683",1671.7099609375
"1684",1683.98999023438
"1685",1689.13000488281
"1686",1683.42004394531
"1687",1687.98999023438
"1688",1697.59997558594
"1689",1704.76000976562
"1690",1725.52001953125
"1691",1722.33996582031
"1692",1709.91003417969
"1693",1701.83996582031
"1694",1697.42004394531
"1695",1692.77001953125
"1696",1698.67004394531
"1697",1691.75
"1698",1681.55004882812
"1699",1695
"1700",1693.86999511719
"1701",1678.66003417969
"1702",1690.5
"1703",1676.11999511719
"1704",1655.44995117188
"1705",1656.40002441406
"1706",1692.56005859375
"1707",1703.19995117188
"1708",1710.14001464844
"1709",1698.06005859375
"1710",1721.5400390625
"1711",1733.15002441406
"1712",1744.5
"1713",1744.66003417969
"1714",1754.67004394531
"1715",1746.38000488281
"1716",1752.06994628906
"1717",1759.77001953125
"1718",1762.10998535156
"1719",1771.94995117188
"1720",1763.31005859375
"1721",1756.5400390625
"1722",1761.64001464844
"1723",1767.93005371094
"1724",1762.96997070312
"1725",1770.48999023438
"1726",1747.15002441406
"1727",1770.60998535156
"1728",1771.89001464844
"1729",1767.68994140625
"1730",1782
"1731",1790.61999511719
"1732",1798.18005371094
"1733",1791.53002929688
"1734",1787.86999511719
"1735",1781.36999511719
"1736",1795.84997558594
"1737",1804.76000976562
"1738",1802.47998046875
"1739",1802.75
"1740",1807.22998046875
"1741",1805.81005859375
"1742",1800.90002441406
"1743",1795.15002441406
"1744",1792.81005859375
"1745",1785.03002929688
"1746",1805.08996582031
"1747",1808.36999511719
"1748",1802.61999511719
"1749",1782.21997070312
"1750",1775.5
"1751",1775.31994628906
"1752",1786.5400390625
"1753",1781
"1754",1810.65002441406
"1755",1809.59997558594
"1756",1818.31994628906
"1757",1827.98999023438
"1758",1833.31994628906
"1759",1842.02001953125
"1760",1841.40002441406
"1761",1841.06994628906
"1762",1848.35998535156
"1763",1831.97998046875
"1764",1831.36999511719
"1765",1826.77001953125
"1766",1837.88000488281
"1767",1837.48999023438
"1768",1838.13000488281
"1769",1842.36999511719
"1770",1819.19995117188
"1771",1838.88000488281
"1772",1848.38000488281
"1773",1845.89001464844
"1774",1838.69995117188
"1775",1843.80004882812
"1776",1844.85998535156
"1777",1828.4599609375
"1778",1790.2900390625
"1779",1781.56005859375
"1780",1792.5
"1781",1774.19995117188
"1782",1794.18994140625
"1783",1782.58996582031
"1784",1741.89001464844
"1785",1755.19995117188
"1786",1751.64001464844
"1787",1773.43005371094
"1788",1797.02001953125
"1789",1799.83996582031
"1790",1819.75
"1791",1819.26000976562
"1792",1829.82995605469
"1793",1838.63000488281
"1794",1840.76000976562
"1795",1828.75
"1796",1839.78002929688
"1797",1836.25
"1798",1847.60998535156
"1799",1845.11999511719
"1800",1845.16003417969
"1801",1854.2900390625
"1802",1859.44995117188
"1803",1845.72998046875
"1804",1873.91003417969
"1805",1873.81005859375
"1806",1877.03002929688
"1807",1878.0400390625
"1808",1877.17004394531
"1809",1867.63000488281
"1810",1868.19995117188
"1811",1846.33996582031
"1812",1841.13000488281
"1813",1858.82995605469
"1814",1872.25
"1815",1860.77001953125
"1816",1872.01000976562
"1817",1866.52001953125
"1818",1857.43994140625
"1819",1865.61999511719
"1820",1852.56005859375
"1821",1849.0400390625
"1822",1857.61999511719
"1823",1872.33996582031
"1824",1885.52001953125
"1825",1890.90002441406
"1826",1888.77001953125
"1827",1865.08996582031
"1828",1845.0400390625
"1829",1851.9599609375
"1830",1872.18005371094
"1831",1833.07995605469
"1832",1815.68994140625
"1833",1830.60998535156
"1834",1842.97998046875
"1835",1862.31005859375
"1836",1864.84997558594
"1837",1871.89001464844
"1838",1879.55004882812
"1839",1875.39001464844
"1840",1878.60998535156
"1841",1863.40002441406
"1842",1869.43005371094
"1843",1878.32995605469
"1844",1883.94995117188
"1845",1883.68005371094
"1846",1881.14001464844
"1847",1884.66003417969
"1848",1867.71997070312
"1849",1878.2099609375
"1850",1875.63000488281
"1851",1878.47998046875
"1852",1896.65002441406
"1853",1897.44995117188
"1854",1888.53002929688
"1855",1870.84997558594
"1856",1877.85998535156
"1857",1885.07995605469
"1858",1872.82995605469
"1859",1888.03002929688
"1860",1892.48999023438
"1861",1900.53002929688
"1862",1911.91003417969
"1863",1909.78002929688
"1864",1920.03002929688
"1865",1923.56994628906
"1866",1924.96997070312
"1867",1924.23999023438
"1868",1927.88000488281
"1869",1940.4599609375
"1870",1949.43994140625
"1871",1951.27001953125
"1872",1950.7900390625
"1873",1943.89001464844
"1874",1930.10998535156
"1875",1936.16003417969
"1876",1937.78002929688
"1877",1941.98999023438
"1878",1956.97998046875
"1879",1959.47998046875
"1880",1962.86999511719
"1881",1962.60998535156
"1882",1949.97998046875
"1883",1959.53002929688
"1884",1957.21997070312
"1885",1960.9599609375
"1886",1960.22998046875
"1887",1973.31994628906
"1888",1974.61999511719
"1889",1985.43994140625
"1890",1977.65002441406
"1891",1963.7099609375
"1892",1972.82995605469
"1893",1964.68005371094
"1894",1967.56994628906
"1895",1977.09997558594
"1896",1973.28002929688
"1897",1981.56994628906
"1898",1958.11999511719
"1899",1978.21997070312
"1900",1973.63000488281
"1901",1983.53002929688
"1902",1987.01000976562
"1903",1987.97998046875
"1904",1978.33996582031
"1905",1978.91003417969
"1906",1969.94995117188
"1907",1970.06994628906
"1908",1930.67004394531
"1909",1925.15002441406
"1910",1938.98999023438
"1911",1920.2099609375
"1912",1920.23999023438
"1913",1909.56994628906
"1914",1931.58996582031
"1915",1936.92004394531
"1916",1933.75
"1917",1946.71997070312
"1918",1955.18005371094
"1919",1955.06005859375
"1920",1971.73999023438
"1921",1981.59997558594
"1922",1986.51000976562
"1923",1992.36999511719
"1924",1988.40002441406
"1925",1997.92004394531
"1926",2000.02001953125
"1927",2000.11999511719
"1928",1996.73999023438
"1929",2003.36999511719
"1930",2002.28002929688
"1931",2000.71997070312
"1932",1997.65002441406
"1933",2007.7099609375
"1934",2001.5400390625
"1935",1988.43994140625
"1936",1995.68994140625
"1937",1997.44995117188
"1938",1985.5400390625
"1939",1984.13000488281
"1940",1998.97998046875
"1941",2001.56994628906
"1942",2011.35998535156
"1943",2010.40002441406
"1944",1994.2900390625
"1945",1982.77001953125
"1946",1998.30004882812
"1947",1965.98999023438
"1948",1982.84997558594
"1949",1977.80004882812
"1950",1972.2900390625
"1951",1946.16003417969
"1952",1946.17004394531
"1953",1967.90002441406
"1954",1964.81994628906
"1955",1935.09997558594
"1956",1968.89001464844
"1957",1928.2099609375
"1958",1906.13000488281
"1959",1874.73999023438
"1960",1877.69995117188
"1961",1862.48999023438
"1962",1862.76000976562
"1963",1886.76000976562
"1964",1904.01000976562
"1965",1941.28002929688
"1966",1927.10998535156
"1967",1950.81994628906
"1968",1964.57995605469
"1969",1961.63000488281
"1970",1985.05004882812
"1971",1982.30004882812
"1972",1994.65002441406
"1973",2018.05004882812
"1974",2017.81005859375
"1975",2012.09997558594
"1976",2023.56994628906
"1977",2031.2099609375
"1978",2031.92004394531
"1979",2038.26000976562
"1980",2039.68005371094
"1981",2038.25
"1982",2039.32995605469
"1983",2039.81994628906
"1984",2041.31994628906
"1985",2051.80004882812
"1986",2048.71997070312
"1987",2052.75
"1988",2063.5
"1989",2069.40991210938
"1990",2067.03002929688
"1991",2072.830078125
"1992",2067.56005859375
"1993",2053.43994140625
"1994",2066.55004882812
"1995",2074.330078125
"1996",2071.919921875
"1997",2075.3701171875
"1998",2060.31005859375
"1999",2059.82006835938
"2000",2026.14001464844
"2001",2035.32995605469
"2002",2002.32995605469
"2003",1989.63000488281
"2004",1972.73999023438
"2005",2012.89001464844
"2006",2061.22998046875
"2007",2070.64990234375
"2008",2078.5400390625
"2009",2082.169921875
"2010",2081.8798828125
"2011",2088.77001953125
"2012",2090.57006835938
"2013",2080.35009765625
"2014",2058.89990234375
"2015",2058.19995117188
"2016",2020.57995605469
"2017",2002.60998535156
"2018",2025.90002441406
"2019",2062.13989257812
"2020",2044.81005859375
"2021",2028.26000976562
"2022",2023.03002929688
"2023",2011.27001953125
"2024",1992.67004394531
"2025",2019.42004394531
"2026",2022.55004882812
"2027",2032.11999511719
"2028",2063.14990234375
"2029",2051.82006835938
"2030",2057.09008789062
"2031",2029.55004882812
"2032",2002.16003417969
"2033",2021.25
"2034",1994.98999023438
"2035",2020.84997558594
"2036",2050.03002929688
"2037",2041.51000976562
"2038",2062.52001953125
"2039",2055.46997070312
"2040",2046.73999023438
"2041",2068.59008789062
"2042",2068.53002929688
"2043",2088.47998046875
"2044",2096.98999023438
"2045",2100.34008789062
"2046",2099.67993164062
"2047",2097.44995117188
"2048",2110.30004882812
"2049",2109.65991210938
"2050",2115.47998046875
"2051",2113.86010742188
"2052",2110.73999023438
"2053",2104.5
"2054",2117.38989257812
"2055",2107.78002929688
"2056",2098.53002929688
"2057",2101.0400390625
"2058",2071.26000976562
"2059",2079.42993164062
"2060",2044.16003417969
"2061",2040.23999023438
"2062",2065.94995117188
"2063",2053.39990234375
"2064",2081.18994140625
"2065",2074.28002929688
"2066",2099.5
"2067",2089.27001953125
"2068",2108.10009765625
"2069",2104.419921875
"2070",2091.5
"2071",2061.05004882812
"2072",2056.14990234375
"2073",2061.02001953125
"2074",2086.23999023438
"2075",2067.88989257812
"2076",2059.68994140625
"2077",2066.9599609375
"2078",2080.6201171875
"2079",2076.330078125
"2080",2081.89990234375
"2081",2091.17993164062
"2082",2102.06005859375
"2083",2092.42993164062
"2084",2095.84008789062
"2085",2106.6298828125
"2086",2104.98999023438
"2087",2081.17993164062
"2088",2100.39990234375
"2089",2097.2900390625
"2090",2107.9599609375
"2091",2112.92993164062
"2092",2117.68994140625
"2093",2108.919921875
"2094",2114.76000976562
"2095",2106.85009765625
"2096",2085.51000976562
"2097",2108.2900390625
"2098",2114.48999023438
"2099",2089.4599609375
"2100",2080.14990234375
"2101",2088
"2102",2116.10009765625
"2103",2105.330078125
"2104",2099.1201171875
"2105",2098.47998046875
"2106",2121.10009765625
"2107",2122.72998046875
"2108",2129.19995117188
"2109",2127.830078125
"2110",2125.85009765625
"2111",2130.82006835938
"2112",2126.06005859375
"2113",2104.19995117188
"2114",2123.47998046875
"2115",2120.7900390625
"2116",2107.38989257812
"2117",2111.72998046875
"2118",2109.60009765625
"2119",2114.07006835938
"2120",2095.84008789062
"2121",2092.830078125
"2122",2079.28002929688
"2123",2080.14990234375
"2124",2105.19995117188
"2125",2108.86010742188
"2126",2094.11010742188
"2127",2084.42993164062
"2128",2096.2900390625
"2129",2100.43994140625
"2130",2121.23999023438
"2131",2109.98999023438
"2132",2122.85009765625
"2133",2124.19995117188
"2134",2108.580078125
"2135",2102.31005859375
"2136",2101.48999023438
"2137",2057.63989257812
"2138",2063.11010742188
"2139",2077.419921875
"2140",2076.78002929688
"2141",2068.76000976562
"2142",2081.34008789062
"2143",2046.68005371094
"2144",2051.31005859375
"2145",2076.6201171875
"2146",2099.60009765625
"2147",2108.94995117188
"2148",2107.39990234375
"2149",2124.2900390625
"2150",2126.63989257812
"2151",2128.28002929688
"2152",2119.2099609375
"2153",2114.14990234375
"2154",2102.14990234375
"2155",2079.64990234375
"2156",2067.63989257812
"2157",2093.25
"2158",2108.57006835938
"2159",2108.6298828125
"2160",2103.84008789062
"2161",2098.0400390625
"2162",2093.32006835938
"2163",2099.84008789062
"2164",2083.56005859375
"2165",2077.57006835938
"2166",2104.17993164062
"2167",2084.07006835938
"2168",2086.05004882812
"2169",2083.38989257812
"2170",2091.5400390625
"2171",2102.43994140625
"2172",2096.919921875
"2173",2079.61010742188
"2174",2035.72998046875
"2175",1970.89001464844
"2176",1893.2099609375
"2177",1867.60998535156
"2178",1940.51000976562
"2179",1987.66003417969
"2180",1988.86999511719
"2181",1972.18005371094
"2182",1913.84997558594
"2183",1948.85998535156
"2184",1951.13000488281
"2185",1921.21997070312
"2186",1969.41003417969
"2187",1942.0400390625
"2188",1952.2900390625
"2189",1961.05004882812
"2190",1953.03002929688
"2191",1978.08996582031
"2192",1995.31005859375
"2193",1990.19995117188
"2194",1958.03002929688
"2195",1966.96997070312
"2196",1942.73999023438
"2197",1938.76000976562
"2198",1932.23999023438
"2199",1931.33996582031
"2200",1881.77001953125
"2201",1884.08996582031
"2202",1920.03002929688
"2203",1923.81994628906
"2204",1951.35998535156
"2205",1987.05004882812
"2206",1979.92004394531
"2207",1995.82995605469
"2208",2013.43005371094
"2209",2014.89001464844
"2210",2017.4599609375
"2211",2003.68994140625
"2212",1994.23999023438
"2213",2023.85998535156
"2214",2033.10998535156
"2215",2033.66003417969
"2216",2030.77001953125
"2217",2018.93994140625
"2218",2052.51000976562
"2219",2075.14990234375
"2220",2071.17993164062
"2221",2065.88989257812
"2222",2090.35009765625
"2223",2089.40991210938
"2224",2079.36010742188
"2225",2104.05004882812
"2226",2109.7900390625
"2227",2102.31005859375
"2228",2099.92993164062
"2229",2099.19995117188
"2230",2078.580078125
"2231",2081.71997070312
"2232",2075
"2233",2045.96997070312
"2234",2023.0400390625
"2235",2053.18994140625
"2236",2050.43994140625
"2237",2083.580078125
"2238",2081.23999023438
"2239",2089.169921875
"2240",2086.59008789062
"2241",2089.13989257812
"2242",2088.8701171875
"2243",2090.11010742188
"2244",2080.40991210938
"2245",2102.6298828125
"2246",2079.51000976562
"2247",2049.6201171875
"2248",2091.68994140625
"2249",2077.07006835938
"2250",2063.59008789062
"2251",2047.61999511719
"2252",2052.22998046875
"2253",2012.36999511719
"2254",2021.93994140625
"2255",2043.41003417969
"2256",2073.07006835938
"2257",2041.89001464844
"2258",2005.55004882812
"2259",2021.15002441406
"2260",2038.96997070312
"2261",2064.2900390625
"2262",2060.98999023438
"2263",2056.5
"2264",2078.36010742188
"2265",2063.36010742188
"2266",2043.93994140625
"2267",2012.66003417969
"2268",2016.7099609375
"2269",1990.26000976562
"2270",1943.08996582031
"2271",1922.03002929688
"2272",1923.67004394531
"2273",1938.68005371094
"2274",1890.28002929688
"2275",1921.83996582031
"2276",1880.32995605469
"2277",1881.32995605469
"2278",1859.32995605469
"2279",1868.98999023438
"2280",1906.90002441406
"2281",1877.07995605469
"2282",1903.63000488281
"2283",1882.94995117188
"2284",1893.35998535156
"2285",1940.23999023438
"2286",1939.38000488281
"2287",1903.03002929688
"2288",1912.53002929688
"2289",1915.44995117188
"2290",1880.05004882812
"2291",1853.43994140625
"2292",1852.2099609375
"2293",1851.85998535156
"2294",1829.07995605469
"2295",1864.78002929688
"2296",1895.57995605469
"2297",1926.81994628906
"2298",1917.82995605469
"2299",1917.78002929688
"2300",1945.5
"2301",1921.27001953125
"2302",1929.80004882812
"2303",1951.69995117188
"2304",1948.05004882812
"2305",1932.22998046875
"2306",1978.34997558594
"2307",1986.44995117188
"2308",1993.40002441406
"2309",1999.98999023438
"2310",2001.76000976562
"2311",1979.26000976562
"2312",1989.26000976562
"2313",1989.56994628906
"2314",2022.18994140625
"2315",2019.64001464844
"2316",2015.93005371094
"2317",2027.21997070312
"2318",2040.58996582031
"2319",2049.580078125
"2320",2051.60009765625
"2321",2049.80004882812
"2322",2036.7099609375
"2323",2035.93994140625
"2324",2037.05004882812
"2325",2055.01000976562
"2326",2063.94995117188
"2327",2059.73999023438
"2328",2072.78002929688
"2329",2066.1298828125
"2330",2045.17004394531
"2331",2066.65991210938
"2332",2041.91003417969
"2333",2047.59997558594
"2334",2041.98999023438
"2335",2061.71997070312
"2336",2082.419921875
"2337",2082.78002929688
"2338",2080.72998046875
"2339",2094.34008789062
"2340",2100.80004882812
"2341",2102.39990234375
"2342",2091.47998046875
"2343",2091.580078125
"2344",2087.7900390625
"2345",2091.69995117188
"2346",2095.14990234375
"2347",2075.81005859375
"2348",2065.30004882812
"2349",2081.42993164062
"2350",2063.3701171875
"2351",2051.1201171875
"2352",2050.6298828125
"2353",2057.13989257812
"2354",2058.68994140625
"2355",2084.38989257812
"2356",2064.4599609375
"2357",2064.11010742188
"2358",2046.60998535156
"2359",2066.65991210938
"2360",2047.2099609375
"2361",2047.63000488281
"2362",2040.0400390625
"2363",2052.32006835938
"2364",2048.0400390625
"2365",2076.06005859375
"2366",2090.5400390625
"2367",2090.10009765625
"2368",2099.06005859375
"2369",2096.94995117188
"2370",2099.330078125
"2371",2105.26000976562
"2372",2099.1298828125
"2373",2109.40991210938
"2374",2112.1298828125
"2375",2119.1201171875
"2376",2115.47998046875
"2377",2096.07006835938
"2378",2079.06005859375
"2379",2075.32006835938
"2380",2071.5
"2381",2077.98999023438
"2382",2071.21997070312
"2383",2083.25
"2384",2088.89990234375
"2385",2085.44995117188
"2386",2113.32006835938
"2387",2037.41003417969
"2388",2000.5400390625
"2389",2036.08996582031
"2390",2070.77001953125
"2391",2098.86010742188
"2392",2102.94995117188
"2393",2088.55004882812
"2394",2099.72998046875
"2395",2097.89990234375
"2396",2129.89990234375
"2397",2137.15991210938
"2398",2152.13989257812
"2399",2152.42993164062
"2400",2163.75
"2401",2161.73999023438
"2402",2166.88989257812
"2403",2163.78002929688
"2404",2173.02001953125
"2405",2165.169921875
"2406",2175.03002929688
"2407",2168.47998046875
"2408",2169.17993164062
"2409",2166.580078125
"2410",2170.06005859375
"2411",2173.60009765625
"2412",2170.84008789062
"2413",2157.03002929688
"2414",2163.7900390625
"2415",2164.25
"2416",2182.8701171875
"2417",2180.88989257812
"2418",2181.73999023438
"2419",2175.48999023438
"2420",2185.7900390625
"2421",2184.05004882812
"2422",2190.14990234375
"2423",2178.14990234375
"2424",2182.21997070312
"2425",2187.02001953125
"2426",2183.8701171875
"2427",2182.63989257812
"2428",2186.89990234375
"2429",2175.43994140625
"2430",2172.46997070312
"2431",2169.0400390625
"2432",2180.3798828125
"2433",2176.1201171875
"2434",2170.94995117188
"2435",2170.86010742188
"2436",2179.97998046875
"2437",2186.47998046875
"2438",2186.15991210938
"2439",2181.30004882812
"2440",2127.81005859375
"2441",2159.0400390625
"2442",2127.02001953125
"2443",2125.77001953125
"2444",2147.26000976562
"2445",2139.15991210938
"2446",2139.1201171875
"2447",2139.76000976562
"2448",2163.1201171875
"2449",2177.17993164062
"2450",2164.68994140625
"2451",2146.10009765625
"2452",2159.92993164062
"2453",2171.3701171875
"2454",2151.1298828125
"2455",2168.27001953125
"2456",2161.19995117188
"2457",2150.48999023438
"2458",2159.72998046875
"2459",2160.77001953125
"2460",2153.73999023438
"2461",2163.65991210938
"2462",2136.72998046875
"2463",2139.17993164062
"2464",2132.55004882812
"2465",2132.97998046875
"2466",2126.5
"2467",2139.60009765625
"2468",2144.2900390625
"2469",2141.34008789062
"2470",2141.15991210938
"2471",2151.330078125
"2472",2143.15991210938
"2473",2139.42993164062
"2474",2133.0400390625
"2475",2126.40991210938
"2476",2126.14990234375
"2477",2111.71997070312
"2478",2097.93994140625
"2479",2088.65991210938
"2480",2085.17993164062
"2481",2131.52001953125
"2482",2139.56005859375
"2483",2163.26000976562
"2484",2167.47998046875
"2485",2164.44995117188
"2486",2164.19995117188
"2487",2180.38989257812
"2488",2176.93994140625
"2489",2187.1201171875
"2490",2181.89990234375
"2491",2198.17993164062
"2492",2202.93994140625
"2493",2204.71997070312
"2494",2213.35009765625
"2495",2201.71997070312
"2496",2204.65991210938
"2497",2198.81005859375
"2498",2191.080078125
"2499",2191.94995117188
"2500",2204.7099609375
"2501",2212.22998046875
"2502",2241.35009765625
"2503",2246.18994140625
"2504",2259.53002929688
"2505",2256.9599609375
"2506",2271.71997070312
"2507",2253.28002929688
"2508",2262.03002929688
"2509",2258.07006835938
"2510",2262.53002929688
"2511",2270.76000976562
"2512",2265.17993164062
"2513",2260.9599609375
"2514",2263.7900390625
"2515",2268.8798828125
"2516",2249.919921875
"2517",2249.26000976562
"2518",2238.830078125
"2519",2257.830078125
"2520",2270.75
"2521",2269
"2522",2276.97998046875
"2523",2268.89990234375
"2524",2268.89990234375
"2525",2275.32006835938
"2526",2270.43994140625
"2527",2274.63989257812
"2528",2267.88989257812
"2529",2271.88989257812
"2530",2263.68994140625
"2531",2271.31005859375
"2532",2265.19995117188
"2533",2280.07006835938
"2534",2298.3701171875
"2535",2296.67993164062
"2536",2294.68994140625
"2537",2280.89990234375
"2538",2278.8701171875
"2539",2279.55004882812
"2540",2280.85009765625
"2541",2297.419921875
"2542",2292.56005859375
"2543",2293.080078125
"2544",2294.669921875
"2545",2307.8701171875
"2546",2316.10009765625
"2547",2328.25
"2548",2337.580078125
"2549",2349.25
"2550",2347.21997070312
"2551",2351.15991210938
"2552",2365.3798828125
"2553",2362.82006835938
"2554",2363.81005859375
"2555",2367.34008789062
"2556",2369.75
"2557",2363.63989257812
"2558",2395.9599609375
"2559",2381.919921875
"2560",2383.1201171875
"2561",2375.31005859375
"2562",2368.38989257812
"2563",2362.97998046875
"2564",2364.8701171875
"2565",2372.60009765625
"2566",2373.46997070312
"2567",2365.44995117188
"2568",2385.26000976562
"2569",2381.3798828125
"2570",2378.25
"2571",2373.46997070312
"2572",2344.02001953125
"2573",2348.44995117188
"2574",2345.9599609375
"2575",2343.97998046875
"2576",2341.59008789062
"2577",2358.57006835938
"2578",2361.1298828125
"2579",2368.06005859375
"2580",2362.71997070312
"2581",2358.84008789062
"2582",2360.15991210938
"2583",2352.94995117188
"2584",2357.48999023438
"2585",2355.5400390625
"2586",2357.15991210938
"2587",2353.78002929688
"2588",2344.92993164062
"2589",2328.94995117188
"2590",2349.01000976562
"2591",2342.18994140625
"2592",2338.169921875
"2593",2355.84008789062
"2594",2348.68994140625
"2595",2374.14990234375
"2596",2388.61010742188
"2597",2387.44995117188
"2598",2388.77001953125
"2599",2384.19995117188
"2600",2388.330078125
"2601",2391.169921875
"2602",2388.1298828125
"2603",2389.52001953125
"2604",2399.2900390625
"2605",2399.3798828125
"2606",2396.919921875
"2607",2399.6298828125
"2608",2394.43994140625
"2609",2390.89990234375
"2610",2402.32006835938
"2611",2400.669921875
"2612",2357.03002929688
"2613",2365.71997070312
"2614",2381.72998046875
"2615",2394.02001953125
"2616",2398.419921875
"2617",2404.38989257812
"2618",2415.07006835938
"2619",2415.82006835938
"2620",2412.90991210938
"2621",2411.80004882812
"2622",2430.06005859375
"2623",2439.07006835938
"2624",2436.10009765625
"2625",2429.330078125
"2626",2433.13989257812
"2627",2433.7900390625
"2628",2431.77001953125
"2629",2429.38989257812
"2630",2440.35009765625
"2631",2437.919921875
"2632",2432.4599609375
"2633",2433.14990234375
"2634",2453.4599609375
"2635",2437.03002929688
"2636",2435.61010742188
"2637",2434.5
"2638",2438.30004882812
"2639",2439.07006835938
"2640",2419.3798828125
"2641",2440.68994140625
"2642",2419.69995117188
"2643",2423.40991210938
"2644",2429.01000976562
"2645",2432.5400390625
"2646",2409.75
"2647",2425.17993164062
"2648",2427.42993164062
"2649",2425.53002929688
"2650",2443.25
"2651",2447.830078125
"2652",2459.27001953125
"2653",2459.13989257812
"2654",2460.61010742188
"2655",2473.830078125
"2656",2473.44995117188
"2657",2472.5400390625
"2658",2469.90991210938
"2659",2477.1298828125
"2660",2477.830078125
"2661",2475.419921875
"2662",2472.10009765625
"2663",2470.30004882812
"2664",2476.35009765625
"2665",2477.57006835938
"2666",2472.15991210938
"2667",2476.830078125
"2668",2480.90991210938
"2669",2474.919921875
"2670",2474.02001953125
"2671",2438.2099609375
"2672",2441.32006835938
"2673",2465.84008789062
"2674",2464.61010742188
"2675",2468.11010742188
"2676",2430.01000976562
"2677",2425.55004882812
"2678",2428.3701171875
"2679",2452.51000976562
"2680",2444.0400390625
"2681",2438.96997070312
"2682",2443.05004882812
"2683",2444.23999023438
"2684",2446.30004882812
"2685",2457.59008789062
"2686",2471.64990234375
"2687",2476.55004882812
"2688",2457.85009765625
"2689",2465.5400390625
"2690",2465.10009765625
"2691",2461.42993164062
"2692",2488.11010742188
"2693",2496.47998046875
"2694",2498.3701171875
"2695",2495.6201171875
"2696",2500.22998046875
"2697",2503.8701171875
"2698",2506.64990234375
"2699",2508.23999023438
"2700",2500.60009765625
"2701",2502.21997070312
"2702",2496.65991210938
"2703",2496.84008789062
"2704",2507.0400390625
"2705",2510.06005859375
"2706",2519.36010742188
"2707",2529.1201171875
"2708",2534.580078125
"2709",2537.73999023438
"2710",2552.07006835938
"2711",2549.330078125
"2712",2544.72998046875
"2713",2550.63989257812
"2714",2555.23999023438
"2715",2550.92993164062
"2716",2553.169921875
"2717",2557.63989257812
"2718",2559.36010742188
"2719",2561.26000976562
"2720",2562.10009765625
"2721",2575.2099609375
"2722",2564.97998046875
"2723",2569.1298828125
"2724",2557.14990234375
"2725",2560.39990234375
"2726",2581.07006835938
"2727",2572.830078125
"2728",2575.26000976562
"2729",2579.36010742188
"2730",2579.85009765625
"2731",2587.84008789062
"2732",2591.1298828125
"2733",2590.63989257812
"2734",2594.3798828125
"2735",2584.6201171875
"2736",2582.30004882812
"2737",2584.84008789062
"2738",2578.8701171875
"2739",2564.6201171875
"2740",2585.63989257812
"2741",2578.85009765625
"2742",2582.13989257812
"2743",2599.03002929688
"2744",2597.080078125
"2745",2602.419921875
"2746",2601.419921875
"2747",2627.0400390625
"2748",2626.07006835938
"2749",2647.580078125
"2750",2642.21997070312
"2751",2639.43994140625
"2752",2629.57006835938
"2753",2629.27001953125
"2754",2636.97998046875
"2755",2651.5
"2756",2659.98999023438
"2757",2664.11010742188
"2758",2662.85009765625
"2759",2652.01000976562
"2760",2675.81005859375
"2761",2690.15991210938
"2762",2681.46997070312
"2763",2679.25
"2764",2684.57006835938
"2765",2683.34008789062
"2766",2680.5
"2767",2682.6201171875
"2768",2687.5400390625
"2769",2673.61010742188
"2770",2695.81005859375
"2771",2713.06005859375
"2772",2723.98999023438
"2773",2743.14990234375
"2774",2747.7099609375
"2775",2751.2900390625
"2776",2748.22998046875
"2777",2767.56005859375
"2778",2786.23999023438
"2779",2776.419921875
"2780",2802.56005859375
"2781",2798.03002929688
"2782",2810.30004882812
"2783",2832.96997070312
"2784",2839.1298828125
"2785",2837.5400390625
"2786",2839.25
"2787",2872.8701171875
"2788",2853.53002929688
"2789",2822.42993164062
"2790",2823.81005859375
"2791",2821.97998046875
"2792",2762.1298828125
"2793",2648.93994140625
"2794",2695.13989257812
"2795",2681.65991210938
"2796",2581
"2797",2619.55004882812
"2798",2656
"2799",2662.93994140625
"2800",2698.6298828125
"2801",2731.19995117188
"2802",2732.21997070312
"2803",2716.26000976562
"2804",2701.330078125
"2805",2703.9599609375
"2806",2747.30004882812
"2807",2779.60009765625
"2808",2744.28002929688
"2809",2713.830078125
"2810",2677.669921875
"2811",2691.25
"2812",2720.93994140625
"2813",2728.1201171875
"2814",2726.80004882812
"2815",2738.96997070312
"2816",2786.57006835938
"2817",2783.02001953125
"2818",2765.31005859375
"2819",2749.47998046875
"2820",2747.330078125
"2821",2752.01000976562
"2822",2712.919921875
"2823",2716.93994140625
"2824",2711.92993164062
"2825",2643.68994140625
"2826",2588.26000976562
"2827",2658.55004882812
"2828",2612.6201171875
"2829",2605
"2830",2640.8701171875
"2831",2581.8798828125
"2832",2614.44995117188
"2833",2644.68994140625
"2834",2662.84008789062
"2835",2604.46997070312
"2836",2613.15991210938
"2837",2656.8701171875
"2838",2642.18994140625
"2839",2663.98999023438
"2840",2656.30004882812
"2841",2677.84008789062
"2842",2706.38989257812
"2843",2708.63989257812
"2844",2693.1298828125
"2845",2670.13989257812
"2846",2670.2900390625
"2847",2634.56005859375
"2848",2639.39990234375
"2849",2666.93994140625
"2850",2669.90991210938
"2851",2648.05004882812
"2852",2654.80004882812
"2853",2635.669921875
"2854",2629.72998046875
"2855",2663.419921875
"2856",2672.6298828125
"2857",2671.919921875
"2858",2697.7900390625
"2859",2723.07006835938
"2860",2727.71997070312
"2861",2730.1298828125
"2862",2711.44995117188
"2863",2722.4599609375
"2864",2720.1298828125
"2865",2712.96997070312
"2866",2733.01000976562
"2867",2724.43994140625
"2868",2733.2900390625
"2869",2727.76000976562
"2870",2721.330078125
"2871",2689.86010742188
"2872",2724.01000976562
"2873",2705.27001953125
"2874",2734.6201171875
"2875",2746.8701171875
"2876",2748.80004882812
"2877",2772.35009765625
"2878",2770.3701171875
"2879",2779.03002929688
"2880",2782
"2881",2786.85009765625
"2882",2775.6298828125
"2883",2782.48999023438
"2884",2779.65991210938
"2885",2773.75
"2886",2762.59008789062
"2887",2767.32006835938
"2888",2749.76000976562
"2889",2754.8798828125
"2890",2717.07006835938
"2891",2723.06005859375
"2892",2699.6298828125
"2893",2716.31005859375
"2894",2718.3701171875
"2895",2726.7099609375
"2896",2713.21997070312
"2897",2736.61010742188
"2898",2759.82006835938
"2899",2784.169921875
"2900",2793.84008789062
"2901",2774.02001953125
"2902",2798.2900390625
"2903",2801.31005859375
"2904",2798.42993164062
"2905",2809.55004882812
"2906",2815.6201171875
"2907",2804.48999023438
"2908",2801.830078125
"2909",2806.97998046875
"2910",2820.39990234375
"2911",2846.07006835938
"2912",2837.43994140625
"2913",2818.82006835938
"2914",2802.60009765625
"2915",2816.2900390625
"2916",2813.36010742188
"2917",2827.21997070312
"2918",2840.35009765625
"2919",2850.39990234375
"2920",2858.44995117188
"2921",2857.69995117188
"2922",2853.580078125
"2923",2833.28002929688
"2924",2821.92993164062
"2925",2839.9599609375
"2926",2818.3701171875
"2927",2840.68994140625
"2928",2850.1298828125
"2929",2857.05004882812
"2930",2862.9599609375
"2931",2861.82006835938
"2932",2856.97998046875
"2933",2874.68994140625
"2934",2896.73999023438
"2935",2897.52001953125
"2936",2914.0400390625
"2937",2901.1298828125
"2938",2901.52001953125
"2939",2896.71997070312
"2940",2888.60009765625
"2941",2878.05004882812
"2942",2871.67993164062
"2943",2877.1298828125
"2944",2887.88989257812
"2945",2888.919921875
"2946",2904.17993164062
"2947",2904.97998046875
"2948",2888.80004882812
"2949",2904.31005859375
"2950",2907.94995117188
"2951",2930.75
"2952",2929.669921875
"2953",2919.3701171875
"2954",2915.56005859375
"2955",2905.96997070312
"2956",2914
"2957",2913.97998046875
"2958",2924.59008789062
"2959",2923.42993164062
"2960",2925.51000976562
"2961",2901.61010742188
"2962",2885.57006835938
"2963",2884.42993164062
"2964",2880.34008789062
"2965",2785.67993164062
"2966",2728.3701171875
"2967",2767.1298828125
"2968",2750.7900390625
"2969",2809.919921875
"2970",2809.2099609375
"2971",2768.78002929688
"2972",2767.78002929688
"2973",2755.8798828125
"2974",2740.68994140625
"2975",2656.10009765625
"2976",2705.57006835938
"2977",2658.68994140625
"2978",2641.25
"2979",2682.6298828125
"2980",2711.73999023438
"2981",2740.3701171875
"2982",2723.06005859375
"2983",2738.31005859375
"2984",2755.44995117188
"2985",2813.88989257812
"2986",2806.830078125
"2987",2781.01000976562
"2988",2726.21997070312
"2989",2722.17993164062
"2990",2701.580078125
"2991",2730.19995117188
"2992",2736.27001953125
"2993",2690.72998046875
"2994",2641.88989257812
"2995",2649.92993164062
"2996",2632.56005859375
"2997",2673.44995117188
"2998",2682.169921875
"2999",2743.7900390625
"3000",2737.80004882812
"3001",2760.169921875
"3002",2790.3701171875
"3003",2700.06005859375
"3004",2695.94995117188
"3005",2633.080078125
"3006",2637.71997070312
"3007",2636.78002929688
"3008",2651.07006835938
"3009",2650.5400390625
"3010",2599.94995117188
"3011",2545.93994140625
"3012",2546.15991210938
"3013",2506.9599609375
"3014",2467.419921875
"3015",2416.6201171875
"3016",2351.10009765625
"3017",2467.69995117188
"3018",2488.830078125
"3019",2485.73999023438
"3020",2506.85009765625
"3021",2510.03002929688
"3022",2447.88989257812
"3023",2531.93994140625
"3024",2549.68994140625
"3025",2574.40991210938
"3026",2584.9599609375
"3027",2596.63989257812
"3028",2596.26000976562
"3029",2582.61010742188
"3030",2610.30004882812
"3031",2616.10009765625
"3032",2635.9599609375
"3033",2670.7099609375
"3034",2632.89990234375
"3035",2638.69995117188
"3036",2642.330078125
"3037",2664.76000976562
"3038",2643.85009765625
"3039",2640
"3040",2681.05004882812
"3041",2704.10009765625
"3042",2706.53002929688
"3043",2724.8701171875
"3044",2737.69995117188
"3045",2731.61010742188
"3046",2706.05004882812
"3047",2707.8798828125
"3048",2709.80004882812
"3049",2744.72998046875
"3050",2753.03002929688
"3051",2745.72998046875
"3052",2775.60009765625
"3053",2779.76000976562
"3054",2784.69995117188
"3055",2774.8798828125
"3056",2792.669921875
"3057",2796.11010742188
"3058",2793.89990234375
"3059",2792.3798828125
"3060",2784.48999023438
"3061",2803.68994140625
"3062",2792.81005859375
"3063",2789.64990234375
"3064",2771.44995117188
"3065",2748.92993164062
"3066",2743.07006835938
"3067",2783.30004882812
"3068",2791.52001953125
"3069",2810.919921875
"3070",2808.47998046875
"3071",2822.47998046875
"3072",2832.93994140625
"3073",2832.57006835938
"3074",2824.22998046875
"3075",2854.8798828125
"3076",2800.7099609375
"3077",2798.36010742188
"3078",2818.4599609375
"3079",2805.3701171875
"3080",2815.43994140625
"3081",2834.39990234375
"3082",2867.18994140625
"3083",2867.23999023438
"3084",2873.39990234375
"3085",2879.38989257812
"3086",2892.73999023438
"3087",2895.77001953125
"3088",2878.19995117188
"3089",2888.2099609375
"3090",2888.32006835938
"3091",2907.40991210938
"3092",2905.580078125
"3093",2907.06005859375
"3094",2900.44995117188
"3095",2905.03002929688
"3096",2907.96997070312
"3097",2933.67993164062
"3098",2927.25
"3099",2926.169921875
"3100",2939.8798828125
"3101",2943.03002929688
"3102",2945.830078125
"3103",2923.72998046875
"3104",2917.52001953125
"3105",2945.63989257812
"3106",2932.46997070312
"3107",2884.05004882812
"3108",2879.419921875
"3109",2870.71997070312
"3110",2881.39990234375
"3111",2811.8701171875
"3112",2834.40991210938
"3113",2850.9599609375
"3114",2876.32006835938
"3115",2859.53002929688
"3116",2840.22998046875
"3117",2864.36010742188
"3118",2856.27001953125
"3119",2822.23999023438
"3120",2826.06005859375
"3121",2802.38989257812
"3122",2783.02001953125
"3123",2788.86010742188
"3124",2752.06005859375
"3125",2744.44995117188
"3126",2803.27001953125
"3127",2826.14990234375
"3128",2843.48999023438
"3129",2873.34008789062
"3130",2886.72998046875
"3131",2885.71997070312
"3132",2879.84008789062
"3133",2891.63989257812
"3134",2886.97998046875
"3135",2889.669921875
"3136",2917.75
"3137",2926.4599609375
"3138",2954.17993164062
"3139",2950.4599609375
"3140",2945.35009765625
"3141",2917.3798828125
"3142",2913.78002929688
"3143",2924.919921875
"3144",2941.76000976562
"3145",2964.330078125
"3146",2973.01000976562
"3147",2995.82006835938
"3148",2990.40991210938
"3149",2975.94995117188
"3150",2979.6298828125
"3151",2993.07006835938
"3152",2999.90991210938
"3153",3013.77001953125
"3154",3014.30004882812
"3155",3004.0400390625
"3156",2984.419921875
"3157",2995.11010742188
"3158",2976.61010742188
"3159",2985.03002929688
"3160",3005.46997070312
"3161",3019.56005859375
"3162",3003.669921875
"3163",3025.86010742188
"3164",3020.96997070312
"3165",3013.17993164062
"3166",2980.3798828125
"3167",2953.56005859375
"3168",2932.05004882812
"3169",2844.73999023438
"3170",2881.77001953125
"3171",2883.97998046875
"3172",2938.09008789062
"3173",2918.64990234375
"3174",2882.69995117188
"3175",2926.32006835938
"3176",2840.60009765625
"3177",2847.60009765625
"3178",2888.67993164062
"3179",2923.64990234375
"3180",2900.51000976562
"3181",2924.42993164062
"3182",2922.94995117188
"3183",2847.11010742188
"3184",2878.3798828125
"3185",2869.15991210938
"3186",2887.93994140625
"3187",2924.580078125
"3188",2926.4599609375
"3189",2906.27001953125
"3190",2937.78002929688
"3191",2976
"3192",2978.7099609375
"3193",2978.42993164062
"3194",2979.38989257812
"3195",3000.92993164062
"3196",3009.57006835938
"3197",3007.38989257812
"3198",2997.9599609375
"3199",3005.69995117188
"3200",3006.72998046875
"3201",3006.7900390625
"3202",2992.07006835938
"3203",2991.78002929688
"3204",2966.60009765625
"3205",2984.8701171875
"3206",2977.6201171875
"3207",2961.7900390625
"3208",2976.73999023438
"3209",2940.25
"3210",2887.61010742188
"3211",2910.6298828125
"3212",2952.01000976562
"3213",2938.7900390625
"3214",2893.06005859375
"3215",2919.39990234375
"3216",2938.1298828125
"3217",2970.27001953125
"3218",2966.14990234375
"3219",2995.67993164062
"3220",2989.68994140625
"3221",2997.94995117188
"3222",2986.19995117188
"3223",3006.71997070312
"3224",2995.98999023438
"3225",3004.52001953125
"3226",3010.2900390625
"3227",3022.55004882812
"3228",3039.419921875
"3229",3036.88989257812
"3230",3046.77001953125
"3231",3037.56005859375
"3232",3066.90991210938
"3233",3078.27001953125
"3234",3074.6201171875
"3235",3076.78002929688
"3236",3085.17993164062
"3237",3093.080078125
"3238",3087.01000976562
"3239",3091.84008789062
"3240",3094.0400390625
"3241",3096.6298828125
"3242",3120.4599609375
"3243",3122.03002929688
"3244",3120.17993164062
"3245",3108.4599609375
"3246",3103.5400390625
"3247",3110.2900390625
"3248",3133.63989257812
"3249",3140.52001953125
"3250",3153.6298828125
"3251",3140.97998046875
"3252",3113.8701171875
"3253",3093.19995117188
"3254",3112.76000976562
"3255",3117.42993164062
"3256",3145.90991210938
"3257",3135.9599609375
"3258",3132.52001953125
"3259",3141.6298828125
"3260",3168.57006835938
"3261",3168.80004882812
"3262",3191.44995117188
"3263",3192.52001953125
"3264",3191.13989257812
"3265",3205.3701171875
"3266",3221.21997070312
"3267",3224.01000976562
"3268",3223.3798828125
"3269",3239.90991210938
"3270",3240.02001953125
"3271",3221.2900390625
"3272",3230.78002929688
"3273",3257.85009765625
"3274",3234.85009765625
"3275",3246.28002929688
"3276",3237.17993164062
"3277",3253.05004882812
"3278",3274.69995117188
"3279",3265.35009765625
"3280",3288.1298828125
"3281",3283.14990234375
"3282",3289.2900390625
"3283",3316.81005859375
"3284",3329.6201171875
"3285",3320.7900390625
"3286",3321.75
"3287",3325.5400390625
"3288",3295.46997070312
"3289",3243.6298828125
"3290",3276.23999023438
"3291",3273.39990234375
"3292",3283.65991210938
"3293",3225.52001953125
"3294",3248.919921875
"3295",3297.59008789062
"3296",3334.68994140625
"3297",3345.78002929688
"3298",3327.7099609375
"3299",3352.09008789062
"3300",3357.75
"3301",3379.44995117188
"3302",3373.93994140625
"3303",3380.15991210938
"3304",3370.2900390625
"3305",3386.14990234375
"3306",3373.22998046875
"3307",3337.75
"3308",3225.88989257812
"3309",3128.2099609375
"3310",3116.38989257812
"3311",2978.76000976562
"3312",2954.21997070312
"3313",3090.22998046875
"3314",3003.3701171875
"3315",3130.1201171875
"3316",3023.93994140625
"3317",2972.3701171875
"3318",2746.56005859375
"3319",2882.22998046875
"3320",2741.3798828125
"3321",2480.63989257812
"3322",2711.02001953125
"3323",2386.1298828125
"3324",2529.18994140625
"3325",2398.10009765625
"3326",2409.38989257812
"3327",2304.919921875
"3328",2237.39990234375
"3329",2447.330078125
"3330",2475.56005859375
"3331",2630.07006835938
"3332",2541.46997070312
"3333",2626.64990234375
"3334",2584.59008789062
"3335",2470.5
"3336",2526.89990234375
"3337",2488.64990234375
"3338",2663.67993164062
"3339",2659.40991210938
"3340",2749.97998046875
"3341",2789.82006835938
"3342",2761.6298828125
"3343",2846.06005859375
"3344",2783.36010742188
"3345",2799.55004882812
"3346",2874.56005859375
"3347",2823.15991210938
"3348",2736.56005859375
"3349",2799.31005859375
"3350",2797.80004882812
"3351",2836.73999023438
"3352",2878.47998046875
"3353",2863.38989257812
"3354",2939.51000976562
"3355",2912.42993164062
"3356",2830.7099609375
"3357",2842.73999023438
"3358",2868.43994140625
"3359",2848.419921875
"3360",2881.18994140625
"3361",2929.80004882812
"3362",2930.18994140625
"3363",2870.1201171875
"3364",2820
"3365",2852.5
"3366",2863.69995117188
"3367",2953.90991210938
"3368",2922.93994140625
"3369",2971.61010742188
"3370",2948.51000976562
"3371",2955.44995117188
"3372",2991.77001953125
"3373",3036.1298828125
"3374",3029.72998046875
"3375",3044.31005859375
"3376",3055.72998046875
"3377",3080.82006835938
"3378",3122.8701171875
"3379",3112.35009765625
"3380",3193.92993164062
"3381",3232.38989257812
"3382",3207.17993164062
"3383",3190.13989257812
"3384",3002.10009765625
"3385",3041.31005859375
"3386",3066.59008789062
"3387",3124.73999023438
"3388",3113.48999023438
"3389",3115.34008789062
"3390",3097.73999023438
"3391",3117.86010742188
"3392",3131.2900390625
"3393",3050.330078125
"3394",3083.76000976562
"3395",3009.05004882812
"3396",3053.23999023438
"3397",3100.2900390625
"3398",3115.86010742188
"3399",3130.01000976562
"3400",3179.71997070312
"3401",3145.32006835938
"3402",3169.93994140625
"3403",3152.05004882812
"3404",3185.0400390625
"3405",3155.21997070312
"3406",3197.52001953125
"3407",3226.56005859375
"3408",3215.57006835938
"3409",3224.72998046875
"3410",3251.84008789062
"3411",3257.30004882812
"3412",3276.02001953125
"3413",3235.65991210938
"3414",3215.6298828125
"3415",3239.40991210938
"3416",3218.43994140625
"3417",3258.43994140625
"3418",3246.21997070312
"3419",3271.1201171875
"3420",3294.61010742188
"3421",3306.51000976562
"3422",3327.77001953125
"3423",3349.15991210938
"3424",3351.28002929688
"3425",3360.46997070312
"3426",3333.68994140625
"3427",3380.35009765625
"3428",3373.42993164062
"3429",3372.85009765625
"3430",3381.98999023438
"3431",3389.78002929688
"3432",3374.85009765625
"3433",3385.51000976562
"3434",3397.15991210938
"3435",3431.28002929688
"3436",3443.6201171875
"3437",3478.72998046875
"3438",3484.55004882812
"3439",3508.01000976562
"3440",3500.31005859375
"3441",3526.64990234375
"3442",3580.84008789062
"3443",3455.06005859375
"3444",3426.9599609375
"3445",3331.84008789062
"3446",3398.9599609375
"3447",3339.18994140625
"3448",3340.96997070312
"3449",3383.5400390625
"3450",3401.19995117188
"3451",3385.48999023438
"3452",3357.01000976562
"3453",3319.46997070312
"3454",3281.06005859375
"3455",3315.57006835938
"3456",3236.919921875
"3457",3246.59008789062
"3458",3298.4599609375
"3459",3351.60009765625
"3460",3335.46997070312
"3461",3363
"3462",3380.80004882812
"3463",3348.419921875
"3464",3408.60009765625
"3465",3360.96997070312
"3466",3419.43994140625
"3467",3446.830078125
"3468",3477.13989257812
"3469",3534.21997070312
"3470",3511.92993164062
"3471",3488.669921875
"3472",3483.34008789062
"3473",3483.81005859375
"3474",3426.919921875
"3475",3443.1201171875
"3476",3435.56005859375
"3477",3453.48999023438
"3478",3465.38989257812
"3479",3400.96997070312
"3480",3390.67993164062
"3481",3271.03002929688
"3482",3310.11010742188
"3483",3269.9599609375
"3484",3310.23999023438
"3485",3369.15991210938
"3486",3443.43994140625
"3487",3510.44995117188
"3488",3509.43994140625
"3489",3550.5
"3490",3545.53002929688
"3491",3572.65991210938
"3492",3537.01000976562
"3493",3585.14990234375
"3494",3626.90991210938
"3495",3609.53002929688
"3496",3567.7900390625
"3497",3581.8701171875
"3498",3557.5400390625
"3499",3577.59008789062
"3500",3635.40991210938
"3501",3629.64990234375
"3502",3638.35009765625
"3503",3621.6298828125
"3504",3662.44995117188
"3505",3669.01000976562
"3506",3666.71997070312
"3507",3699.1201171875
"3508",3691.9599609375
"3509",3702.25
"3510",3672.82006835938
"3511",3668.10009765625
"3512",3663.4599609375
"3513",3647.48999023438
"3514",3694.6201171875
"3515",3701.169921875
"3516",3722.47998046875
"3517",3709.40991210938
"3518",3694.919921875
"3519",3687.26000976562
"3520",3690.01000976562
"3521",3703.06005859375
"3522",3735.36010742188
"3523",3727.0400390625
"3524",3732.0400390625
"3525",3756.07006835938
"3526",3700.64990234375
"3527",3726.86010742188
"3528",3748.13989257812
"3529",3803.7900390625
"3530",3824.67993164062
"3531",3799.61010742188
"3532",3801.18994140625
"3533",3809.84008789062
"3534",3795.5400390625
"3535",3768.25
"3536",3798.90991210938
"3537",3851.85009765625
"3538",3853.07006835938
"3539",3841.46997070312
"3540",3855.36010742188
"3541",3849.6201171875
"3542",3750.77001953125
"3543",3787.3798828125
"3544",3714.23999023438
"3545",3773.86010742188
"3546",3826.31005859375
"3547",3830.169921875
"3548",3871.73999023438
"3549",3886.830078125
"3550",3915.59008789062
"3551",3911.22998046875
"3552",3909.8798828125
"3553",3916.3798828125
"3554",3934.830078125
"3555",3932.59008789062
"3556",3931.330078125
"3557",3913.96997070312
"3558",3906.7099609375
"3559",3876.5
"3560",3881.3701171875
"3561",3925.42993164062
"3562",3829.34008789062
"3563",3811.14990234375
"3564",3901.82006835938
"3565",3870.2900390625
"3566",3819.71997070312
"3567",3768.46997070312
"3568",3841.93994140625
"3569",3821.35009765625
"3570",3875.43994140625
"3571",3898.81005859375
"3572",3939.34008789062
"3573",3943.34008789062
"3574",3968.93994140625
"3575",3962.7099609375
"3576",3974.1201171875
"3577",3915.4599609375
"3578",3913.10009765625
"3579",3940.59008789062
"3580",3910.52001953125
"3581",3889.13989257812
"3582",3909.52001953125
"3583",3974.5400390625
"3584",3971.09008789062
"3585",3958.55004882812
"3586",3972.88989257812
"3587",4019.8701171875
"3588",4077.90991210938
"3589",4073.93994140625
"3590",4079.94995117188
"3591",4097.169921875
"3592",4128.7998046875
"3593",4127.990234375
"3594",4141.58984375
"3595",4124.66015625
"3596",4170.419921875
"3597",4185.47021484375
"3598",4163.259765625
"3599",4134.93994140625
"3600",4173.419921875
"3601",4134.97998046875
"3602",4180.169921875
"3603",4187.6201171875
"3604",4186.72021484375
"3605",4183.18017578125
"3606",4211.47021484375
"3607",4181.169921875
"3608",4192.66015625
"3609",4164.66015625
"3610",4167.58984375
"3611",4201.6201171875
"3612",4232.60009765625
"3613",4188.43017578125
"3614",4152.10009765625
"3615",4063.0400390625
"3616",4112.5
"3617",4173.85009765625
"3618",4163.2900390625
"3619",4127.830078125
"3620",4115.68017578125
"3621",4159.1201171875
"3622",4155.85986328125
"3623",4197.0498046875
"3624",4188.1298828125
"3625",4195.990234375
"3626",4200.8798828125
"3627",4204.10986328125
"3628",4202.0400390625
"3629",4208.1201171875
"3630",4192.85009765625
"3631",4229.89013671875
"3632",4226.52001953125
"3633",4227.259765625
"3634",4219.5498046875
"3635",4239.18017578125
"3636",4247.43994140625
"3637",4255.14990234375
"3638",4246.58984375
"3639",4223.7001953125
"3640",4221.85986328125
"3641",4166.4501953125
"3642",4224.7900390625
"3643",4246.43994140625
"3644",4241.83984375
"3645",4266.490234375
"3646",4280.7001953125
"3647",4290.60986328125
"3648",4291.7998046875
"3649",4297.5
"3650",4319.93994140625
"3651",4352.33984375
"3652",4343.5400390625
"3653",4358.1298828125
"3654",4320.81982421875
"3655",4369.5498046875
"3656",4384.6298828125
"3657",4369.2099609375
"3658",4374.2998046875
"3659",4360.02978515625
"3660",4327.16015625
"3661",4258.490234375
"3662",4323.06005859375
"3663",4358.68994140625
"3664",4367.47998046875
"3665",4411.7900390625
"3666",4422.2998046875
"3667",4401.4599609375
"3668",4400.64013671875
"3669",4419.14990234375
"3670",4395.259765625
"3671",4387.16015625
"3672",4423.14990234375
"3673",4402.66015625
"3674",4429.10009765625
"3675",4436.52001953125
"3676",4432.35009765625
"3677",4436.75
"3678",4442.41015625
"3679",4460.830078125
"3680",4468
"3681",4479.7099609375
"3682",4448.080078125
"3683",4400.27001953125
"3684",4405.7998046875
"3685",4441.669921875
"3686",4479.52978515625
"3687",4486.22998046875
"3688",4496.18994140625
"3689",4470
"3690",4509.3701171875
"3691",4528.7900390625
"3692",4522.68017578125
"3693",4524.08984375
"3694",4536.9501953125
"3695",4535.43017578125
"3696",4520.02978515625
"3697",4514.06982421875
"3698",4493.27978515625
"3699",4458.580078125
"3700",4468.72998046875
"3701",4443.0498046875
"3702",4480.7001953125
"3703",4473.75
"3704",4432.990234375
"3705",4357.72998046875
"3706",4354.18994140625
"3707",4395.64013671875
"3708",4448.97998046875
"3709",4455.47998046875
"3710",4443.10986328125
"3711",4352.6298828125
"3712",4359.4599609375
"3713",4307.5400390625
"3714",4357.0400390625
"3715",4300.4599609375
"3716",4345.72021484375
"3717",4363.5498046875
"3718",4399.759765625
"3719",4391.33984375
"3720",4361.18994140625
"3721",4350.64990234375
"3722",4363.7998046875
"3723",4438.259765625
"3724",4471.3701171875
"3725",4486.4599609375
"3726",4519.6298828125
"3727",4536.18994140625
"3728",4549.77978515625
"3729",4544.89990234375
"3730",4566.47998046875
"3731",4574.7900390625
"3732",4551.68017578125
"3733",4596.419921875
"3734",4605.3798828125
"3735",4613.669921875
"3736",4630.64990234375
"3737",4660.56982421875
"3738",4680.06005859375
"3739",4697.52978515625
"3740",4701.7001953125
"3741",4685.25
"3742",4646.7099609375
"3743",4649.27001953125
"3744",4682.85009765625
"3745",4682.7998046875
"3746",4700.89990234375
"3747",4688.669921875
"3748",4704.5400390625
"3749",4697.9599609375
"3750",4682.93994140625
"3751",4690.7001953125
"3752",4701.4599609375
"3753",4594.6201171875
"3754",4655.27001953125
"3755",4567
"3756",4513.0400390625
"3757",4577.10009765625
"3758",4538.43017578125
"3759",4591.669921875
"3760",4686.75
"3761",4701.2099609375
"3762",4667.4501953125
"3763",4712.02001953125
"3764",4668.97021484375
"3765",4634.08984375
"3766",4709.85009765625
"3767",4668.669921875
"3768",4620.64013671875
"3769",4568.02001953125
"3770",4649.22998046875
"3771",4696.56005859375
"3772",4725.7900390625
"3773",4791.18994140625
"3774",4786.35009765625
"3775",4793.06005859375
"3776",4778.72998046875
"3777",4766.18017578125
"3778",4796.56005859375
"3779",4793.5400390625
"3780",4700.580078125
"3781",4696.0498046875
"3782",4677.02978515625
"3783",4670.2900390625
"3784",4713.06982421875
"3785",4726.35009765625
"3786",4659.02978515625
"3787",4662.85009765625
"3788",4577.10986328125
"3789",4532.759765625
"3790",4482.72998046875
"3791",4397.93994140625
"3792",4410.1298828125
"3793",4356.4501953125
"3794",4349.93017578125
"3795",4326.509765625
"3796",4431.85009765625
"3797",4515.5498046875
"3798",4546.5400390625
"3799",4589.3798828125
"3800",4477.43994140625
"3801",4500.52978515625
"3802",4483.8701171875
"3803",4521.5400390625
"3804",4587.18017578125
"3805",4504.080078125
"3806",4418.64013671875
"3807",4401.669921875
"3808",4471.06982421875
"3809",4475.009765625
"3810",4380.259765625
"3811",4348.8701171875
"3812",4304.759765625
"3813",4225.5
"3814",4288.7001953125
"3815",4384.64990234375
"3816",4373.93994140625
"3817",4306.259765625
"3818",4386.5400390625
"3819",4363.490234375
"3820",4328.8701171875
"3821",4201.08984375
"3822",4170.7001953125
"3823",4277.8798828125
"3824",4259.52001953125
"3825",4204.31005859375
"3826",4173.10986328125
"3827",4262.4501953125
"3828",4357.85986328125
"3829",4411.669921875
"3830",4463.1201171875
"3831",4461.18017578125
"3832",4511.60986328125
"3833",4456.240234375
"3834",4520.16015625
"3835",4543.06005859375
"3836",4575.52001953125
"3837",4631.60009765625
"3838",4602.4501953125
"3839",4530.41015625
"3840",4545.85986328125
"3841",4582.64013671875
"3842",4525.1201171875
"3843",4481.14990234375
"3844",4500.2099609375
"3845",4488.27978515625
"3846",4412.52978515625
"3847",4397.4501953125
"3848",4446.58984375
"3849",4392.58984375
"3850",4391.68994140625
"3851",4462.2099609375
"3852",4459.4501953125
"3853",4393.66015625
"3854",4271.77978515625
"3855",4296.1201171875
"3856",4175.2001953125
"3857",4183.9599609375
"3858",4287.5
"3859",4131.93017578125
"3860",4155.3798828125
"3861",4175.47998046875
"3862",4300.169921875
"3863",4146.8701171875
"3864",4123.33984375
"3865",3991.23999023438
"3866",4001.05004882812
"3867",3935.17993164062
"3868",3930.080078125
"3869",4023.88989257812
"3870",4008.01000976562
"3871",4088.85009765625
"3872",3923.67993164062
"3873",3900.7900390625
"3874",3901.36010742188
"3875",3973.75
"3876",3941.47998046875
"3877",3978.72998046875
"3878",4057.84008789062
"3879",4158.240234375
"3880",4132.14990234375
"3881",4101.22998046875
"3882",4176.81982421875
"3883",4108.5400390625
"3884",4121.43017578125
"3885",4160.68017578125
"3886",4115.77001953125
"3887",4017.82006835938
"3888",3900.86010742188
"3889",3749.6298828125
"3890",3735.47998046875
"3891",3789.98999023438
"3892",3666.77001953125
"3893",3674.84008789062
"3894",3764.7900390625
"3895",3759.88989257812
"3896",3795.72998046875
"3897",3911.73999023438
"3898",3900.11010742188
"3899",3821.55004882812
"3900",3818.830078125
"3901",3785.3798828125
"3902",3825.330078125
"3903",3831.38989257812
"3904",3845.080078125
"3905",3902.6201171875
"3906",3899.3798828125
"3907",3854.42993164062
"3908",3818.80004882812
"3909",3801.78002929688
"3910",3790.3798828125
"3911",3863.15991210938
"3912",3830.85009765625
"3913",3936.68994140625
"3914",3959.89990234375
"3915",3998.94995117188
"3916",3961.6298828125
"3917",3966.84008789062
"3918",3921.05004882812
"3919",4023.61010742188
"3920",4072.42993164062
"3921",4130.2900390625
"3922",4118.6298828125
"3923",4091.18994140625
"3924",4155.169921875
"3925",4151.93994140625
"3926",4145.18994140625
"3927",4140.06005859375
"3928",4122.47021484375
"3929",4210.240234375
"3930",4207.27001953125
"3931",4280.14990234375
"3932",4297.14013671875
"3933",4305.2001953125
"3934",4274.0400390625
"3935",4283.740234375
"3936",4228.47998046875
"3937",4137.990234375
"3938",4128.72998046875
"3939",4140.77001953125
"3940",4199.1201171875
"3941",4057.65991210938
"3942",4030.61010742188
"3943",3986.15991210938
"3944",3955
"3945",3966.85009765625
"3946",3924.26000976562
"3947",3908.18994140625
"3948",3979.8701171875
"3949",4006.17993164062
"3950",4067.36010742188
"3951",4110.41015625
"3952",3932.68994140625
"3953",3946.01000976562
"3954",3901.35009765625
"3955",3873.330078125
"3956",3899.88989257812
"3957",3855.92993164062
"3958",3789.92993164062
"3959",3757.98999023438
"3960",3693.22998046875
"3961",3655.0400390625
"3962",3647.2900390625
"3963",3719.0400390625
"3964",3640.46997070312
"3965",3585.6201171875
"3966",3678.42993164062
"3967",3790.92993164062
"3968",3783.28002929688
"3969",3744.52001953125
"3970",3639.65991210938
"3971",3612.38989257812
"3972",3588.84008789062
"3973",3577.03002929688
"3974",3669.90991210938
"3975",3583.07006835938
"3976",3677.94995117188
"3977",3719.97998046875
"3978",3695.15991210938
"3979",3665.78002929688
"3980",3752.75
"3981",3797.34008789062
"3982",3859.11010742188
"3983",3830.60009765625
"3984",3807.30004882812
"3985",3901.06005859375
"3986",3871.97998046875
"3987",3856.10009765625
"3988",3759.68994140625
"3989",3719.88989257812
"3990",3770.55004882812
"3991",3806.80004882812
"3992",3828.11010742188
"3993",3748.57006835938
"3994",3956.3701171875
"3995",3992.92993164062
"3996",3957.25
"3997",3991.72998046875
"3998",3958.7900390625
"3999",3946.56005859375
"4000",3965.34008789062
"4001",3949.93994140625
"4002",4003.580078125
"4003",4027.26000976562
"4004",4026.1201171875
"4005",3963.93994140625
"4006",3957.6298828125
"4007",4080.11010742188
"4008",4076.57006835938
"4009",4071.69995117188
"4010",3998.84008789062
"4011",3941.26000976562
"4012",3933.919921875
"4013",3963.51000976562
"4014",3934.3798828125
"4015",3990.56005859375
"4016",4019.64990234375
"4017",3995.32006835938
"4018",3895.75
"4019",3852.36010742188
"4020",3817.65991210938
"4021",3821.6201171875
"4022",3878.43994140625
"4023",3822.38989257812
"4024",3844.82006835938
"4025",3829.25
"4026",3783.21997070312
"4027",3849.28002929688
"4028",3839.5
"4029",3824.13989257812
"4030",3852.96997070312
"4031",3808.10009765625
"4032",3895.080078125
"4033",3892.09008789062
"4034",3919.25
"4035",3969.61010742188
"4036",3983.169921875
"4037",3999.09008789062
"4038",3990.96997070312
"4039",3928.86010742188
"4040",3898.85009765625
"4041",3972.61010742188
"4042",4019.81005859375
"4043",4016.94995117188
"4044",4016.21997070312
"4045",4060.42993164062
"4046",4070.56005859375
"4047",4017.77001953125
"4048",4076.60009765625
"4049",4119.2099609375
"4050",4179.759765625
"4051",4136.47998046875
"4052",4111.080078125
"4053",4164
"4054",4117.85986328125
"4055",4081.5
"4056",4090.4599609375
"4057",4137.2900390625
"4058",4136.1298828125
"4059",4147.60009765625
"4060",4090.40991210938
"4061",4079.09008789062
"4062",3997.34008789062
"4063",3991.05004882812
"4064",4012.32006835938
"4065",3970.0400390625
"4066",3982.23999023438
"4067",3970.14990234375
"4068",3951.38989257812
"4069",3981.35009765625
"4070",4045.63989257812
"4071",4048.419921875
"4072",3986.3701171875
"4073",3992.01000976562
"4074",3918.32006835938
"4075",3861.59008789062
"4076",3855.76000976562
"4077",3919.2900390625
"4078",3891.92993164062
"4079",3960.28002929688
"4080",3916.63989257812
"4081",3951.57006835938
"4082",4002.8701171875
"4083",3936.96997070312
"4084",3948.71997070312
"4085",3970.98999023438
"4086",3977.53002929688
"4087",3971.27001953125
"4088",4027.81005859375
"4089",4050.830078125
"4090",4109.31005859375
"4091",4124.509765625
"4092",4100.60009765625
"4093",4090.3798828125
"4094",4105.02001953125
"4095",4109.10986328125
"4096",4108.93994140625
"4097",4091.94995117188
"4098",4146.22021484375
"4099",4137.64013671875
"4100",4151.31982421875
"4101",4154.8701171875
"4102",4154.52001953125
"4103",4129.7900390625
"4104",4133.52001953125
"4105",4137.0400390625
"4106",4071.6298828125
"4107",4055.98999023438
"4108",4135.35009765625
"4109",4169.47998046875
"4110",4167.8701171875
"4111",4119.580078125
"4112",4090.75
"4113",4061.21997070312
"4114",4136.25
"4115",4138.1201171875
"4116",4119.169921875
"4117",4137.64013671875
"4118",4130.6201171875
"4119",4124.080078125
"4120",4136.27978515625
"4121",4109.89990234375
"4122",4158.77001953125
"4123",4198.0498046875
"4124",4191.97998046875
"4125",4192.6298828125
"4126",4145.580078125
"4127",4115.240234375
"4128",4151.27978515625
"4129",4205.4501953125
"4130",4205.52001953125
"4131",4179.830078125
"4132",4221.02001953125
"4133",4282.3701171875
"4134",4273.7900390625
"4135",4283.85009765625
"4136",4267.52001953125
"4137",4293.93017578125
"4138",4298.85986328125
"4139",4338.93017578125
"4140",4369.009765625
"4141",4372.58984375
"4142",4425.83984375
"4143",4409.58984375
"4144",4388.7099609375
"4145",4365.68994140625
"4146",4381.89013671875
"4147",4348.330078125
"4148",4328.81982421875
"4149",4378.41015625
"4150",4376.85986328125
"4151",4396.43994140625
"4152",4450.3798828125
"4153",4455.58984375
"4154",4446.81982421875
"4155",4411.58984375
"4156",4398.9501953125
"4157",4409.52978515625
"4158",4439.259765625
"4159",4472.16015625
"4160",4510.0400390625
"4161",4505.419921875
"4162",4522.7900390625
"4163",4554.97998046875
"4164",4565.72021484375
"4165",4534.8701171875
"4166",4536.33984375
"4167",4554.64013671875
"4168",4567.4599609375
"4169",4566.75
"4170",4537.41015625
"4171",4582.22998046875
"4172",4588.9599609375
"4173",4576.72998046875
"4174",4513.39013671875
"4175",4501.89013671875
"4176",4478.02978515625
"4177",4518.43994140625
"4178",4499.3798828125
"4179",4467.7099609375
"4180",4468.830078125
"4181",4464.0498046875
"4182",4489.72021484375
"4183",4437.85986328125
"4184",4404.330078125
"4185",4370.35986328125
"4186",4369.7099609375
"4187",4399.77001953125
"4188",4387.5498046875
"4189",4436.009765625
"4190",4376.31005859375
"4191",4405.7099609375
"4192",4433.31005859375
"4193",4497.6298828125
"4194",4514.8701171875
"4195",4507.66015625
"4196",4515.77001953125
"4197",4496.830078125
"4198",4465.47998046875
"4199",4451.14013671875
"4200",4457.490234375
"4201",4487.4599609375
"4202",4461.89990234375
"4203",4467.43994140625
"4204",4505.10009765625
"4205",4450.31982421875
"4206",4453.52978515625
"4207",4443.9501953125
"4208",4402.2001953125
"4209",4330
"4210",4320.06005859375
"4211",4337.43994140625
"4212",4273.52978515625
"4213",4274.509765625
"4214",4299.7001953125
"4215",4288.0498046875
"4216",4288.39013671875
"4217",4229.4501953125
"4218",4263.75
"4219",4258.18994140625
"4220",4308.5
"4221",4335.66015625
"4222",4358.240234375
"4223",4376.9501953125
"4224",4349.60986328125
"4225",4327.77978515625
"4226",4373.6298828125
"4227",4373.2001953125
"4228",4314.60009765625
"4229",4278
"4230",4224.16015625
"4231",4217.0400390625
"4232",4247.68017578125
"4233",4186.77001953125
"4234",4137.22998046875
"4235",4117.3701171875
"4236",4166.81982421875
"4237",4193.7998046875
"4238",4237.85986328125
"4239",4317.77978515625
"4240",4358.33984375
"4241",4365.97998046875
"4242",4378.3798828125
"4243",4382.77978515625
"4244",4347.35009765625
"4245",4415.240234375
"4246",4411.5498046875
"4247",4495.7001953125
"4248",4502.8798828125
"4249",4508.240234375
"4250",4514.02001953125
"4251",4547.3798828125
"4252",4538.18994140625
"4253",4556.6201171875
"4254",4559.33984375
"4255",4550.43017578125
"4256",4554.89013671875
"4257",4550.580078125
"4258",4567.7998046875
"4259",4594.6298828125
"4260",4569.77978515625
"4261",4567.18017578125
"4262",4549.33984375
"4263",4585.58984375
"4264",4604.3701171875
"4265",4622.43994140625
"4266",4643.7001953125
"4267",4707.08984375
"4268",4719.5498046875
"4269",4719.18994140625
"4270",4740.56005859375
"4271",4768.3701171875
"4272",4698.35009765625
"4273",4746.75
"4274",4754.6298828125
"4275",4774.75
"4276",4781.580078125
"4277",4783.35009765625
"4278",4769.830078125
"4279",4742.830078125
"4280",4704.81005859375
"4281",4688.68017578125
"4282",4697.240234375
"4283",4763.5400390625
"4284",4756.5
