"","IXIC.Adjusted"
"1",2423.15991210938
"2",2453.42993164062
"3",2434.25
"4",2438.19995117188
"5",2443.830078125
"6",2459.330078125
"7",2484.85009765625
"8",2502.82006835938
"9",2497.78002929688
"10",2479.419921875
"11",2443.2099609375
"12",2451.31005859375
"13",2431.07006835938
"14",2431.40991210938
"15",2466.28002929688
"16",2434.23999023438
"17",2435.48999023438
"18",2441.09008789062
"19",2448.63989257812
"20",2463.92993164062
"21",2468.3798828125
"22",2475.8798828125
"23",2470.60009765625
"24",2471.48999023438
"25",2490.5
"26",2488.669921875
"27",2459.82006835938
"28",2450.3798828125
"29",2459.8798828125
"30",2488.3798828125
"31",2497.10009765625
"32",2496.31005859375
"33",2513.0400390625
"34",2518.419921875
"35",2524.93994140625
"36",2515.10009765625
"37",2504.52001953125
"38",2407.86010742188
"39",2416.14990234375
"40",2404.2099609375
"41",2368
"42",2340.67993164062
"43",2385.13989257812
"44",2374.63989257812
"45",2387.72998046875
"46",2387.55004882812
"47",2402.2900390625
"48",2350.57006835938
"49",2371.73999023438
"50",2378.69995117188
"51",2372.65991210938
"52",2394.40991210938
"53",2408.2099609375
"54",2455.919921875
"55",2451.73999023438
"56",2448.92993164062
"57",2455.6298828125
"58",2437.42993164062
"59",2417.10009765625
"60",2417.8798828125
"61",2421.63989257812
"62",2422.26000976562
"63",2450.330078125
"64",2458.68994140625
"65",2471.34008789062
"66",2469.17993164062
"67",2477.61010742188
"68",2459.31005859375
"69",2480.32006835938
"70",2491.93994140625
"71",2518.330078125
"72",2516.94995117188
"73",2510.5
"74",2505.35009765625
"75",2526.38989257812
"76",2523.669921875
"77",2524.5400390625
"78",2547.88989257812
"79",2554.4599609375
"80",2557.2099609375
"81",2525.09008789062
"82",2531.53002929688
"83",2557.84008789062
"84",2565.4599609375
"85",2572.14990234375
"86",2570.94995117188
"87",2571.75
"88",2576.34008789062
"89",2533.73999023438
"90",2562.21997070312
"91",2546.43994140625
"92",2525.2900390625
"93",2547.419921875
"94",2539.3798828125
"95",2558.44995117188
"96",2578.7900390625
"97",2588.02001953125
"98",2577.05004882812
"99",2537.919921875
"100",2557.18994140625
"101",2572.06005859375
"102",2592.59008789062
"103",2604.52001953125
"104",2613.919921875
"105",2618.2900390625
"106",2611.22998046875
"107",2587.17993164062
"108",2541.3798828125
"109",2573.5400390625
"110",2572.14990234375
"111",2549.77001953125
"112",2582.31005859375
"113",2599.40991210938
"114",2626.7099609375
"115",2626.60009765625
"116",2626.76000976562
"117",2599.9599609375
"118",2616.9599609375
"119",2588.9599609375
"120",2577.080078125
"121",2574.15991210938
"122",2605.35009765625
"123",2608.3701171875
"124",2603.22998046875
"125",2632.30004882812
"126",2644.94995117188
"127",2656.64990234375
"128",2666.51000976562
"129",2670.02001953125
"130",2639.15991210938
"131",2651.7900390625
"132",2701.72998046875
"133",2707
"134",2697.330078125
"135",2712.2900390625
"136",2699.48999023438
"137",2720.0400390625
"138",2687.60009765625
"139",2690.580078125
"140",2639.86010742188
"141",2648.169921875
"142",2599.34008789062
"143",2562.23999023438
"144",2583.28002929688
"145",2546.27001953125
"146",2553.8701171875
"147",2575.97998046875
"148",2511.25
"149",2547.330078125
"150",2561.60009765625
"151",2612.97998046875
"152",2556.48999023438
"153",2544.88989257812
"154",2542.23999023438
"155",2499.1201171875
"156",2458.830078125
"157",2451.07006835938
"158",2505.03002929688
"159",2508.59008789062
"160",2521.30004882812
"161",2552.80004882812
"162",2541.69995117188
"163",2576.68994140625
"164",2561.25
"165",2500.63989257812
"166",2563.15991210938
"167",2565.30004882812
"168",2596.36010742188
"169",2630.23999023438
"170",2605.94995117188
"171",2614.32006835938
"172",2565.69995117188
"173",2559.11010742188
"174",2597.46997070312
"175",2592.07006835938
"176",2601.06005859375
"177",2602.17993164062
"178",2581.65991210938
"179",2651.65991210938
"180",2666.47998046875
"181",2654.2900390625
"182",2671.21997070312
"183",2667.94995117188
"184",2683.44995117188
"185",2699.03002929688
"186",2709.59008789062
"187",2701.5
"188",2740.98999023438
"189",2747.11010742188
"190",2729.42993164062
"191",2733.57006835938
"192",2780.32006835938
"193",2787.3701171875
"194",2803.90991210938
"195",2811.61010742188
"196",2772.19995117188
"197",2805.67993164062
"198",2780.05004882812
"199",2763.90991210938
"200",2792.669921875
"201",2799.31005859375
"202",2725.15991210938
"203",2753.92993164062
"204",2799.26000976562
"205",2774.76000976562
"206",2750.86010742188
"207",2804.18994140625
"208",2817.43994140625
"209",2816.7099609375
"210",2859.1201171875
"211",2794.830078125
"212",2810.3798828125
"213",2795.17993164062
"214",2825.17993164062
"215",2748.76000976562
"216",2696
"217",2627.93994140625
"218",2584.1298828125
"219",2673.64990234375
"220",2644.32006835938
"221",2618.51000976562
"222",2637.23999023438
"223",2593.3798828125
"224",2596.81005859375
"225",2562.14990234375
"226",2596.60009765625
"227",2540.98999023438
"228",2580.80004882812
"229",2662.90991210938
"230",2668.1298828125
"231",2660.9599609375
"232",2637.1298828125
"233",2619.830078125
"234",2666.36010742188
"235",2709.03002929688
"236",2706.15991210938
"237",2718.94995117188
"238",2652.35009765625
"239",2671.13989257812
"240",2668.48999023438
"241",2635.73999023438
"242",2574.4599609375
"243",2596.03002929688
"244",2601.01000976562
"245",2640.86010742188
"246",2691.98999023438
"247",2713.5
"248",2724.40991210938
"249",2676.7900390625
"250",2674.4599609375
"251",2652.28002929688
"252",2609.6298828125
"253",2602.67993164062
"254",2504.64990234375
"255",2499.4599609375
"256",2440.51000976562
"257",2474.55004882812
"258",2488.52001953125
"259",2439.93994140625
"260",2478.30004882812
"261",2417.59008789062
"262",2394.59008789062
"263",2346.89990234375
"264",2340.02001953125
"265",2292.27001953125
"266",2316.40991210938
"267",2360.919921875
"268",2326.19995117188
"269",2349.90991210938
"270",2358.06005859375
"271",2349
"272",2389.86010742188
"273",2413.36010742188
"274",2382.85009765625
"275",2309.57006835938
"276",2278.75
"277",2293.03002929688
"278",2304.85009765625
"279",2320.06005859375
"280",2320.0400390625
"281",2373.92993164062
"282",2332.5400390625
"283",2321.80004882812
"284",2306.19995117188
"285",2327.10009765625
"286",2299.78002929688
"287",2303.35009765625
"288",2327.47998046875
"289",2344.98999023438
"290",2353.78002929688
"291",2331.57006835938
"292",2271.47998046875
"293",2258.60009765625
"294",2260.28002929688
"295",2272.81005859375
"296",2220.5
"297",2212.48999023438
"298",2169.34008789062
"299",2255.76000976562
"300",2243.8701171875
"301",2263.61010742188
"302",2212.48999023438
"303",2177.01000976562
"304",2268.26000976562
"305",2209.9599609375
"306",2258.11010742188
"307",2326.75
"308",2341.05004882812
"309",2324.36010742188
"310",2280.830078125
"311",2261.17993164062
"312",2279.10009765625
"313",2362.75
"314",2361.39990234375
"315",2363.30004882812
"316",2370.97998046875
"317",2364.830078125
"318",2348.76000976562
"319",2322.1201171875
"320",2351.69995117188
"321",2290.23999023438
"322",2275.82006835938
"323",2286.0400390625
"324",2350.11010742188
"325",2341.830078125
"326",2402.96997070312
"327",2408.0400390625
"328",2376.93994140625
"329",2405.2099609375
"330",2428.919921875
"331",2422.92993164062
"332",2424.39990234375
"333",2426.10009765625
"334",2412.80004882812
"335",2480.7099609375
"336",2476.98999023438
"337",2464.1201171875
"338",2483.31005859375
"339",2438.48999023438
"340",2451.23999023438
"341",2445.52001953125
"342",2488.48999023438
"343",2495.1201171875
"344",2496.69995117188
"345",2533.72998046875
"346",2528.85009765625
"347",2516.09008789062
"348",2492.26000976562
"349",2448.27001953125
"350",2464.580078125
"351",2444.669921875
"352",2481.23999023438
"353",2486.69995117188
"354",2508.32006835938
"355",2522.65991210938
"356",2491.53002929688
"357",2480.47998046875
"358",2503.13989257812
"359",2549.93994140625
"360",2474.56005859375
"361",2459.4599609375
"362",2448.93994140625
"363",2394.01000976562
"364",2404.35009765625
"365",2454.5
"366",2474.78002929688
"367",2457.72998046875
"368",2429.7099609375
"369",2462.06005859375
"370",2406.09008789062
"371",2385.73999023438
"372",2368.28002929688
"373",2401.26000976562
"374",2321.3701171875
"375",2315.6298828125
"376",2292.97998046875
"377",2304.96997070312
"378",2251.4599609375
"379",2245.3798828125
"380",2243.32006835938
"381",2294.43994140625
"382",2234.88989257812
"383",2257.85009765625
"384",2239.080078125
"385",2212.8701171875
"386",2215.7099609375
"387",2284.85009765625
"388",2312.30004882812
"389",2282.78002929688
"390",2279.53002929688
"391",2303.9599609375
"392",2325.8798828125
"393",2280.11010742188
"394",2310.53002929688
"395",2264.21997070312
"396",2319.6201171875
"397",2329.71997070312
"398",2325.55004882812
"399",2310.9599609375
"400",2285.56005859375
"401",2349.830078125
"402",2378.3701171875
"403",2355.72998046875
"404",2414.10009765625
"405",2439.94995117188
"406",2430.61010742188
"407",2428.6201171875
"408",2453.669921875
"409",2452.52001953125
"410",2416.97998046875
"411",2384.36010742188
"412",2389.080078125
"413",2380.3798828125
"414",2414.7099609375
"415",2365.59008789062
"416",2361.96997070312
"417",2382.4599609375
"418",2411.63989257812
"419",2367.52001953125
"420",2349.23999023438
"421",2333.72998046875
"422",2259.0400390625
"423",2255.8798828125
"424",2269.76000976562
"425",2209.81005859375
"426",2228.69995117188
"427",2258.21997070312
"428",2261.27001953125
"429",2179.90991210938
"430",2207.89990234375
"431",2098.85009765625
"432",2199.10009765625
"433",2273.89990234375
"434",2178.97998046875
"435",2153.330078125
"436",2155.67993164062
"437",2186.57006835938
"438",2183.34008789062
"439",1983.72998046875
"440",2091.8798828125
"441",2069.39990234375
"442",1976.71997070312
"443",1947.39001464844
"444",1862.9599609375
"445",1754.88000488281
"446",1740.32995605469
"447",1645.11999511719
"448",1649.51000976562
"449",1844.25
"450",1779.01000976562
"451",1628.32995605469
"452",1717.7099609375
"453",1711.2900390625
"454",1770.03002929688
"455",1696.68005371094
"456",1615.75
"457",1603.91003417969
"458",1552.03002929688
"459",1505.90002441406
"460",1649.46997070312
"461",1657.2099609375
"462",1698.52001953125
"463",1720.94995117188
"464",1726.32995605469
"465",1780.11999511719
"466",1681.64001464844
"467",1608.69995117188
"468",1647.40002441406
"469",1616.73999023438
"470",1580.90002441406
"471",1499.2099609375
"472",1596.69995117188
"473",1516.84997558594
"474",1482.05004882812
"475",1483.27001953125
"476",1386.42004394531
"477",1316.11999511719
"478",1384.34997558594
"479",1472.02001953125
"480",1464.72998046875
"481",1532.09997558594
"482",1535.56994628906
"483",1398.06994628906
"484",1449.80004882812
"485",1492.38000488281
"486",1445.56005859375
"487",1509.31005859375
"488",1571.73999023438
"489",1547.33996582031
"490",1565.47998046875
"491",1507.88000488281
"492",1540.71997070312
"493",1508.33996582031
"494",1589.89001464844
"495",1579.31005859375
"496",1552.36999511719
"497",1564.31994628906
"498",1532.34997558594
"499",1521.5400390625
"500",1524.90002441406
"501",1530.23999023438
"502",1510.31994628906
"503",1550.69995117188
"504",1577.03002929688
"505",1632.2099609375
"506",1628.03002929688
"507",1652.38000488281
"508",1599.06005859375
"509",1617.01000976562
"510",1571.58996582031
"511",1538.7900390625
"512",1546.4599609375
"513",1489.64001464844
"514",1511.83996582031
"515",1529.32995605469
"516",1440.85998535156
"517",1507.06994628906
"518",1465.48999023438
"519",1477.2900390625
"520",1489.4599609375
"521",1504.90002441406
"522",1558.33996582031
"523",1507.83996582031
"524",1476.42004394531
"525",1494.43005371094
"526",1516.30004882812
"527",1515.05004882812
"528",1546.23999023438
"529",1591.7099609375
"530",1591.56005859375
"531",1524.72998046875
"532",1530.5
"533",1541.7099609375
"534",1534.35998535156
"535",1470.66003417969
"536",1467.96997070312
"537",1442.81994628906
"538",1441.22998046875
"539",1387.71997070312
"540",1441.82995605469
"541",1425.43005371094
"542",1391.46997070312
"543",1377.83996582031
"544",1322.84997558594
"545",1321.01000976562
"546",1353.73999023438
"547",1299.58996582031
"548",1293.84997558594
"549",1268.64001464844
"550",1358.28002929688
"551",1371.64001464844
"552",1426.09997558594
"553",1431.5
"554",1404.02001953125
"555",1462.10998535156
"556",1491.21997070312
"557",1483.47998046875
"558",1457.27001953125
"559",1555.77001953125
"560",1516.52001953125
"561",1528.94995117188
"562",1587
"563",1545.19995117188
"564",1501.80004882812
"565",1528.58996582031
"566",1551.59997558594
"567",1602.63000488281
"568",1621.86999511719
"569",1606.7099609375
"570",1561.60998535156
"571",1590.66003417969
"572",1652.5400390625
"573",1653.31005859375
"574",1625.71997070312
"575",1626.80004882812
"576",1670.43994140625
"577",1673.06994628906
"578",1608.2099609375
"579",1643.84997558594
"580",1646.11999511719
"581",1652.2099609375
"582",1694.2900390625
"583",1679.41003417969
"584",1673.81005859375
"585",1711.93994140625
"586",1717.30004882812
"587",1719.19995117188
"588",1763.56005859375
"589",1754.11999511719
"590",1759.09997558594
"591",1716.23999023438
"592",1739
"593",1731.23999023438
"594",1715.92004394531
"595",1664.18994140625
"596",1689.2099609375
"597",1680.14001464844
"598",1732.35998535156
"599",1734.5400390625
"600",1727.83996582031
"601",1695.25
"602",1692.01000976562
"603",1750.43005371094
"604",1731.07995605469
"605",1751.7900390625
"606",1774.32995605469
"607",1828.68005371094
"608",1836.80004882812
"609",1825.92004394531
"610",1850.02001953125
"611",1849.42004394531
"612",1842.40002441406
"613",1860.13000488281
"614",1853.07995605469
"615",1862.36999511719
"616",1858.80004882812
"617",1816.38000488281
"618",1796.18005371094
"619",1808.06005859375
"620",1807.71997070312
"621",1827.46997070312
"622",1766.18994140625
"623",1764.92004394531
"624",1792.33996582031
"625",1829.5400390625
"626",1838.21997070312
"627",1844.06005859375
"628",1835.0400390625
"629",1845.71997070312
"630",1796.52001953125
"631",1787.40002441406
"632",1746.17004394531
"633",1747.17004394531
"634",1752.55004882812
"635",1756.03002929688
"636",1793.2099609375
"637",1799.72998046875
"638",1862.90002441406
"639",1885.03002929688
"640",1886.60998535156
"641",1909.2900390625
"642",1916.19995117188
"643",1926.38000488281
"644",1973.59997558594
"645",1965.9599609375
"646",1967.89001464844
"647",1975.51000976562
"648",1967.76000976562
"649",1984.30004882812
"650",1978.5
"651",2008.60998535156
"652",2011.31005859375
"653",1993.05004882812
"654",1973.16003417969
"655",2000.25
"656",1992.23999023438
"657",1969.72998046875
"658",1998.71997070312
"659",2009.34997558594
"660",1985.52001953125
"661",1930.83996582031
"662",1955.92004394531
"663",1969.23999023438
"664",1989.21997070312
"665",2020.90002441406
"666",2017.97998046875
"667",2024.22998046875
"668",2024.43005371094
"669",2027.72998046875
"670",2028.77001953125
"671",2009.06005859375
"672",1968.89001464844
"673",1967.06994628906
"674",1983.19995117188
"675",2018.78002929688
"676",2037.77001953125
"677",2060.38989257812
"678",2084.02001953125
"679",2080.89990234375
"680",2091.78002929688
"681",2102.63989257812
"682",2133.14990234375
"683",2126.75
"684",2132.86010742188
"685",2138.0400390625
"686",2146.30004882812
"687",2131.419921875
"688",2107.61010742188
"689",2090.919921875
"690",2130.73999023438
"691",2124.0400390625
"692",2122.419921875
"693",2057.47998046875
"694",2048.11010742188
"695",2068.14990234375
"696",2103.57006835938
"697",2110.330078125
"698",2123.92993164062
"699",2139.28002929688
"700",2139.13989257812
"701",2139.88989257812
"702",2172.22998046875
"703",2173.2900390625
"704",2156.80004882812
"705",2176.32006835938
"706",2163.46997070312
"707",2150.72998046875
"708",2165.2900390625
"709",2154.46997070312
"710",2141.85009765625
"711",2116.09008789062
"712",2059.61010742188
"713",2097.55004882812
"714",2045.10998535156
"715",2049.19995117188
"716",2057.32006835938
"717",2055.52001953125
"718",2105.32006835938
"719",2112.43994140625
"720",2154.06005859375
"721",2151.080078125
"722",2166.89990234375
"723",2149.02001953125
"724",2167.8798828125
"725",2197.85009765625
"726",2203.78002929688
"727",2193.13989257812
"728",2156.82006835938
"729",2146.0400390625
"730",2176.01000976562
"731",2169.17993164062
"732",2176.05004882812
"733",2138.43994140625
"734",2144.60009765625
"735",2175.81005859375
"736",2185.03002929688
"737",2173.13989257812
"738",2194.35009765625
"739",2189.61010742188
"740",2172.98999023438
"741",2183.72998046875
"742",2190.86010742188
"743",2190.31005859375
"744",2212.10009765625
"745",2201.05004882812
"746",2206.90991210938
"747",2180.05004882812
"748",2211.68994140625
"749",2237.65991210938
"750",2252.669921875
"751",2269.63989257812
"752",2285.68994140625
"753",2291.080078125
"754",2288.39990234375
"755",2291.28002929688
"756",2269.14990234375
"757",2308.419921875
"758",2308.7099609375
"759",2301.09008789062
"760",2300.05004882812
"761",2317.169921875
"762",2312.40991210938
"763",2282.31005859375
"764",2307.89990234375
"765",2316.73999023438
"766",2287.98999023438
"767",2320.39990234375
"768",2291.25
"769",2265.69995117188
"770",2205.2900390625
"771",2210.80004882812
"772",2203.72998046875
"773",2221.40991210938
"774",2179
"775",2147.35009765625
"776",2171.19995117188
"777",2190.06005859375
"778",2190.90991210938
"779",2125.42993164062
"780",2141.1201171875
"781",2126.05004882812
"782",2150.8701171875
"783",2147.8701171875
"784",2177.40991210938
"785",2183.53002929688
"786",2214.18994140625
"787",2226.2900390625
"788",2241.7099609375
"789",2243.8701171875
"790",2242.03002929688
"791",2213.43994140625
"792",2235.89990234375
"793",2234.21997070312
"794",2238.26000976562
"795",2273.57006835938
"796",2280.7900390625
"797",2280.67993164062
"798",2292.31005859375
"799",2326.35009765625
"800",2332.2099609375
"801",2340.67993164062
"802",2358.94995117188
"803",2368.4599609375
"804",2367.65991210938
"805",2362.2099609375
"806",2378.01000976562
"807",2389.09008789062
"808",2391.28002929688
"809",2374.40991210938
"810",2395.39990234375
"811",2415.23999023438
"812",2398.76000976562
"813",2397.40991210938
"814",2395.1298828125
"815",2404.36010742188
"816",2410.68994140625
"817",2397.9599609375
"818",2402.580078125
"819",2429.53002929688
"820",2436.81005859375
"821",2431.15991210938
"822",2436.81005859375
"823",2454.05004882812
"824",2457.8701171875
"825",2465.98999023438
"826",2504.86010742188
"827",2515.68994140625
"828",2481.26000976562
"829",2480.11010742188
"830",2500.31005859375
"831",2504.61010742188
"832",2519.07006835938
"833",2530.14990234375
"834",2522.94995117188
"835",2471.46997070312
"836",2471.72998046875
"837",2511.919921875
"838",2461.18994140625
"839",2498.73999023438
"840",2424.25
"841",2402.2900390625
"842",2319.63989257812
"843",2265.63989257812
"844",2374.669921875
"845",2375.31005859375
"846",2425.02001953125
"847",2394.36010742188
"848",2346.85009765625
"849",2354.22998046875
"850",2317.26000976562
"851",2298.3701171875
"852",2204.01000976562
"853",2229.0400390625
"854",2213.55004882812
"855",2210.94995117188
"856",2195.8798828125
"857",2277.67993164062
"858",2257.0400390625
"859",2222.330078125
"860",2281.07006835938
"861",2303.03002929688
"862",2219.169921875
"863",2173.89990234375
"864",2170.57006835938
"865",2158.85009765625
"866",2218.7099609375
"867",2243.60009765625
"868",2243.9599609375
"869",2305.8798828125
"870",2305.92993164062
"871",2307.15991210938
"872",2309.80004882812
"873",2289.09008789062
"874",2261.80004882812
"875",2254.22998046875
"876",2217.419921875
"877",2223.47998046875
"878",2220.64990234375
"879",2135.17993164062
"880",2109.23999023438
"881",2101.36010742188
"882",2091.7900390625
"883",2093.8798828125
"884",2159.46997070312
"885",2175.39990234375
"886",2196.44995117188
"887",2198.36010742188
"888",2242.03002929688
"889",2249.84008789062
"890",2249.080078125
"891",2179.05004882812
"892",2198.22998046875
"893",2222.48999023438
"894",2187.330078125
"895",2245.88989257812
"896",2269.46997070312
"897",2296.42993164062
"898",2288.25
"899",2264.56005859375
"900",2251.68994140625
"901",2254.69995117188
"902",2295.36010742188
"903",2283.52001953125
"904",2303.57006835938
"905",2293.06005859375
"906",2288.46997070312
"907",2305.68994140625
"908",2277.169921875
"909",2208.6298828125
"910",2190.27001953125
"911",2173.47998046875
"912",2181.8701171875
"913",2209.43994140625
"914",2215.69995117188
"915",2178.94995117188
"916",2179.76000976562
"917",2159.6298828125
"918",2123.76000976562
"919",2141.5400390625
"920",2118.68994140625
"921",2153.6298828125
"922",2119.96997070312
"923",2114.03002929688
"924",2176.84008789062
"925",2200.01000976562
"926",2233.75
"927",2208.88989257812
"928",2228.8701171875
"929",2236.19995117188
"930",2242.47998046875
"931",2285.7099609375
"932",2289.77001953125
"933",2301.32006835938
"934",2303.25
"935",2315.61010742188
"936",2355.830078125
"937",2349.35009765625
"938",2334.55004882812
"939",2327.080078125
"940",2381.21997070312
"941",2369.77001953125
"942",2379.59008789062
"943",2376.56005859375
"944",2368.6201171875
"945",2370.75
"946",2344.52001953125
"947",2399.830078125
"948",2380.65991210938
"949",2383.669921875
"950",2401.90991210938
"951",2402.330078125
"952",2417.919921875
"953",2441.22998046875
"954",2435.3798828125
"955",2468.77001953125
"956",2480.65991210938
"957",2436.94995117188
"958",2457.38989257812
"959",2459.669921875
"960",2479.38989257812
"961",2490.85009765625
"962",2497.2900390625
"963",2503.26000976562
"964",2507.3701171875
"965",2507.40991210938
"966",2504.84008789062
"967",2533.52001953125
"968",2540.27001953125
"969",2577.34008789062
"970",2578.97998046875
"971",2580.05004882812
"972",2562.97998046875
"973",2578.78002929688
"974",2555.52001953125
"975",2518.2099609375
"976",2513.82006835938
"977",2469.84008789062
"978",2476.01000976562
"979",2514.39990234375
"980",2518.1201171875
"981",2532.02001953125
"982",2494.94995117188
"983",2543.1201171875
"984",2534.56005859375
"985",2525.21997070312
"986",2498.22998046875
"987",2549.42993164062
"988",2579.35009765625
"989",2591.4599609375
"990",2594.919921875
"991",2598.48999023438
"992",2609.15991210938
"993",2616.669921875
"994",2637.5400390625
"995",2624.90991210938
"996",2627.71997070312
"997",2617.21997070312
"998",2637.31005859375
"999",2642.96997070312
"1000",2649.56005859375
"1001",2667.61010742188
"1002",2671.47998046875
"1003",2665.60009765625
"1004",2667.27001953125
"1005",2662.8798828125
"1006",2666.92993164062
"1007",2662.97998046875
"1008",2652.8701171875
"1009",2691.52001953125
"1010",2681.25
"1011",2702.19995117188
"1012",2709.88989257812
"1013",2703.169921875
"1014",2707.80004882812
"1015",2716.830078125
"1016",2737.330078125
"1017",2735.2900390625
"1018",2755.30004882812
"1019",2765.85009765625
"1020",2725.36010742188
"1021",2704.2900390625
"1022",2689.5400390625
"1023",2717.55004882812
"1024",2719.25
"1025",2739.5
"1026",2755.28002929688
"1027",2686.88989257812
"1028",2700.080078125
"1029",2751.18994140625
"1030",2749.56005859375
"1031",2753.8798828125
"1032",2769.30004882812
"1033",2783.98999023438
"1034",2797.05004882812
"1035",2789.07006835938
"1036",2790.44995117188
"1037",2809.43994140625
"1038",2817.17993164062
"1039",2804.35009765625
"1040",2825.56005859375
"1041",2831.580078125
"1042",2833.94995117188
"1043",2756.419921875
"1044",2722.98999023438
"1045",2737.89990234375
"1046",2781.05004882812
"1047",2782.27001953125
"1048",2737.40991210938
"1049",2748.07006835938
"1050",2798.73999023438
"1051",2784.669921875
"1052",2745.6298828125
"1053",2765.77001953125
"1054",2751.71997070312
"1055",2701.02001953125
"1056",2715.61010742188
"1057",2700.96997070312
"1058",2667.330078125
"1059",2616.82006835938
"1060",2636.05004882812
"1061",2643.669921875
"1062",2692.09008789062
"1063",2683.8701171875
"1064",2698.30004882812
"1065",2736.419921875
"1066",2743.06005859375
"1067",2730.67993164062
"1068",2756.88989257812
"1069",2776.7900390625
"1070",2781.07006835938
"1071",2789.60009765625
"1072",2789.18994140625
"1073",2791.18994140625
"1074",2799.82006835938
"1075",2796.13989257812
"1076",2780.419921875
"1077",2771.51000976562
"1078",2744.7900390625
"1079",2761.52001953125
"1080",2760.21997070312
"1081",2764.64990234375
"1082",2735.3798828125
"1083",2744.96997070312
"1084",2802.51000976562
"1085",2820.15991210938
"1086",2825.8798828125
"1087",2847.5400390625
"1088",2869.8798828125
"1089",2872.53002929688
"1090",2873.5400390625
"1091",2864.080078125
"1092",2841.6201171875
"1093",2828.22998046875
"1094",2814.71997070312
"1095",2827.56005859375
"1096",2843.25
"1097",2871.88989257812
"1098",2845.06005859375
"1099",2863.0400390625
"1100",2828.46997070312
"1101",2782.31005859375
"1102",2783.2099609375
"1103",2815
"1104",2823.31005859375
"1105",2803.32006835938
"1106",2758.89990234375
"1107",2746.15991210938
"1108",2761.3798828125
"1109",2782.919921875
"1110",2796.86010742188
"1111",2835.30004882812
"1112",2769.18994140625
"1113",2773.31005859375
"1114",2732.78002929688
"1115",2702.56005859375
"1116",2701.56005859375
"1117",2675.3798828125
"1118",2684.8701171875
"1119",2643.72998046875
"1120",2639.68994140625
"1121",2678.71997070312
"1122",2631.4599609375
"1123",2623.69995117188
"1124",2616.47998046875
"1125",2629.65991210938
"1126",2687.26000976562
"1127",2669.18994140625
"1128",2686.75
"1129",2652.88989257812
"1130",2688.28002929688
"1131",2729.31005859375
"1132",2740.48999023438
"1133",2773.52001953125
"1134",2816.03002929688
"1135",2825.77001953125
"1136",2834.02001953125
"1137",2872.65991210938
"1138",2859.81005859375
"1139",2802.6201171875
"1140",2781.90991210938
"1141",2796.919921875
"1142",2762.669921875
"1143",2789.80004882812
"1144",2765.11010742188
"1145",2826.52001953125
"1146",2814.22998046875
"1147",2834.42993164062
"1148",2858.830078125
"1149",2842.80004882812
"1150",2839.9599609375
"1151",2764.7900390625
"1152",2766.25
"1153",2756.3798828125
"1154",2744.61010742188
"1155",2669.23999023438
"1156",2693.07006835938
"1157",2556.38989257812
"1158",2532.40991210938
"1159",2357.68994140625
"1160",2482.52001953125
"1161",2381.05004882812
"1162",2492.67993164062
"1163",2507.97998046875
"1164",2555.19995117188
"1165",2523.44995117188
"1166",2511.47998046875
"1167",2380.42993164062
"1168",2341.84008789062
"1169",2345.3798828125
"1170",2446.06005859375
"1171",2467.68994140625
"1172",2419.6298828125
"1173",2479.85009765625
"1174",2562.11010742188
"1175",2576.11010742188
"1176",2579.4599609375
"1177",2546.0400390625
"1178",2480.330078125
"1179",2473.830078125
"1180",2548.93994140625
"1181",2529.13989257812
"1182",2467.98999023438
"1183",2495.09008789062
"1184",2532.14990234375
"1185",2572.55004882812
"1186",2607.07006835938
"1187",2622.31005859375
"1188",2612.830078125
"1189",2590.23999023438
"1190",2538.18994140625
"1191",2455.669921875
"1192",2483.22998046875
"1193",2516.68994140625
"1194",2546.830078125
"1195",2491.580078125
"1196",2480.76000976562
"1197",2415.39990234375
"1198",2335.830078125
"1199",2404.82006835938
"1200",2460.51000976562
"1201",2506.82006835938
"1202",2479.35009765625
"1203",2566.05004882812
"1204",2583.03002929688
"1205",2604.72998046875
"1206",2620.23999023438
"1207",2667.85009765625
"1208",2614.919921875
"1209",2657.42993164062
"1210",2604.0400390625
"1211",2598.6201171875
"1212",2637.4599609375
"1213",2699.43994140625
"1214",2638.419921875
"1215",2650.669921875
"1216",2738.6298828125
"1217",2737.14990234375
"1218",2684.40991210938
"1219",2606.9599609375
"1220",2639.97998046875
"1221",2697.96997070312
"1222",2686.14990234375
"1223",2695.25
"1224",2727.48999023438
"1225",2621.64990234375
"1226",2625.14990234375
"1227",2678.75
"1228",2657.21997070312
"1229",2686.19995117188
"1230",2639.61010742188
"1231",2587.98999023438
"1232",2572.5
"1233",2523.13989257812
"1234",2521.28002929688
"1235",2460.080078125
"1236",2441.51000976562
"1237",2527.34008789062
"1238",2515.51000976562
"1239",2620.34008789062
"1240",2626.19995117188
"1241",2626.92993164062
"1242",2655.76000976562
"1243",2649.56005859375
"1244",2649.2099609375
"1245",2596.3798828125
"1246",2646.85009765625
"1247",2612.26000976562
"1248",2579.27001953125
"1249",2539.31005859375
"1250",2541.01000976562
"1251",2555.330078125
"1252",2523.13989257812
"1253",2603.72998046875
"1254",2577.96997070312
"1255",2599.44995117188
"1256",2618.63989257812
"1257",2625.19995117188
"1258",2589.97998046875
"1259",2613.73999023438
"1260",2605.14990234375
"1261",2648.71997070312
"1262",2648.36010742188
"1263",2669.86010742188
"1264",2674.21997070312
"1265",2676.56005859375
"1266",2702.5
"1267",2710.76000976562
"1268",2724.69995117188
"1269",2710.669921875
"1270",2728.080078125
"1271",2769.7099609375
"1272",2788.330078125
"1273",2786.69995117188
"1274",2784.169921875
"1275",2786.63989257812
"1276",2818.31005859375
"1277",2805.28002929688
"1278",2816.55004882812
"1279",2811.93994140625
"1280",2813.84008789062
"1281",2848.27001953125
"1282",2859.67993164062
"1283",2905.65991210938
"1284",2901.98999023438
"1285",2904.080078125
"1286",2915.86010742188
"1287",2927.22998046875
"1288",2903.8798828125
"1289",2931.38989257812
"1290",2931.830078125
"1291",2915.830078125
"1292",2959.85009765625
"1293",2951.78002929688
"1294",2948.57006835938
"1295",2933.169921875
"1296",2956.97998046875
"1297",2963.75
"1298",2966.15991210938
"1299",2986.76000976562
"1300",2966.88989257812
"1301",2988.96997070312
"1302",2976.18994140625
"1303",2950.47998046875
"1304",2910.32006835938
"1305",2935.68994140625
"1306",2970.419921875
"1307",2988.34008789062
"1308",2983.65991210938
"1309",3039.8798828125
"1310",3040.72998046875
"1311",3056.3701171875
"1312",3055.26000976562
"1313",3078.32006835938
"1314",3074.14990234375
"1315",3075.32006835938
"1316",3063.32006835938
"1317",3067.919921875
"1318",3122.57006835938
"1319",3120.35009765625
"1320",3104.9599609375
"1321",3095.36010742188
"1322",3091.57006835938
"1323",3119.69995117188
"1324",3113.57006835938
"1325",3068.09008789062
"1326",3080.5
"1327",3047.080078125
"1328",2991.21997070312
"1329",3016.4599609375
"1330",3055.55004882812
"1331",3011.330078125
"1332",2988.39990234375
"1333",3042.82006835938
"1334",3031.44995117188
"1335",3007.56005859375
"1336",3000.44995117188
"1337",2970.44995117188
"1338",2961.60009765625
"1339",3029.6298828125
"1340",3050.61010742188
"1341",3069.19995117188
"1342",3046.36010742188
"1343",3050.43994140625
"1344",3059.85009765625
"1345",3024.30004882812
"1346",2956.34008789062
"1347",2957.76000976562
"1348",2946.27001953125
"1349",2934.7099609375
"1350",2933.63989257812
"1351",2933.82006835938
"1352",2902.580078125
"1353",2893.76000976562
"1354",2874.0400390625
"1355",2813.68994140625
"1356",2778.7900390625
"1357",2847.2099609375
"1358",2839.080078125
"1359",2850.1201171875
"1360",2839.3798828125
"1361",2837.53002929688
"1362",2870.98999023438
"1363",2837.36010742188
"1364",2827.34008789062
"1365",2747.47998046875
"1366",2760.01000976562
"1367",2778.11010742188
"1368",2844.71997070312
"1369",2831.02001953125
"1370",2858.419921875
"1371",2809.72998046875
"1372",2843.07006835938
"1373",2818.61010742188
"1374",2836.330078125
"1375",2872.80004882812
"1376",2895.330078125
"1377",2929.76000976562
"1378",2930.44995117188
"1379",2859.09008789062
"1380",2892.419921875
"1381",2836.15991210938
"1382",2854.06005859375
"1383",2875.32006835938
"1384",2849.48999023438
"1385",2935.05004882812
"1386",2951.22998046875
"1387",2976.080078125
"1388",2976.1201171875
"1389",2937.330078125
"1390",2931.77001953125
"1391",2902.330078125
"1392",2887.97998046875
"1393",2866.18994140625
"1394",2908.46997070312
"1395",2896.93994140625
"1396",2910.0400390625
"1397",2942.60009765625
"1398",2965.89990234375
"1399",2925.30004882812
"1400",2890.14990234375
"1401",2862.98999023438
"1402",2854.23999023438
"1403",2893.25
"1404",2958.09008789062
"1405",2945.84008789062
"1406",2939.52001953125
"1407",2920.2099609375
"1408",2909.77001953125
"1409",2967.89990234375
"1410",2989.90991210938
"1411",3015.86010742188
"1412",3011.25
"1413",3018.63989257812
"1414",3020.86010742188
"1415",3022.52001953125
"1416",3016.97998046875
"1417",3030.92993164062
"1418",3062.38989257812
"1419",3076.59008789062
"1420",3076.2099609375
"1421",3067.26000976562
"1422",3073.669921875
"1423",3053.39990234375
"1424",3069.7900390625
"1425",3073.18994140625
"1426",3077.13989257812
"1427",3081.18994140625
"1428",3048.7099609375
"1429",3066.9599609375
"1430",3075.06005859375
"1431",3069.27001953125
"1432",3135.81005859375
"1433",3136.419921875
"1434",3104.02001953125
"1435",3104.53002929688
"1436",3114.31005859375
"1437",3155.830078125
"1438",3183.94995117188
"1439",3178.669921875
"1440",3177.80004882812
"1441",3182.6201171875
"1442",3175.9599609375
"1443",3179.9599609375
"1444",3160.78002929688
"1445",3117.72998046875
"1446",3093.69995117188
"1447",3136.60009765625
"1448",3116.22998046875
"1449",3113.53002929688
"1450",3120.0400390625
"1451",3135.22998046875
"1452",3149.4599609375
"1453",3136.18994140625
"1454",3112.35009765625
"1455",3065.02001953125
"1456",3051.78002929688
"1457",3049.40991210938
"1458",3044.11010742188
"1459",3064.17993164062
"1460",3101.169921875
"1461",3104.1201171875
"1462",3072.8701171875
"1463",3005.6201171875
"1464",3016.9599609375
"1465",2990.4599609375
"1466",2981.69995117188
"1467",2986.1201171875
"1468",2987.94995117188
"1469",2977.22998046875
"1470",3020.06005859375
"1471",2982.1298828125
"1472",2999.65991210938
"1473",3011.92993164062
"1474",2937.2900390625
"1475",2895.580078125
"1476",2904.8701171875
"1477",2904.25
"1478",2883.88989257812
"1479",2846.81005859375
"1480",2836.93994140625
"1481",2853.1298828125
"1482",2916.07006835938
"1483",2916.67993164062
"1484",2926.55004882812
"1485",2966.85009765625
"1486",2976.78002929688
"1487",2967.7900390625
"1488",2991.78002929688
"1489",3012.03002929688
"1490",3010.23999023438
"1491",3002.19995117188
"1492",2996.68994140625
"1493",2973.69995117188
"1494",2989.27001953125
"1495",2978.0400390625
"1496",2986.9599609375
"1497",3022.30004882812
"1498",3013.81005859375
"1499",2992.15991210938
"1500",2971.330078125
"1501",3010.60009765625
"1502",3054.53002929688
"1503",3044.36010742188
"1504",3050.38989257812
"1505",3021.01000976562
"1506",3012.60009765625
"1507",2990.15991210938
"1508",2985.90991210938
"1509",2960.31005859375
"1510",3019.51000976562
"1511",3112.26000976562
"1512",3100.57006835938
"1513",3101.65991210938
"1514",3098.81005859375
"1515",3091.81005859375
"1516",3105.81005859375
"1517",3121.76000976562
"1518",3125.6298828125
"1519",3117.5
"1520",3110.78002929688
"1521",3117.5400390625
"1522",3136
"1523",3134.7099609375
"1524",3143.17993164062
"1525",3153.669921875
"1526",3130.3798828125
"1527",3149.7099609375
"1528",3154.30004882812
"1529",3153.65991210938
"1530",3142.31005859375
"1531",3142.1298828125
"1532",3179.10009765625
"1533",3131.169921875
"1534",3171.580078125
"1535",3168.47998046875
"1536",3165.1298828125
"1537",3193.8701171875
"1538",3192
"1539",3186.48999023438
"1540",3196.8798828125
"1541",3198.65991210938
"1542",3192.03002929688
"1543",3213.59008789062
"1544",3164.40991210938
"1545",3131.48999023438
"1546",3161.82006835938
"1547",3116.25
"1548",3129.64990234375
"1549",3162.26000976562
"1550",3160.18994140625
"1551",3169.73999023438
"1552",3182.03002929688
"1553",3224.1298828125
"1554",3222.3701171875
"1555",3232.09008789062
"1556",3244.3701171875
"1557",3252.8701171875
"1558",3242.32006835938
"1559",3245.1201171875
"1560",3258.92993164062
"1561",3249.07006835938
"1562",3237.59008789062
"1563",3229.10009765625
"1564",3254.18994140625
"1565",3222.60009765625
"1566",3245
"1567",3235.30004882812
"1568",3252.47998046875
"1569",3256.52001953125
"1570",3267.52001953125
"1571",3239.169921875
"1572",3254.86010742188
"1573",3218.60009765625
"1574",3224.97998046875
"1575",3203.86010742188
"1576",3222.25
"1577",3237.86010742188
"1578",3297.25
"1579",3300.15991210938
"1580",3294.94995117188
"1581",3216.48999023438
"1582",3264.6298828125
"1583",3204.669921875
"1584",3166.36010742188
"1585",3206.06005859375
"1586",3233.55004882812
"1587",3269.330078125
"1588",3269.64990234375
"1589",3289.98999023438
"1590",3279.26000976562
"1591",3307.02001953125
"1592",3328.7900390625
"1593",3299.1298828125
"1594",3340.6201171875
"1595",3378.6298828125
"1596",3392.96997070312
"1597",3396.6298828125
"1598",3413.27001953125
"1599",3409.169921875
"1600",3436.580078125
"1601",3438.7900390625
"1602",3462.61010742188
"1603",3471.6201171875
"1604",3465.23999023438
"1605",3498.96997070312
"1606",3496.42993164062
"1607",3502.1201171875
"1608",3463.30004882812
"1609",3459.419921875
"1610",3459.13989257812
"1611",3488.88989257812
"1612",3467.52001953125
"1613",3491.30004882812
"1614",3455.90991210938
"1615",3465.3701171875
"1616",3445.26000976562
"1617",3401.47998046875
"1618",3424.05004882812
"1619",3469.21997070312
"1620",3473.77001953125
"1621",3436.94995117188
"1622",3400.42993164062
"1623",3445.36010742188
"1624",3423.56005859375
"1625",3452.1298828125
"1626",3482.17993164062
"1627",3443.19995117188
"1628",3364.63989257812
"1629",3357.25
"1630",3320.76000976562
"1631",3347.88989257812
"1632",3376.21997070312
"1633",3401.86010742188
"1634",3403.25
"1635",3434.48999023438
"1636",3433.39990234375
"1637",3443.669921875
"1638",3479.3798828125
"1639",3484.830078125
"1640",3504.26000976562
"1641",3520.76000976562
"1642",3578.30004882812
"1643",3600.080078125
"1644",3607.48999023438
"1645",3598.5
"1646",3610
"1647",3611.28002929688
"1648",3587.61010742188
"1649",3600.38989257812
"1650",3579.27001953125
"1651",3579.60009765625
"1652",3605.18994140625
"1653",3613.15991210938
"1654",3599.13989257812
"1655",3616.46997070312
"1656",3626.3701171875
"1657",3675.73999023438
"1658",3689.59008789062
"1659",3692.94995117188
"1660",3665.77001953125
"1661",3654.01000976562
"1662",3669.1201171875
"1663",3660.11010742188
"1664",3669.94995117188
"1665",3684.43994140625
"1666",3669.27001953125
"1667",3606.1201171875
"1668",3602.78002929688
"1669",3589.09008789062
"1670",3613.59008789062
"1671",3599.7900390625
"1672",3638.7099609375
"1673",3657.7900390625
"1674",3657.57006835938
"1675",3578.52001953125
"1676",3593.35009765625
"1677",3620.30004882812
"1678",3589.8701171875
"1679",3612.61010742188
"1680",3649.0400390625
"1681",3658.78002929688
"1682",3660.01000976562
"1683",3706.17993164062
"1684",3729.02001953125
"1685",3725.01000976562
"1686",3715.96997070312
"1687",3722.17993164062
"1688",3717.85009765625
"1689",3745.69995117188
"1690",3783.63989257812
"1691",3789.3798828125
"1692",3774.72998046875
"1693",3765.2900390625
"1694",3768.25
"1695",3761.10009765625
"1696",3787.42993164062
"1697",3781.59008789062
"1698",3771.47998046875
"1699",3817.97998046875
"1700",3815.02001953125
"1701",3774.34008789062
"1702",3807.75
"1703",3770.3798828125
"1704",3694.830078125
"1705",3677.78002929688
"1706",3760.75
"1707",3791.8701171875
"1708",3815.28002929688
"1709",3794.01000976562
"1710",3839.42993164062
"1711",3863.14990234375
"1712",3914.28002929688
"1713",3920.05004882812
"1714",3929.57006835938
"1715",3907.07006835938
"1716",3928.9599609375
"1717",3943.36010742188
"1718",3940.1298828125
"1719",3952.34008789062
"1720",3930.6201171875
"1721",3919.7099609375
"1722",3922.0400390625
"1723",3936.59008789062
"1724",3939.86010742188
"1725",3931.94995117188
"1726",3857.330078125
"1727",3919.22998046875
"1728",3919.7900390625
"1729",3919.919921875
"1730",3965.580078125
"1731",3972.73999023438
"1732",3985.96997070312
"1733",3949.07006835938
"1734",3931.55004882812
"1735",3921.27001953125
"1736",3969.15991210938
"1737",3991.64990234375
"1738",3994.57006835938
"1739",4017.75
"1740",4044.75
"1741",4059.88989257812
"1742",4045.26000976562
"1743",4037.19995117188
"1744",4038
"1745",4033.169921875
"1746",4062.52001953125
"1747",4068.75
"1748",4060.48999023438
"1749",4003.81005859375
"1750",3998.39990234375
"1751",4000.97998046875
"1752",4029.52001953125
"1753",4023.67993164062
"1754",4070.06005859375
"1755",4058.13989257812
"1756",4104.740234375
"1757",4148.89990234375
"1758",4155.419921875
"1759",4167.18017578125
"1760",4156.58984375
"1761",4154.2001953125
"1762",4176.58984375
"1763",4143.06982421875
"1764",4131.91015625
"1765",4113.68017578125
"1766",4153.18017578125
"1767",4165.60986328125
"1768",4156.18994140625
"1769",4174.669921875
"1770",4113.2998046875
"1771",4183.02001953125
"1772",4214.8798828125
"1773",4218.68994140625
"1774",4197.580078125
"1775",4225.759765625
"1776",4243
"1777",4218.8798828125
"1778",4128.169921875
"1779",4083.61010742188
"1780",4097.9599609375
"1781",4051.42993164062
"1782",4123.1298828125
"1783",4103.8798828125
"1784",3996.9599609375
"1785",4031.52001953125
"1786",4011.55004882812
"1787",4057.1201171875
"1788",4125.85986328125
"1789",4148.169921875
"1790",4191.0498046875
"1791",4201.2900390625
"1792",4240.669921875
"1793",4244.02001953125
"1794",4272.77978515625
"1795",4237.9501953125
"1796",4267.5498046875
"1797",4263.41015625
"1798",4292.97021484375
"1799",4287.58984375
"1800",4292.06005859375
"1801",4318.93017578125
"1802",4308.1201171875
"1803",4277.2998046875
"1804",4351.97021484375
"1805",4357.97021484375
"1806",4352.1298828125
"1807",4336.22021484375
"1808",4334.4501953125
"1809",4307.18994140625
"1810",4323.330078125
"1811",4260.419921875
"1812",4245.39990234375
"1813",4279.9501953125
"1814",4333.31005859375
"1815",4307.60009765625
"1816",4319.2900390625
"1817",4276.7900390625
"1818",4226.39013671875
"1819",4234.27001953125
"1820",4173.580078125
"1821",4151.22998046875
"1822",4155.759765625
"1823",4198.990234375
"1824",4268.0400390625
"1825",4276.4599609375
"1826",4237.740234375
"1827",4127.72998046875
"1828",4079.75
"1829",4112.990234375
"1830",4183.89990234375
"1831",4054.11010742188
"1832",3999.72998046875
"1833",4022.68994140625
"1834",4034.15991210938
"1835",4086.22998046875
"1836",4095.52001953125
"1837",4121.5498046875
"1838",4161.4599609375
"1839",4126.97021484375
"1840",4148.33984375
"1841",4075.56005859375
"1842",4074.39990234375
"1843",4103.5400390625
"1844",4114.56005859375
"1845",4127.4501953125
"1846",4123.89990234375
"1847",4138.06005859375
"1848",4080.76000976562
"1849",4067.669921875
"1850",4051.5
"1851",4071.8701171875
"1852",4143.85986328125
"1853",4130.169921875
"1854",4100.6298828125
"1855",4069.2900390625
"1856",4090.59008789062
"1857",4125.81005859375
"1858",4096.89013671875
"1859",4131.5400390625
"1860",4154.33984375
"1861",4185.81005859375
"1862",4237.06982421875
"1863",4225.080078125
"1864",4247.9501953125
"1865",4242.6201171875
"1866",4237.2001953125
"1867",4234.080078125
"1868",4251.64013671875
"1869",4296.22998046875
"1870",4321.39990234375
"1871",4336.240234375
"1872",4338
"1873",4331.93017578125
"1874",4297.6298828125
"1875",4310.64990234375
"1876",4321.10009765625
"1877",4337.22998046875
"1878",4362.83984375
"1879",4359.330078125
"1880",4368.0400390625
"1881",4368.68017578125
"1882",4350.35009765625
"1883",4379.759765625
"1884",4379.0498046875
"1885",4397.93017578125
"1886",4408.18017578125
"1887",4458.64990234375
"1888",4457.72998046875
"1889",4485.93017578125
"1890",4451.52978515625
"1891",4391.4599609375
"1892",4419.02978515625
"1893",4396.2001953125
"1894",4415.490234375
"1895",4440.419921875
"1896",4416.39013671875
"1897",4425.97021484375
"1898",4363.4501953125
"1899",4432.14990234375
"1900",4424.7001953125
"1901",4456.02001953125
"1902",4473.7001953125
"1903",4472.10986328125
"1904",4449.56005859375
"1905",4444.91015625
"1906",4442.7001953125
"1907",4462.89990234375
"1908",4369.77001953125
"1909",4352.64013671875
"1910",4383.89013671875
"1911",4352.83984375
"1912",4355.0498046875
"1913",4334.97021484375
"1914",4370.89990234375
"1915",4401.330078125
"1916",4389.25
"1917",4434.1298828125
"1918",4453
"1919",4464.93017578125
"1920",4508.31005859375
"1921",4527.509765625
"1922",4526.47998046875
"1923",4532.10009765625
"1924",4538.5498046875
"1925",4557.35009765625
"1926",4570.64013671875
"1927",4569.6201171875
"1928",4557.7001953125
"1929",4580.27001953125
"1930",4598.18994140625
"1931",4572.56005859375
"1932",4562.2900390625
"1933",4582.89990234375
"1934",4592.2900390625
"1935",4552.2900390625
"1936",4586.52001953125
"1937",4591.81005859375
"1938",4567.60009765625
"1939",4518.89990234375
"1940",4552.759765625
"1941",4562.18994140625
"1942",4593.43017578125
"1943",4579.7900390625
"1944",4527.68994140625
"1945",4508.68994140625
"1946",4555.22021484375
"1947",4466.75
"1948",4512.18994140625
"1949",4505.85009765625
"1950",4493.39013671875
"1951",4422.08984375
"1952",4430.2001953125
"1953",4475.6201171875
"1954",4454.7998046875
"1955",4385.2001953125
"1956",4468.58984375
"1957",4378.33984375
"1958",4276.240234375
"1959",4213.66015625
"1960",4227.169921875
"1961",4215.31982421875
"1962",4217.39013671875
"1963",4258.43994140625
"1964",4316.06982421875
"1965",4419.47998046875
"1966",4382.85009765625
"1967",4452.7900390625
"1968",4483.72021484375
"1969",4485.93017578125
"1970",4564.2900390625
"1971",4549.22998046875
"1972",4566.14013671875
"1973",4630.740234375
"1974",4638.91015625
"1975",4623.64013671875
"1976",4620.72021484375
"1977",4638.47021484375
"1978",4632.52978515625
"1979",4651.6201171875
"1980",4660.56005859375
"1981",4675.14013671875
"1982",4680.14013671875
"1983",4688.5400390625
"1984",4671
"1985",4702.43994140625
"1986",4675.7099609375
"1987",4701.8701171875
"1988",4712.97021484375
"1989",4754.89013671875
"1990",4758.25
"1991",4787.31982421875
"1992",4791.6298828125
"1993",4727.35009765625
"1994",4755.81005859375
"1995",4774.47021484375
"1996",4769.43994140625
"1997",4780.759765625
"1998",4740.68994140625
"1999",4766.47021484375
"2000",4684.02001953125
"2001",4708.16015625
"2002",4653.60009765625
"2003",4605.16015625
"2004",4547.830078125
"2005",4644.31005859375
"2006",4748.39990234375
"2007",4765.3798828125
"2008",4781.419921875
"2009",4765.419921875
"2010",4773.47021484375
"2011",4806.85986328125
"2012",4806.91015625
"2013",4777.43994140625
"2014",4736.0498046875
"2015",4726.81005859375
"2016",4652.56982421875
"2017",4592.740234375
"2018",4650.47021484375
"2019",4736.18994140625
"2020",4704.06982421875
"2021",4664.7099609375
"2022",4661.5
"2023",4639.31982421875
"2024",4570.81982421875
"2025",4634.3798828125
"2026",4654.85009765625
"2027",4667.419921875
"2028",4750.39990234375
"2029",4757.8798828125
"2030",4771.759765625
"2031",4681.5
"2032",4637.990234375
"2033",4683.41015625
"2034",4635.240234375
"2035",4676.68994140625
"2036",4727.740234375
"2037",4716.7001953125
"2038",4765.10009765625
"2039",4744.39990234375
"2040",4726.009765625
"2041",4787.64013671875
"2042",4801.18017578125
"2043",4857.60986328125
"2044",4893.83984375
"2045",4899.27001953125
"2046",4906.35986328125
"2047",4924.7001953125
"2048",4955.97021484375
"2049",4960.97021484375
"2050",4968.1201171875
"2051",4967.14013671875
"2052",4987.89013671875
"2053",4963.52978515625
"2054",5008.10009765625
"2055",4979.89990234375
"2056",4967.14013671875
"2057",4982.81005859375
"2058",4927.3701171875
"2059",4942.43994140625
"2060",4859.7900390625
"2061",4849.93994140625
"2062",4893.2900390625
"2063",4871.759765625
"2064",4929.509765625
"2065",4937.43017578125
"2066",4982.830078125
"2067",4992.3798828125
"2068",5026.419921875
"2069",5010.97021484375
"2070",4994.72998046875
"2071",4876.52001953125
"2072",4863.35986328125
"2073",4891.22021484375
"2074",4947.43994140625
"2075",4900.8798828125
"2076",4880.22998046875
"2077",4886.93994140625
"2078",4917.31982421875
"2079",4910.22998046875
"2080",4950.81982421875
"2081",4974.56005859375
"2082",4995.97998046875
"2083",4988.25
"2084",4977.2900390625
"2085",5011.02001953125
"2086",5007.7900390625
"2087",4931.81005859375
"2088",4994.60009765625
"2089",5014.10009765625
"2090",5035.169921875
"2091",5056.06005859375
"2092",5092.080078125
"2093",5060.25
"2094",5055.419921875
"2095",5023.64013671875
"2096",4941.419921875
"2097",5005.39013671875
"2098",5016.93017578125
"2099",4939.330078125
"2100",4919.64013671875
"2101",4945.5400390625
"2102",5003.5498046875
"2103",4993.56982421875
"2104",4976.18994140625
"2105",4981.68994140625
"2106",5050.7998046875
"2107",5048.2900390625
"2108",5078.43994140625
"2109",5070.02978515625
"2110",5071.740234375
"2111",5090.7900390625
"2112",5089.35986328125
"2113",5032.75
"2114",5106.58984375
"2115",5097.97998046875
"2116",5070.02978515625
"2117",5082.93017578125
"2118",5076.52001953125
"2119",5099.22998046875
"2120",5059.1201171875
"2121",5068.4599609375
"2122",5021.6298828125
"2123",5013.8701171875
"2124",5076.68994140625
"2125",5082.509765625
"2126",5051.10009765625
"2127",5029.97021484375
"2128",5055.5498046875
"2129",5064.8798828125
"2130",5132.9501953125
"2131",5117
"2132",5153.97021484375
"2133",5160.08984375
"2134",5122.41015625
"2135",5112.18994140625
"2136",5080.509765625
"2137",4958.47021484375
"2138",4986.8701171875
"2139",5013.1201171875
"2140",5009.2099609375
"2141",4991.93994140625
"2142",4997.4599609375
"2143",4909.759765625
"2144",4922.39990234375
"2145",4997.7001953125
"2146",5071.509765625
"2147",5104.89013671875
"2148",5098.93994140625
"2149",5163.18017578125
"2150",5210.14013671875
"2151",5218.85986328125
"2152",5208.1201171875
"2153",5171.77001953125
"2154",5146.41015625
"2155",5088.6298828125
"2156",5039.77978515625
"2157",5089.2099609375
"2158",5111.72998046875
"2159",5128.77978515625
"2160",5128.27978515625
"2161",5115.3798828125
"2162",5105.5498046875
"2163",5139.93994140625
"2164",5056.43994140625
"2165",5043.5400390625
"2166",5101.7998046875
"2167",5036.7900390625
"2168",5044.39013671875
"2169",5033.56005859375
"2170",5048.240234375
"2171",5091.7001953125
"2172",5059.35009765625
"2173",5019.0498046875
"2174",4877.490234375
"2175",4706.0400390625
"2176",4526.25
"2177",4506.490234375
"2178",4697.5400390625
"2179",4812.7099609375
"2180",4828.31982421875
"2181",4776.509765625
"2182",4636.10009765625
"2183",4749.97998046875
"2184",4733.5
"2185",4683.919921875
"2186",4811.93017578125
"2187",4756.52978515625
"2188",4796.25
"2189",4822.33984375
"2190",4805.759765625
"2191",4860.52001953125
"2192",4889.240234375
"2193",4893.9501953125
"2194",4827.22998046875
"2195",4828.9501953125
"2196",4756.72021484375
"2197",4752.740234375
"2198",4734.47998046875
"2199",4686.5
"2200",4543.97021484375
"2201",4517.31982421875
"2202",4620.16015625
"2203",4627.080078125
"2204",4707.77978515625
"2205",4781.259765625
"2206",4748.35986328125
"2207",4791.14990234375
"2208",4810.7900390625
"2209",4830.47021484375
"2210",4838.64013671875
"2211",4796.60986328125
"2212",4782.85009765625
"2213",4870.10009765625
"2214",4886.68994140625
"2215",4905.47021484375
"2216",4880.97021484375
"2217",4840.1201171875
"2218",4920.0498046875
"2219",5031.85986328125
"2220",5034.7001953125
"2221",5030.14990234375
"2222",5095.68994140625
"2223",5074.27001953125
"2224",5053.75
"2225",5127.14990234375
"2226",5145.1298828125
"2227",5142.47998046875
"2228",5127.740234375
"2229",5147.1201171875
"2230",5095.2998046875
"2231",5083.240234375
"2232",5067.02001953125
"2233",5005.080078125
"2234",4927.8798828125
"2235",4984.6201171875
"2236",4986.02001953125
"2237",5075.2001953125
"2238",5073.64013671875
"2239",5104.919921875
"2240",5102.47998046875
"2241",5102.81005859375
"2242",5116.14013671875
"2243",5127.52001953125
"2244",5108.669921875
"2245",5156.31005859375
"2246",5123.22021484375
"2247",5037.52978515625
"2248",5142.27001953125
"2249",5101.81005859375
"2250",5098.240234375
"2251",5022.8701171875
"2252",5045.169921875
"2253",4933.47021484375
"2254",4952.22998046875
"2255",4995.35986328125
"2256",5071.1298828125
"2257",5002.5498046875
"2258",4923.080078125
"2259",4968.919921875
"2260",5001.10986328125
"2261",5045.93017578125
"2262",5048.490234375
"2263",5040.990234375
"2264",5107.93994140625
"2265",5065.85009765625
"2266",5007.41015625
"2267",4903.08984375
"2268",4891.43017578125
"2269",4835.759765625
"2270",4689.43017578125
"2271",4643.6298828125
"2272",4637.990234375
"2273",4685.919921875
"2274",4526.06005859375
"2275",4615
"2276",4488.419921875
"2277",4476.9501953125
"2278",4471.68994140625
"2279",4472.06005859375
"2280",4591.18017578125
"2281",4518.490234375
"2282",4567.669921875
"2283",4468.169921875
"2284",4506.68017578125
"2285",4613.9501953125
"2286",4620.3701171875
"2287",4516.9501953125
"2288",4504.240234375
"2289",4509.56005859375
"2290",4363.14013671875
"2291",4283.75
"2292",4268.759765625
"2293",4283.58984375
"2294",4266.83984375
"2295",4337.509765625
"2296",4435.9599609375
"2297",4534.06005859375
"2298",4487.5400390625
"2299",4504.43017578125
"2300",4570.60986328125
"2301",4503.580078125
"2302",4542.60986328125
"2303",4582.2001953125
"2304",4590.47021484375
"2305",4557.9501953125
"2306",4689.60009765625
"2307",4703.419921875
"2308",4707.419921875
"2309",4717.02001953125
"2310",4708.25
"2311",4648.81982421875
"2312",4674.3798828125
"2313",4662.16015625
"2314",4748.47021484375
"2315",4750.27978515625
"2316",4728.669921875
"2317",4763.97021484375
"2318",4774.990234375
"2319",4795.64990234375
"2320",4808.8701171875
"2321",4821.66015625
"2322",4768.85986328125
"2323",4773.5
"2324",4766.7900390625
"2325",4846.6201171875
"2326",4869.2900390625
"2327",4869.85009765625
"2328",4914.5400390625
"2329",4891.7998046875
"2330",4843.93017578125
"2331",4920.72021484375
"2332",4848.3701171875
"2333",4850.68994140625
"2334",4833.39990234375
"2335",4872.08984375
"2336",4947.419921875
"2337",4945.89013671875
"2338",4938.22021484375
"2339",4960.02001953125
"2340",4940.330078125
"2341",4948.1298828125
"2342",4945.89013671875
"2343",4906.22998046875
"2344",4895.7900390625
"2345",4888.27978515625
"2346",4863.14013671875
"2347",4805.2900390625
"2348",4775.35986328125
"2349",4817.58984375
"2350",4763.22021484375
"2351",4725.64013671875
"2352",4717.08984375
"2353",4736.16015625
"2354",4750.2099609375
"2355",4809.8798828125
"2356",4760.68994140625
"2357",4737.330078125
"2358",4717.68017578125
"2359",4775.4599609375
"2360",4715.72998046875
"2361",4739.1201171875
"2362",4712.52978515625
"2363",4769.56005859375
"2364",4765.77978515625
"2365",4861.06005859375
"2366",4894.89013671875
"2367",4901.77001953125
"2368",4933.5
"2369",4948.0498046875
"2370",4952.25
"2371",4971.35986328125
"2372",4942.52001953125
"2373",4968.7099609375
"2374",4961.75
"2375",4974.64013671875
"2376",4958.6201171875
"2377",4894.5498046875
"2378",4848.43994140625
"2379",4843.5498046875
"2380",4834.93017578125
"2381",4844.919921875
"2382",4800.33984375
"2383",4837.2099609375
"2384",4843.759765625
"2385",4833.31982421875
"2386",4910.0400390625
"2387",4707.97998046875
"2388",4594.43994140625
"2389",4691.8701171875
"2390",4779.25
"2391",4842.669921875
"2392",4862.56982421875
"2393",4822.89990234375
"2394",4859.16015625
"2395",4876.81005859375
"2396",4956.759765625
"2397",4988.64013671875
"2398",5022.81982421875
"2399",5005.72998046875
"2400",5034.06005859375
"2401",5029.58984375
"2402",5055.77978515625
"2403",5036.3701171875
"2404",5089.93017578125
"2405",5073.89990234375
"2406",5100.16015625
"2407",5097.6298828125
"2408",5110.0498046875
"2409",5139.81005859375
"2410",5154.97998046875
"2411",5162.1298828125
"2412",5184.2001953125
"2413",5137.72998046875
"2414",5159.740234375
"2415",5166.25
"2416",5221.1201171875
"2417",5213.14013671875
"2418",5225.47998046875
"2419",5204.580078125
"2420",5228.39990234375
"2421",5232.89013671875
"2422",5262.02001953125
"2423",5227.10986328125
"2424",5228.66015625
"2425",5240.14990234375
"2426",5238.3798828125
"2427",5244.60009765625
"2428",5260.080078125
"2429",5217.68994140625
"2430",5212.2001953125
"2431",5218.919921875
"2432",5232.330078125
"2433",5222.990234375
"2434",5213.22021484375
"2435",5227.2099609375
"2436",5249.89990234375
"2437",5275.91015625
"2438",5283.93017578125
"2439",5259.47998046875
"2440",5125.91015625
"2441",5211.89013671875
"2442",5155.25
"2443",5173.77001953125
"2444",5249.68994140625
"2445",5244.56982421875
"2446",5235.02978515625
"2447",5241.35009765625
"2448",5295.18017578125
"2449",5339.52001953125
"2450",5305.75
"2451",5257.490234375
"2452",5305.7099609375
"2453",5318.5498046875
"2454",5269.14990234375
"2455",5312
"2456",5300.8701171875
"2457",5289.66015625
"2458",5316.02001953125
"2459",5306.85009765625
"2460",5292.39990234375
"2461",5328.669921875
"2462",5246.7900390625
"2463",5239.02001953125
"2464",5213.330078125
"2465",5214.16015625
"2466",5199.81982421875
"2467",5243.83984375
"2468",5246.41015625
"2469",5241.830078125
"2470",5257.39990234375
"2471",5309.830078125
"2472",5283.39990234375
"2473",5250.27001953125
"2474",5215.97021484375
"2475",5190.10009765625
"2476",5189.14013671875
"2477",5153.580078125
"2478",5105.56982421875
"2479",5058.41015625
"2480",5046.3701171875
"2481",5166.169921875
"2482",5193.490234375
"2483",5251.06982421875
"2484",5208.7998046875
"2485",5237.10986328125
"2486",5218.39990234375
"2487",5275.6201171875
"2488",5294.580078125
"2489",5333.97021484375
"2490",5321.509765625
"2491",5368.85986328125
"2492",5386.35009765625
"2493",5380.68017578125
"2494",5398.919921875
"2495",5368.81005859375
"2496",5379.919921875
"2497",5323.68017578125
"2498",5251.10986328125
"2499",5255.64990234375
"2500",5308.89013671875
"2501",5333
"2502",5393.759765625
"2503",5417.35986328125
"2504",5444.5
"2505",5412.5400390625
"2506",5463.830078125
"2507",5436.669921875
"2508",5456.85009765625
"2509",5437.16015625
"2510",5457.43994140625
"2511",5483.93994140625
"2512",5471.43017578125
"2513",5447.419921875
"2514",5462.68994140625
"2515",5487.43994140625
"2516",5438.56005859375
"2517",5432.08984375
"2518",5383.1201171875
"2519",5429.080078125
"2520",5477
"2521",5487.93994140625
"2522",5521.06005859375
"2523",5531.81982421875
"2524",5551.81982421875
"2525",5563.64990234375
"2526",5547.490234375
"2527",5574.1201171875
"2528",5538.72998046875
"2529",5555.64990234375
"2530",5540.080078125
"2531",5555.330078125
"2532",5552.93994140625
"2533",5600.9599609375
"2534",5656.33984375
"2535",5655.18017578125
"2536",5660.77978515625
"2537",5613.7099609375
"2538",5614.7900390625
"2539",5642.64990234375
"2540",5636.2001953125
"2541",5666.77001953125
"2542",5663.5498046875
"2543",5674.22021484375
"2544",5682.4501953125
"2545",5715.18017578125
"2546",5734.1298828125
"2547",5763.9599609375
"2548",5782.56982421875
"2549",5819.43994140625
"2550",5814.89990234375
"2551",5838.580078125
"2552",5865.9501953125
"2553",5860.6298828125
"2554",5835.509765625
"2555",5845.31005859375
"2556",5861.89990234375
"2557",5825.43994140625
"2558",5904.02978515625
"2559",5861.22021484375
"2560",5870.75
"2561",5849.18017578125
"2562",5833.93017578125
"2563",5837.5498046875
"2564",5838.81005859375
"2565",5861.72998046875
"2566",5875.77978515625
"2567",5856.81982421875
"2568",5900.0498046875
"2569",5900.759765625
"2570",5901
"2571",5901.52978515625
"2572",5793.830078125
"2573",5821.64013671875
"2574",5817.68994140625
"2575",5828.740234375
"2576",5840.3701171875
"2577",5875.14013671875
"2578",5897.5498046875
"2579",5914.33984375
"2580",5911.740234375
"2581",5894.68017578125
"2582",5898.60986328125
"2583",5864.47998046875
"2584",5878.9501953125
"2585",5877.81005859375
"2586",5880.93017578125
"2587",5866.77001953125
"2588",5836.16015625
"2589",5805.14990234375
"2590",5856.7900390625
"2591",5849.47021484375
"2592",5863.02978515625
"2593",5916.77978515625
"2594",5910.52001953125
"2595",5983.81982421875
"2596",6025.490234375
"2597",6025.22998046875
"2598",6048.93994140625
"2599",6047.60986328125
"2600",6091.60009765625
"2601",6095.3701171875
"2602",6072.5498046875
"2603",6075.33984375
"2604",6100.759765625
"2605",6102.66015625
"2606",6120.58984375
"2607",6129.14013671875
"2608",6115.9599609375
"2609",6121.22998046875
"2610",6149.669921875
"2611",6169.8701171875
"2612",6011.240234375
"2613",6055.1298828125
"2614",6083.7001953125
"2615",6133.6201171875
"2616",6138.7099609375
"2617",6163.02001953125
"2618",6205.259765625
"2619",6210.18994140625
"2620",6203.18994140625
"2621",6198.52001953125
"2622",6246.830078125
"2623",6305.7998046875
"2624",6295.68017578125
"2625",6275.06005859375
"2626",6297.3798828125
"2627",6321.759765625
"2628",6207.919921875
"2629",6175.4599609375
"2630",6220.3701171875
"2631",6194.89013671875
"2632",6165.5
"2633",6151.759765625
"2634",6239.009765625
"2635",6188.02978515625
"2636",6233.9501953125
"2637",6236.68994140625
"2638",6265.25
"2639",6247.14990234375
"2640",6146.6201171875
"2641",6234.41015625
"2642",6144.35009765625
"2643",6140.419921875
"2644",6110.06005859375
"2645",6150.85986328125
"2646",6089.4599609375
"2647",6153.080078125
"2648",6176.39013671875
"2649",6193.2998046875
"2650",6261.169921875
"2651",6274.43994140625
"2652",6312.47021484375
"2653",6314.43017578125
"2654",6344.31005859375
"2655",6385.0400390625
"2656",6390
"2657",6387.75
"2658",6410.81005859375
"2659",6412.169921875
"2660",6422.75
"2661",6382.18994140625
"2662",6374.68017578125
"2663",6348.1201171875
"2664",6362.93994140625
"2665",6362.64990234375
"2666",6340.33984375
"2667",6351.56005859375
"2668",6383.77001953125
"2669",6370.4599609375
"2670",6352.330078125
"2671",6216.8701171875
"2672",6256.56005859375
"2673",6340.22998046875
"2674",6333.009765625
"2675",6345.10986328125
"2676",6221.91015625
"2677",6216.52978515625
"2678",6213.1298828125
"2679",6297.47998046875
"2680",6278.41015625
"2681",6271.330078125
"2682",6265.64013671875
"2683",6283.02001953125
"2684",6301.89013671875
"2685",6368.31005859375
"2686",6428.66015625
"2687",6435.330078125
"2688",6375.56982421875
"2689",6393.31005859375
"2690",6397.8701171875
"2691",6360.18994140625
"2692",6432.259765625
"2693",6454.27978515625
"2694",6460.18994140625
"2695",6429.080078125
"2696",6448.47021484375
"2697",6454.64013671875
"2698",6461.31982421875
"2699",6456.0400390625
"2700",6422.68994140625
"2701",6426.919921875
"2702",6370.58984375
"2703",6380.16015625
"2704",6453.259765625
"2705",6453.4501953125
"2706",6495.9599609375
"2707",6516.72021484375
"2708",6531.7099609375
"2709",6534.6298828125
"2710",6585.35986328125
"2711",6590.18017578125
"2712",6579.72998046875
"2713",6587.25
"2714",6603.5498046875
"2715",6591.509765625
"2716",6605.7998046875
"2717",6624
"2718",6623.66015625
"2719",6624.22021484375
"2720",6605.06982421875
"2721",6629.0498046875
"2722",6586.830078125
"2723",6598.43017578125
"2724",6563.89013671875
"2725",6556.77001953125
"2726",6701.259765625
"2727",6698.9599609375
"2728",6727.669921875
"2729",6716.52978515625
"2730",6714.93994140625
"2731",6764.43994140625
"2732",6786.43994140625
"2733",6767.77978515625
"2734",6789.1201171875
"2735",6750.0498046875
"2736",6750.93994140625
"2737",6757.60009765625
"2738",6737.8701171875
"2739",6706.2099609375
"2740",6793.2900390625
"2741",6782.7900390625
"2742",6790.7099609375
"2743",6862.47998046875
"2744",6867.35986328125
"2745",6889.16015625
"2746",6878.52001953125
"2747",6912.35986328125
"2748",6824.39013671875
"2749",6873.97021484375
"2750",6847.58984375
"2751",6775.3701171875
"2752",6762.2099609375
"2753",6776.3798828125
"2754",6812.83984375
"2755",6840.080078125
"2756",6875.080078125
"2757",6862.31982421875
"2758",6875.7998046875
"2759",6856.52978515625
"2760",6936.580078125
"2761",6994.759765625
"2762",6963.85009765625
"2763",6960.9599609375
"2764",6965.35986328125
"2765",6959.9599609375
"2766",6936.25
"2767",6939.33984375
"2768",6950.16015625
"2769",6903.39013671875
"2770",7006.89990234375
"2771",7065.52978515625
"2772",7077.91015625
"2773",7136.56005859375
"2774",7157.39013671875
"2775",7163.580078125
"2776",7153.56982421875
"2777",7211.77978515625
"2778",7261.06005859375
"2779",7223.68994140625
"2780",7298.27978515625
"2781",7296.0498046875
"2782",7336.3798828125
"2783",7408.02978515625
"2784",7460.2900390625
"2785",7415.06005859375
"2786",7411.16015625
"2787",7505.77001953125
"2788",7466.509765625
"2789",7402.47998046875
"2790",7411.47998046875
"2791",7385.85986328125
"2792",7240.9501953125
"2793",6967.52978515625
"2794",7115.8798828125
"2795",7051.97998046875
"2796",6777.16015625
"2797",6874.490234375
"2798",6981.9599609375
"2799",7013.509765625
"2800",7143.6201171875
"2801",7256.43017578125
"2802",7239.47021484375
"2803",7234.31005859375
"2804",7218.22998046875
"2805",7210.08984375
"2806",7337.39013671875
"2807",7421.4599609375
"2808",7330.35009765625
"2809",7273.009765625
"2810",7180.56005859375
"2811",7257.8701171875
"2812",7330.7099609375
"2813",7372.009765625
"2814",7396.64990234375
"2815",7427.9501953125
"2816",7560.81005859375
"2817",7588.31982421875
"2818",7511.009765625
"2819",7496.81005859375
"2820",7481.740234375
"2821",7481.990234375
"2822",7344.240234375
"2823",7364.2998046875
"2824",7345.2900390625
"2825",7166.68017578125
"2826",6992.669921875
"2827",7220.5400390625
"2828",7008.81005859375
"2829",6949.22998046875
"2830",7063.4501953125
"2831",6870.1201171875
"2832",6941.27978515625
"2833",7042.10986328125
"2834",7076.5498046875
"2835",6915.10986328125
"2836",6950.33984375
"2837",7094.2998046875
"2838",7069.02978515625
"2839",7140.25
"2840",7106.64990234375
"2841",7156.27978515625
"2842",7281.10009765625
"2843",7295.240234375
"2844",7238.06005859375
"2845",7146.1298828125
"2846",7128.60009765625
"2847",7007.35009765625
"2848",7003.740234375
"2849",7118.68017578125
"2850",7119.7998046875
"2851",7066.27001953125
"2852",7130.7001953125
"2853",7100.89990234375
"2854",7088.14990234375
"2855",7209.6201171875
"2856",7265.2099609375
"2857",7266.89990234375
"2858",7339.91015625
"2859",7404.97021484375
"2860",7402.8798828125
"2861",7411.31982421875
"2862",7351.6298828125
"2863",7398.2998046875
"2864",7382.47021484375
"2865",7354.33984375
"2866",7394.0400390625
"2867",7378.4599609375
"2868",7425.9599609375
"2869",7424.43017578125
"2870",7433.85009765625
"2871",7396.58984375
"2872",7462.4501953125
"2873",7442.1201171875
"2874",7554.330078125
"2875",7606.4599609375
"2876",7637.85986328125
"2877",7689.240234375
"2878",7635.06982421875
"2879",7645.509765625
"2880",7659.93017578125
"2881",7703.7900390625
"2882",7695.7001953125
"2883",7761.0400390625
"2884",7746.3798828125
"2885",7747.02978515625
"2886",7725.58984375
"2887",7781.509765625
"2888",7712.9501953125
"2889",7692.81982421875
"2890",7532.009765625
"2891",7561.6298828125
"2892",7445.080078125
"2893",7503.68017578125
"2894",7510.2998046875
"2895",7567.68994140625
"2896",7502.669921875
"2897",7586.43017578125
"2898",7688.39013671875
"2899",7756.2001953125
"2900",7759.2001953125
"2901",7716.60986328125
"2902",7823.919921875
"2903",7825.97998046875
"2904",7805.72021484375
"2905",7855.1201171875
"2906",7854.43994140625
"2907",7825.2998046875
"2908",7820.2001953125
"2909",7841.8701171875
"2910",7840.77001953125
"2911",7932.240234375
"2912",7852.18017578125
"2913",7737.419921875
"2914",7630
"2915",7671.7900390625
"2916",7707.2900390625
"2917",7802.68994140625
"2918",7812.009765625
"2919",7859.68017578125
"2920",7883.66015625
"2921",7888.330078125
"2922",7891.77978515625
"2923",7839.10986328125
"2924",7819.7099609375
"2925",7870.89013671875
"2926",7774.1201171875
"2927",7806.52001953125
"2928",7816.330078125
"2929",7821.009765625
"2930",7859.169921875
"2931",7889.10009765625
"2932",7878.4599609375
"2933",7945.97998046875
"2934",8017.89990234375
"2935",8030.0400390625
"2936",8109.68994140625
"2937",8088.35986328125
"2938",8109.5400390625
"2939",8091.25
"2940",7995.169921875
"2941",7922.72998046875
"2942",7902.5400390625
"2943",7924.16015625
"2944",7972.47021484375
"2945",7954.22998046875
"2946",8013.7099609375
"2947",8010.0400390625
"2948",7895.7900390625
"2949",7956.10986328125
"2950",7950.0400390625
"2951",8028.22998046875
"2952",7986.9599609375
"2953",7993.25
"2954",8007.47021484375
"2955",7990.3701171875
"2956",8041.97021484375
"2957",8046.35009765625
"2958",8037.2998046875
"2959",7999.5498046875
"2960",8025.08984375
"2961",7879.509765625
"2962",7788.4501953125
"2963",7735.9501953125
"2964",7738.02001953125
"2965",7422.0498046875
"2966",7329.06005859375
"2967",7496.89013671875
"2968",7430.740234375
"2969",7645.490234375
"2970",7642.7001953125
"2971",7485.14013671875
"2972",7449.02978515625
"2973",7468.6298828125
"2974",7437.5400390625
"2975",7108.39990234375
"2976",7318.33984375
"2977",7167.2099609375
"2978",7050.2900390625
"2979",7161.64990234375
"2980",7305.89990234375
"2981",7434.06005859375
"2982",7356.990234375
"2983",7328.85009765625
"2984",7375.9599609375
"2985",7570.75
"2986",7530.8798828125
"2987",7406.89990234375
"2988",7200.8701171875
"2989",7200.8701171875
"2990",7136.39013671875
"2991",7259.02978515625
"2992",7247.8701171875
"2993",7028.47998046875
"2994",6908.81982421875
"2995",6972.25
"2996",6938.97998046875
"2997",7081.85009765625
"2998",7082.7001953125
"2999",7291.58984375
"3000",7273.080078125
"3001",7330.5400390625
"3002",7441.509765625
"3003",7158.43017578125
"3004",7188.259765625
"3005",6969.25
"3006",7020.52001953125
"3007",7031.830078125
"3008",7098.31005859375
"3009",7070.330078125
"3010",6910.66015625
"3011",6753.72998046875
"3012",6783.91015625
"3013",6636.830078125
"3014",6528.41015625
"3015",6332.990234375
"3016",6192.919921875
"3017",6554.35986328125
"3018",6579.490234375
"3019",6584.52001953125
"3020",6635.27978515625
"3021",6665.93994140625
"3022",6463.5
"3023",6738.85986328125
"3024",6823.47021484375
"3025",6897
"3026",6957.080078125
"3027",6986.06982421875
"3028",6971.47998046875
"3029",6905.919921875
"3030",7023.830078125
"3031",7034.68994140625
"3032",7084.4599609375
"3033",7157.22998046875
"3034",7020.35986328125
"3035",7025.77001953125
"3036",7073.4599609375
"3037",7164.85986328125
"3038",7085.68017578125
"3039",7028.2900390625
"3040",7183.080078125
"3041",7281.740234375
"3042",7263.8701171875
"3043",7347.5400390625
"3044",7402.080078125
"3045",7375.27978515625
"3046",7288.35009765625
"3047",7298.2001953125
"3048",7307.89990234375
"3049",7414.6201171875
"3050",7420.3798828125
"3051",7426.9501953125
"3052",7472.41015625
"3053",7486.77001953125
"3054",7489.06982421875
"3055",7459.7099609375
"3056",7527.5400390625
"3057",7554.4599609375
"3058",7549.2998046875
"3059",7554.509765625
"3060",7532.52978515625
"3061",7595.35009765625
"3062",7577.56982421875
"3063",7576.35986328125
"3064",7505.919921875
"3065",7421.4599609375
"3066",7408.14013671875
"3067",7558.06005859375
"3068",7591.02978515625
"3069",7643.41015625
"3070",7630.91015625
"3071",7688.52978515625
"3072",7714.47998046875
"3073",7723.9501953125
"3074",7728.97021484375
"3075",7838.9599609375
"3076",7642.669921875
"3077",7637.5400390625
"3078",7691.52001953125
"3079",7643.3798828125
"3080",7669.169921875
"3081",7729.31982421875
"3082",7828.91015625
"3083",7848.68994140625
"3084",7895.5498046875
"3085",7891.77978515625
"3086",7938.68994140625
"3087",7953.8798828125
"3088",7909.27978515625
"3089",7964.240234375
"3090",7947.35986328125
"3091",7984.16015625
"3092",7976.009765625
"3093",8000.22998046875
"3094",7996.080078125
"3095",7998.06005859375
"3096",8015.27001953125
"3097",8120.81982421875
"3098",8102.009765625
"3099",8118.68017578125
"3100",8146.39990234375
"3101",8161.85009765625
"3102",8095.39013671875
"3103",8049.64013671875
"3104",8036.77001953125
"3105",8164
"3106",8123.2900390625
"3107",7963.759765625
"3108",7943.31982421875
"3109",7910.58984375
"3110",7916.93994140625
"3111",7647.02001953125
"3112",7734.490234375
"3113",7822.14990234375
"3114",7898.0498046875
"3115",7816.27978515625
"3116",7702.3798828125
"3117",7785.72021484375
"3118",7750.83984375
"3119",7628.27978515625
"3120",7637.009765625
"3121",7607.35009765625
"3122",7547.31005859375
"3123",7567.72021484375
"3124",7453.14990234375
"3125",7333.02001953125
"3126",7527.1201171875
"3127",7575.47998046875
"3128",7615.5498046875
"3129",7742.10009765625
"3130",7823.169921875
"3131",7822.56982421875
"3132",7792.72021484375
"3133",7837.1298828125
"3134",7796.66015625
"3135",7845.02001953125
"3136",7953.8798828125
"3137",7987.31982421875
"3138",8051.33984375
"3139",8031.7099609375
"3140",8005.7001953125
"3141",7884.72021484375
"3142",7909.97021484375
"3143",7967.759765625
"3144",8006.240234375
"3145",8091.16015625
"3146",8109.08984375
"3147",8170.22998046875
"3148",8161.7900390625
"3149",8098.3798828125
"3150",8141.72998046875
"3151",8202.5302734375
"3152",8196.0400390625
"3153",8244.1396484375
"3154",8258.1904296875
"3155",8222.7998046875
"3156",8185.2099609375
"3157",8207.240234375
"3158",8146.490234375
"3159",8204.1396484375
"3160",8251.400390625
"3161",8321.5
"3162",8238.5400390625
"3163",8330.2099609375
"3164",8293.330078125
"3165",8273.6103515625
"3166",8175.419921875
"3167",8111.1201171875
"3168",8004.06982421875
"3169",7726.0400390625
"3170",7833.27001953125
"3171",7862.830078125
"3172",8039.16015625
"3173",7959.14013671875
"3174",7863.41015625
"3175",8016.35986328125
"3176",7773.93994140625
"3177",7766.6201171875
"3178",7895.990234375
"3179",8002.81005859375
"3180",7948.56005859375
"3181",8020.2099609375
"3182",7991.39013671875
"3183",7751.77001953125
"3184",7853.740234375
"3185",7826.9501953125
"3186",7856.8798828125
"3187",7973.39013671875
"3188",7962.8798828125
"3189",7874.16015625
"3190",7976.8798828125
"3191",8116.830078125
"3192",8103.06982421875
"3193",8087.43994140625
"3194",8084.16015625
"3195",8169.68017578125
"3196",8194.4697265625
"3197",8176.7099609375
"3198",8153.5400390625
"3199",8186.02001953125
"3200",8177.39013671875
"3201",8182.8798828125
"3202",8117.669921875
"3203",8112.4599609375
"3204",7993.6298828125
"3205",8077.3798828125
"3206",8030.66015625
"3207",7939.6298828125
"3208",7999.33984375
"3209",7908.68017578125
"3210",7785.25
"3211",7872.259765625
"3212",7982.47021484375
"3213",7956.2900390625
"3214",7823.77978515625
"3215",7903.740234375
"3216",7950.77978515625
"3217",8057.0400390625
"3218",8048.64990234375
"3219",8148.7099609375
"3220",8124.18017578125
"3221",8156.85009765625
"3222",8089.5400390625
"3223",8162.990234375
"3224",8104.2998046875
"3225",8119.7900390625
"3226",8185.7998046875
"3227",8243.1201171875
"3228",8325.990234375
"3229",8276.849609375
"3230",8303.98046875
"3231",8292.3603515625
"3232",8386.400390625
"3233",8433.2001953125
"3234",8434.6796875
"3235",8410.6298828125
"3236",8434.51953125
"3237",8475.3095703125
"3238",8464.2802734375
"3239",8486.08984375
"3240",8482.099609375
"3241",8479.01953125
"3242",8540.830078125
"3243",8549.9404296875
"3244",8570.66015625
"3245",8526.73046875
"3246",8506.2099609375
"3247",8519.8798828125
"3248",8632.490234375
"3249",8647.9296875
"3250",8705.1796875
"3251",8665.4697265625
"3252",8567.990234375
"3253",8520.6396484375
"3254",8566.669921875
"3255",8570.7001953125
"3256",8656.5302734375
"3257",8621.830078125
"3258",8616.1796875
"3259",8654.0498046875
"3260",8717.3203125
"3261",8734.8798828125
"3262",8814.23046875
"3263",8823.3603515625
"3264",8827.740234375
"3265",8887.2197265625
"3266",8924.9599609375
"3267",8945.650390625
"3268",8952.8798828125
"3269",9022.3896484375
"3270",9006.6201171875
"3271",8945.990234375
"3272",8972.599609375
"3273",9092.1904296875
"3274",9020.76953125
"3275",9071.4697265625
"3276",9068.580078125
"3277",9129.240234375
"3278",9203.4296875
"3279",9178.8603515625
"3280",9273.9296875
"3281",9251.330078125
"3282",9258.7001953125
"3283",9357.1298828125
"3284",9388.9404296875
"3285",9370.8095703125
"3286",9383.76953125
"3287",9402.48046875
"3288",9314.91015625
"3289",9139.3095703125
"3290",9269.6796875
"3291",9275.16015625
"3292",9298.9296875
"3293",9150.9404296875
"3294",9273.400390625
"3295",9467.9697265625
"3296",9508.6796875
"3297",9572.150390625
"3298",9520.509765625
"3299",9628.3896484375
"3300",9638.9404296875
"3301",9725.9599609375
"3302",9711.9697265625
"3303",9731.1796875
"3304",9732.740234375
"3305",9817.1796875
"3306",9750.9697265625
"3307",9576.58984375
"3308",9221.2802734375
"3309",8965.6103515625
"3310",8980.7802734375
"3311",8566.48046875
"3312",8567.3701171875
"3313",8952.169921875
"3314",8684.08984375
"3315",9018.08984375
"3316",8738.58984375
"3317",8575.6201171875
"3318",7950.68017578125
"3319",8344.25
"3320",7952.0498046875
"3321",7201.7998046875
"3322",7874.8798828125
"3323",6904.58984375
"3324",7334.77978515625
"3325",6989.83984375
"3326",7150.580078125
"3327",6879.52001953125
"3328",6860.669921875
"3329",7417.85986328125
"3330",7384.2998046875
"3331",7797.5400390625
"3332",7502.3798828125
"3333",7774.14990234375
"3334",7700.10009765625
"3335",7360.580078125
"3336",7487.31005859375
"3337",7373.080078125
"3338",7913.240234375
"3339",7887.259765625
"3340",8090.89990234375
"3341",8153.580078125
"3342",8192.419921875
"3343",8515.740234375
"3344",8393.1796875
"3345",8532.3603515625
"3346",8650.1396484375
"3347",8560.73046875
"3348",8263.23046875
"3349",8495.3798828125
"3350",8494.75
"3351",8634.51953125
"3352",8730.16015625
"3353",8607.73046875
"3354",8914.7099609375
"3355",8889.5498046875
"3356",8604.9501953125
"3357",8710.7099609375
"3358",8809.1201171875
"3359",8854.3896484375
"3360",8979.66015625
"3361",9121.3203125
"3362",9192.33984375
"3363",9002.5498046875
"3364",8863.169921875
"3365",8943.7197265625
"3366",9014.5595703125
"3367",9234.830078125
"3368",9185.099609375
"3369",9375.7802734375
"3370",9284.8798828125
"3371",9324.58984375
"3372",9340.2197265625
"3373",9412.3603515625
"3374",9368.990234375
"3375",9489.8701171875
"3376",9552.0498046875
"3377",9608.3798828125
"3378",9682.91015625
"3379",9615.8095703125
"3380",9814.080078125
"3381",9924.75
"3382",9953.75
"3383",10020.349609375
"3384",9492.73046875
"3385",9588.8095703125
"3386",9726.01953125
"3387",9895.8701171875
"3388",9910.5302734375
"3389",9943.0498046875
"3390",9946.1201171875
"3391",10056.48046875
"3392",10131.3701171875
"3393",9909.169921875
"3394",10017
"3395",9757.2197265625
"3396",9874.150390625
"3397",10058.76953125
"3398",10154.6298828125
"3399",10207.6298828125
"3400",10433.650390625
"3401",10343.8896484375
"3402",10492.5
"3403",10547.75
"3404",10617.4404296875
"3405",10390.83984375
"3406",10488.580078125
"3407",10550.490234375
"3408",10473.830078125
"3409",10503.1904296875
"3410",10767.08984375
"3411",10680.3603515625
"3412",10706.1298828125
"3413",10461.419921875
"3414",10363.1796875
"3415",10536.26953125
"3416",10402.08984375
"3417",10542.9404296875
"3418",10587.8095703125
"3419",10745.26953125
"3420",10902.7998046875
"3421",10941.169921875
"3422",10998.400390625
"3423",11108.0703125
"3424",11010.98046875
"3425",10968.3603515625
"3426",10782.8203125
"3427",11012.240234375
"3428",11042.5
"3429",11019.2998046875
"3430",11129.73046875
"3431",11210.83984375
"3432",11146.4599609375
"3433",11264.9501953125
"3434",11311.7998046875
"3435",11379.7197265625
"3436",11466.4697265625
"3437",11665.0595703125
"3438",11625.33984375
"3439",11695.6298828125
"3440",11775.4599609375
"3441",11939.669921875
"3442",12056.4404296875
"3443",11458.099609375
"3444",11313.1298828125
"3445",10847.6904296875
"3446",11141.5595703125
"3447",10919.58984375
"3448",10853.5498046875
"3449",11056.650390625
"3450",11190.3203125
"3451",11050.4697265625
"3452",10910.2802734375
"3453",10793.2802734375
"3454",10778.7998046875
"3455",10963.6396484375
"3456",10632.990234375
"3457",10672.26953125
"3458",10913.5595703125
"3459",11117.5302734375
"3460",11085.25
"3461",11167.509765625
"3462",11326.509765625
"3463",11075.01953125
"3464",11332.490234375
"3465",11154.599609375
"3466",11364.599609375
"3467",11420.98046875
"3468",11579.9404296875
"3469",11876.259765625
"3470",11863.900390625
"3471",11768.73046875
"3472",11713.8701171875
"3473",11671.5595703125
"3474",11478.8798828125
"3475",11516.490234375
"3476",11484.6904296875
"3477",11506.009765625
"3478",11548.2802734375
"3479",11358.9404296875
"3480",11431.349609375
"3481",11004.8701171875
"3482",11185.58984375
"3483",10911.58984375
"3484",10957.6103515625
"3485",11160.5703125
"3486",11590.7802734375
"3487",11890.9296875
"3488",11895.23046875
"3489",11713.7802734375
"3490",11553.8603515625
"3491",11786.4296875
"3492",11709.58984375
"3493",11829.2900390625
"3494",11924.1298828125
"3495",11899.33984375
"3496",11801.599609375
"3497",11904.7099609375
"3498",11854.9697265625
"3499",11880.6298828125
"3500",12036.7900390625
"3501",12094.400390625
"3502",12205.849609375
"3503",12198.740234375
"3504",12355.1103515625
"3505",12349.3701171875
"3506",12377.1796875
"3507",12464.23046875
"3508",12519.9501953125
"3509",12582.76953125
"3510",12338.9501953125
"3511",12405.8095703125
"3512",12377.8701171875
"3513",12440.0400390625
"3514",12595.0595703125
"3515",12658.1904296875
"3516",12764.75
"3517",12755.6396484375
"3518",12742.51953125
"3519",12807.919921875
"3520",12771.1103515625
"3521",12804.73046875
"3522",12899.419921875
"3523",12850.2197265625
"3524",12870
"3525",12888.2802734375
"3526",12698.4501953125
"3527",12818.9599609375
"3528",12740.7900390625
"3529",13067.48046875
"3530",13201.98046875
"3531",13036.4296875
"3532",13072.4296875
"3533",13128.9501953125
"3534",13112.6396484375
"3535",12998.5
"3536",13197.1796875
"3537",13457.25
"3538",13530.91015625
"3539",13543.0595703125
"3540",13635.990234375
"3541",13626.0595703125
"3542",13270.599609375
"3543",13337.16015625
"3544",13070.6904296875
"3545",13403.3896484375
"3546",13612.7802734375
"3547",13610.5400390625
"3548",13777.740234375
"3549",13856.2998046875
"3550",13987.6396484375
"3551",14007.7001953125
"3552",13972.5302734375
"3553",14025.76953125
"3554",14095.4697265625
"3555",14047.5
"3556",13965.490234375
"3557",13865.3603515625
"3558",13874.4599609375
"3559",13533.0498046875
"3560",13465.2001953125
"3561",13597.9697265625
"3562",13119.4296875
"3563",13192.349609375
"3564",13588.830078125
"3565",13358.7900390625
"3566",12997.75
"3567",12723.4697265625
"3568",12920.150390625
"3569",12609.16015625
"3570",13073.8203125
"3571",13068.830078125
"3572",13398.669921875
"3573",13319.8603515625
"3574",13459.7099609375
"3575",13471.5703125
"3576",13525.2001953125
"3577",13116.169921875
"3578",13215.240234375
"3579",13377.5400390625
"3580",13227.7001953125
"3581",12961.8896484375
"3582",12977.6796875
"3583",13138.73046875
"3584",13059.650390625
"3585",13045.3896484375
"3586",13246.8701171875
"3587",13480.1103515625
"3588",13705.58984375
"3589",13698.3798828125
"3590",13688.83984375
"3591",13829.3095703125
"3592",13900.1904296875
"3593",13850
"3594",13996.099609375
"3595",13857.83984375
"3596",14038.759765625
"3597",14052.33984375
"3598",13914.76953125
"3599",13786.26953125
"3600",13950.2197265625
"3601",13818.41015625
"3602",14016.8095703125
"3603",14138.7802734375
"3604",14090.2197265625
"3605",14051.0302734375
"3606",14082.5498046875
"3607",13962.6796875
"3608",13895.1201171875
"3609",13633.5
"3610",13582.419921875
"3611",13632.83984375
"3612",13752.240234375
"3613",13401.8603515625
"3614",13389.4296875
"3615",13031.6796875
"3616",13124.990234375
"3617",13429.98046875
"3618",13379.0498046875
"3619",13303.6396484375
"3620",13299.740234375
"3621",13535.740234375
"3622",13470.990234375
"3623",13661.169921875
"3624",13657.169921875
"3625",13738
"3626",13736.2802734375
"3627",13748.740234375
"3628",13736.48046875
"3629",13756.330078125
"3630",13614.509765625
"3631",13814.490234375
"3632",13881.7197265625
"3633",13924.91015625
"3634",13911.75
"3635",14020.330078125
"3636",14069.419921875
"3637",14174.1396484375
"3638",14072.8603515625
"3639",14039.6796875
"3640",14161.349609375
"3641",14030.3798828125
"3642",14141.48046875
"3643",14253.26953125
"3644",14271.73046875
"3645",14369.7099609375
"3646",14360.3896484375
"3647",14500.509765625
"3648",14528.330078125
"3649",14503.9501953125
"3650",14522.3798828125
"3651",14639.330078125
"3652",14663.6396484375
"3653",14665.0595703125
"3654",14559.7802734375
"3655",14701.919921875
"3656",14733.240234375
"3657",14677.650390625
"3658",14644.9501953125
"3659",14543.1298828125
"3660",14427.240234375
"3661",14274.98046875
"3662",14498.8798828125
"3663",14631.9501953125
"3664",14684.599609375
"3665",14836.990234375
"3666",14840.7099609375
"3667",14660.580078125
"3668",14762.580078125
"3669",14778.259765625
"3670",14672.6796875
"3671",14681.0703125
"3672",14761.2900390625
"3673",14780.5302734375
"3674",14895.1201171875
"3675",14835.759765625
"3676",14860.1796875
"3677",14788.08984375
"3678",14765.1396484375
"3679",14816.259765625
"3680",14822.900390625
"3681",14793.759765625
"3682",14656.1796875
"3683",14525.91015625
"3684",14541.7900390625
"3685",14714.66015625
"3686",14942.650390625
"3687",15019.7998046875
"3688",15041.8603515625
"3689",14945.8095703125
"3690",15129.5
"3691",15265.8896484375
"3692",15259.240234375
"3693",15309.3798828125
"3694",15331.1796875
"3695",15363.51953125
"3696",15374.330078125
"3697",15286.6396484375
"3698",15248.25
"3699",15115.490234375
"3700",15105.580078125
"3701",15037.759765625
"3702",15161.5302734375
"3703",15181.919921875
"3704",15043.9697265625
"3705",14713.900390625
"3706",14746.400390625
"3707",14896.849609375
"3708",15052.240234375
"3709",15047.7001953125
"3710",14969.9697265625
"3711",14546.6796875
"3712",14512.4404296875
"3713",14448.580078125
"3714",14566.7001953125
"3715",14255.48046875
"3716",14433.830078125
"3717",14501.91015625
"3718",14654.01953125
"3719",14579.5400390625
"3720",14486.2001953125
"3721",14465.919921875
"3722",14571.6396484375
"3723",14823.4296875
"3724",14897.33984375
"3725",15021.8095703125
"3726",15129.08984375
"3727",15121.6796875
"3728",15215.7001953125
"3729",15090.2001953125
"3730",15226.7099609375
"3731",15235.7099609375
"3732",15235.83984375
"3733",15448.1201171875
"3734",15498.3896484375
"3735",15595.919921875
"3736",15649.599609375
"3737",15811.580078125
"3738",15940.3095703125
"3739",15971.58984375
"3740",15982.3603515625
"3741",15886.5400390625
"3742",15622.7099609375
"3743",15704.2802734375
"3744",15860.9599609375
"3745",15853.849609375
"3746",15973.8603515625
"3747",15921.5703125
"3748",15993.7099609375
"3749",16057.4404296875
"3750",15854.759765625
"3751",15775.1396484375
"3752",15845.23046875
"3753",15491.66015625
"3754",15782.830078125
"3755",15537.6904296875
"3756",15254.0498046875
"3757",15381.3203125
"3758",15085.4697265625
"3759",15225.150390625
"3760",15686.919921875
"3761",15786.990234375
"3762",15517.3701171875
"3763",15630.599609375
"3764",15413.2802734375
"3765",15237.6396484375
"3766",15565.580078125
"3767",15180.4296875
"3768",15169.6796875
"3769",14980.9404296875
"3770",15341.08984375
"3771",15521.8896484375
"3772",15653.3701171875
"3773",15871.259765625
"3774",15781.7197265625
"3775",15766.2197265625
"3776",15741.5595703125
"3777",15644.9697265625
"3778",15832.7998046875
"3779",15622.7197265625
"3780",15100.169921875
"3781",15080.8603515625
"3782",14935.900390625
"3783",14942.830078125
"3784",15153.4501953125
"3785",15188.3896484375
"3786",14806.8095703125
"3787",14893.75
"3788",14506.900390625
"3789",14340.259765625
"3790",14154.01953125
"3791",13768.919921875
"3792",13855.1298828125
"3793",13539.2900390625
"3794",13542.1201171875
"3795",13352.7802734375
"3796",13770.5703125
"3797",14239.8798828125
"3798",14346
"3799",14417.5498046875
"3800",13878.8203125
"3801",14098.009765625
"3802",14015.669921875
"3803",14194.4501953125
"3804",14490.3701171875
"3805",14185.6396484375
"3806",13791.150390625
"3807",13790.919921875
"3808",14139.759765625
"3809",14124.08984375
"3810",13716.7197265625
"3811",13548.0703125
"3812",13381.51953125
"3813",13037.490234375
"3814",13473.58984375
"3815",13694.6201171875
"3816",13751.400390625
"3817",13532.4599609375
"3818",13752.01953125
"3819",13537.9404296875
"3820",13313.4404296875
"3821",12830.9599609375
"3822",12795.5498046875
"3823",13255.5498046875
"3824",13129.9599609375
"3825",12843.8095703125
"3826",12581.2197265625
"3827",12948.6201171875
"3828",13436.5498046875
"3829",13614.7802734375
"3830",13893.83984375
"3831",13838.4599609375
"3832",14108.8203125
"3833",13922.599609375
"3834",14191.83984375
"3835",14169.2998046875
"3836",14354.900390625
"3837",14619.6396484375
"3838",14442.26953125
"3839",14220.51953125
"3840",14261.5
"3841",14532.5498046875
"3842",14204.169921875
"3843",13888.8203125
"3844",13897.2998046875
"3845",13711
"3846",13411.9599609375
"3847",13371.5703125
"3848",13643.58984375
"3849",13351.080078125
"3850",13332.3603515625
"3851",13619.66015625
"3852",13453.0703125
"3853",13174.650390625
"3854",12839.2900390625
"3855",13004.849609375
"3856",12490.740234375
"3857",12488.9296875
"3858",12871.5302734375
"3859",12334.6396484375
"3860",12536.01953125
"3861",12563.759765625
"3862",12964.8603515625
"3863",12317.6904296875
"3864",12144.66015625
"3865",11623.25
"3866",11737.669921875
"3867",11364.240234375
"3868",11370.9599609375
"3869",11805
"3870",11662.7900390625
"3871",11984.51953125
"3872",11418.150390625
"3873",11388.5
"3874",11354.6201171875
"3875",11535.26953125
"3876",11264.4501953125
"3877",11434.740234375
"3878",11740.650390625
"3879",12131.1298828125
"3880",12081.3896484375
"3881",11994.4599609375
"3882",12316.900390625
"3883",12012.73046875
"3884",12061.3701171875
"3885",12175.23046875
"3886",12086.26953125
"3887",11754.23046875
"3888",11340.01953125
"3889",10809.23046875
"3890",10828.349609375
"3891",11099.150390625
"3892",10646.099609375
"3893",10798.349609375
"3894",11069.2998046875
"3895",11053.080078125
"3896",11232.1904296875
"3897",11607.6201171875
"3898",11524.5498046875
"3899",11181.5400390625
"3900",11177.8896484375
"3901",11028.740234375
"3902",11127.849609375
"3903",11322.240234375
"3904",11361.849609375
"3905",11621.349609375
"3906",11635.3095703125
"3907",11372.599609375
"3908",11264.73046875
"3909",11247.580078125
"3910",11251.1904296875
"3911",11452.419921875
"3912",11360.0498046875
"3913",11713.150390625
"3914",11897.650390625
"3915",12059.6103515625
"3916",11834.1103515625
"3917",11782.669921875
"3918",11562.5703125
"3919",12032.419921875
"3920",12162.58984375
"3921",12390.6904296875
"3922",12368.98046875
"3923",12348.759765625
"3924",12668.16015625
"3925",12720.580078125
"3926",12657.5498046875
"3927",12644.4599609375
"3928",12493.9296875
"3929",12854.7998046875
"3930",12779.91015625
"3931",13047.1904296875
"3932",13128.0498046875
"3933",13102.5498046875
"3934",12938.1201171875
"3935",12965.33984375
"3936",12705.2197265625
"3937",12381.5703125
"3938",12381.2998046875
"3939",12431.5302734375
"3940",12639.26953125
"3941",12141.7099609375
"3942",12017.669921875
"3943",11883.1396484375
"3944",11816.2001953125
"3945",11785.1298828125
"3946",11630.8603515625
"3947",11544.91015625
"3948",11791.900390625
"3949",11862.1298828125
"3950",12112.3095703125
"3951",12266.41015625
"3952",11633.5703125
"3953",11719.6796875
"3954",11552.3603515625
"3955",11448.400390625
"3956",11535.01953125
"3957",11425.0498046875
"3958",11220.1904296875
"3959",11066.8095703125
"3960",10867.9296875
"3961",10802.919921875
"3962",10829.5
"3963",11051.6396484375
"3964",10737.509765625
"3965",10575.6201171875
"3966",10815.4296875
"3967",11176.41015625
"3968",11148.6396484375
"3969",11073.3095703125
"3970",10652.400390625
"3971",10542.099609375
"3972",10426.1904296875
"3973",10417.099609375
"3974",10649.150390625
"3975",10321.3896484375
"3976",10675.7998046875
"3977",10772.400390625
"3978",10680.509765625
"3979",10614.83984375
"3980",10859.7197265625
"3981",10952.6103515625
"3982",11199.1201171875
"3983",10970.990234375
"3984",10792.669921875
"3985",11102.4501953125
"3986",10988.150390625
"3987",10890.849609375
"3988",10524.7998046875
"3989",10342.9404296875
"3990",10475.25
"3991",10564.51953125
"3992",10616.2001953125
"3993",10353.169921875
"3994",11114.150390625
"3995",11323.330078125
"3996",11196.2197265625
"3997",11358.41015625
"3998",11183.66015625
"3999",11144.9599609375
"4000",11146.0595703125
"4001",11024.509765625
"4002",11174.41015625
"4003",11285.3203125
"4004",11226.3603515625
"4005",11049.5
"4006",10983.7802734375
"4007",11468
"4008",11482.4501953125
"4009",11461.5
"4010",11239.9404296875
"4011",11014.8896484375
"4012",10958.5498046875
"4013",11082
"4014",11004.6201171875
"4015",11143.740234375
"4016",11256.8095703125
"4017",11170.8896484375
"4018",10810.5302734375
"4019",10705.41015625
"4020",10546.0302734375
"4021",10547.1103515625
"4022",10709.3701171875
"4023",10476.1201171875
"4024",10497.8603515625
"4025",10353.23046875
"4026",10213.2900390625
"4027",10478.08984375
"4028",10466.48046875
"4029",10386.98046875
"4030",10458.759765625
"4031",10305.240234375
"4032",10569.2900390625
"4033",10635.650390625
"4034",10742.6298828125
"4035",10931.669921875
"4036",11001.099609375
"4037",11079.16015625
"4038",11095.1103515625
"4039",10957.009765625
"4040",10852.26953125
"4041",11140.4296875
"4042",11364.41015625
"4043",11334.26953125
"4044",11313.3603515625
"4045",11512.41015625
"4046",11621.7099609375
"4047",11393.8095703125
"4048",11584.5498046875
"4049",11816.3203125
"4050",12200.8203125
"4051",12006.9501953125
"4052",11887.4501953125
"4053",12113.7900390625
"4054",11910.51953125
"4055",11789.580078125
"4056",11718.1201171875
"4057",11891.7900390625
"4058",11960.150390625
"4059",12070.58984375
"4060",11855.830078125
"4061",11787.26953125
"4062",11492.2998046875
"4063",11507.0703125
"4064",11590.400390625
"4065",11394.9404296875
"4066",11466.98046875
"4067",11455.5400390625
"4068",11379.48046875
"4069",11462.98046875
"4070",11689.009765625
"4071",11675.740234375
"4072",11530.330078125
"4073",11576
"4074",11338.349609375
"4075",11138.8896484375
"4076",11188.83984375
"4077",11428.150390625
"4078",11434.0498046875
"4079",11717.2802734375
"4080",11630.509765625
"4081",11675.5400390625
"4082",11860.1103515625
"4083",11669.9599609375
"4084",11787.400390625
"4085",11823.9599609375
"4086",11768.83984375
"4087",11716.080078125
"4088",11926.240234375
"4089",12013.4697265625
"4090",12221.91015625
"4091",12189.4501953125
"4092",12126.330078125
"4093",11996.8603515625
"4094",12087.9599609375
"4095",12084.3603515625
"4096",12031.8798828125
"4097",11929.33984375
"4098",12166.26953125
"4099",12123.4697265625
"4100",12157.7197265625
"4101",12153.41015625
"4102",12157.23046875
"4103",12059.5595703125
"4104",12072.4599609375
"4105",12037.2001953125
"4106",11799.16015625
"4107",11854.349609375
"4108",12142.240234375
"4109",12226.580078125
"4110",12212.599609375
"4111",12080.509765625
"4112",12025.330078125
"4113",11966.400390625
"4114",12235.41015625
"4115",12256.919921875
"4116",12179.5498046875
"4117",12306.4404296875
"4118",12328.509765625
"4119",12284.740234375
"4120",12365.2099609375
"4121",12343.0498046875
"4122",12500.5703125
"4123",12688.83984375
"4124",12657.900390625
"4125",12720.7802734375
"4126",12560.25
"4127",12484.16015625
"4128",12698.08984375
"4129",12975.6904296875
"4130",13017.4296875
"4131",12935.2900390625
"4132",13100.98046875
"4133",13240.76953125
"4134",13229.4296875
"4135",13276.419921875
"4136",13104.900390625
"4137",13238.51953125
"4138",13259.1396484375
"4139",13461.919921875
"4140",13573.3203125
"4141",13626.48046875
"4142",13782.8203125
"4143",13689.5703125
"4144",13667.2900390625
"4145",13502.2001953125
"4146",13630.6103515625
"4147",13492.51953125
"4148",13335.7802734375
"4149",13555.669921875
"4150",13591.75
"4151",13591.330078125
"4152",13787.919921875
"4153",13816.76953125
"4154",13791.650390625
"4155",13679.0400390625
"4156",13660.7197265625
"4157",13685.48046875
"4158",13760.7001953125
"4159",13918.9599609375
"4160",14138.5703125
"4161",14113.7001953125
"4162",14244.9501953125
"4163",14353.6396484375
"4164",14358.01953125
"4165",14063.3095703125
"4166",14032.8095703125
"4167",14058.8701171875
"4168",14144.5595703125
"4169",14127.2802734375
"4170",14050.1103515625
"4171",14316.66015625
"4172",14346.01953125
"4173",14283.91015625
"4174",13973.4501953125
"4175",13959.7197265625
"4176",13909.240234375
"4177",13994.400390625
"4178",13884.3203125
"4179",13722.01953125
"4180",13737.990234375
"4181",13644.849609375
"4182",13788.330078125
"4183",13631.0498046875
"4184",13474.6298828125
"4185",13316.9296875
"4186",13290.7802734375
"4187",13497.58984375
"4188",13505.8701171875
"4189",13721.0302734375
"4190",13463.9697265625
"4191",13590.650390625
"4192",13705.1298828125
"4193",13943.759765625
"4194",14019.3095703125
"4195",14034.9697265625
"4196",14031.8095703125
"4197",14020.9501953125
"4198",13872.4697265625
"4199",13748.830078125
"4200",13761.5302734375
"4201",13917.8896484375
"4202",13773.6103515625
"4203",13813.58984375
"4204",13926.0498046875
"4205",13708.330078125
"4206",13710.240234375
"4207",13678.1904296875
"4208",13469.1298828125
"4209",13223.98046875
"4210",13211.8095703125
"4211",13271.3203125
"4212",13063.6103515625
"4213",13092.849609375
"4214",13201.2802734375
"4215",13219.3203125
"4216",13307.76953125
"4217",13059.4697265625
"4218",13236.009765625
"4219",13219.830078125
"4220",13431.33984375
"4221",13484.240234375
"4222",13562.83984375
"4223",13659.6796875
"4224",13574.2197265625
"4225",13407.23046875
"4226",13567.98046875
"4227",13533.75
"4228",13314.2998046875
"4229",13186.1796875
"4230",12983.8095703125
"4231",13018.330078125
"4232",13139.8701171875
"4233",12821.2197265625
"4234",12595.6103515625
"4235",12643.009765625
"4236",12789.48046875
"4237",12851.240234375
"4238",13061.4697265625
"4239",13294.1904296875
"4240",13478.2802734375
"4241",13518.7802734375
"4242",13639.8603515625
"4243",13650.41015625
"4244",13521.4501953125
"4245",13798.1103515625
"4246",13767.740234375
"4247",14094.3798828125
"4248",14103.83984375
"4249",14113.669921875
"4250",14125.48046875
"4251",14284.5302734375
"4252",14199.98046875
"4253",14265.8603515625
"4254",14250.849609375
"4255",14241.01953125
"4256",14281.759765625
"4257",14258.490234375
"4258",14226.2197265625
"4259",14305.0302734375
"4260",14185.490234375
"4261",14229.91015625
"4262",14146.7099609375
"4263",14339.990234375
"4264",14403.9697265625
"4265",14432.490234375
"4266",14533.400390625
"4267",14733.9599609375
"4268",14761.5595703125
"4269",14813.919921875
"4270",14904.8095703125
"4271",15003.2197265625
"4272",14777.9404296875
"4273",14963.8701171875
"4274",14992.9697265625
"4275",15074.5703125
"4276",15099.1796875
"4277",15095.1396484375
"4278",15011.349609375
"4279",14765.9404296875
"4280",14592.2099609375
"4281",14510.2998046875
"4282",14524.0703125
"4283",14843.76953125
"4284",14857.7099609375
