"","BTC-USD.Adjusted"
"1",457.334014892578
"2",424.440002441406
"3",394.795989990234
"4",408.903991699219
"5",398.821014404297
"6",402.152008056641
"7",435.790985107422
"8",423.204986572266
"9",411.574005126953
"10",404.424987792969
"11",399.519989013672
"12",377.180999755859
"13",375.467010498047
"14",386.944000244141
"15",383.614990234375
"16",375.071990966797
"17",359.511993408203
"18",328.865997314453
"19",320.510009765625
"20",330.079010009766
"21",336.18701171875
"22",352.940002441406
"23",365.026000976562
"24",361.56201171875
"25",362.299011230469
"26",378.549011230469
"27",390.414001464844
"28",400.869995117188
"29",394.773010253906
"30",382.555999755859
"31",383.757995605469
"32",391.441986083984
"33",389.545989990234
"34",382.845001220703
"35",386.475006103516
"36",383.157989501953
"37",358.4169921875
"38",358.345001220703
"39",347.27099609375
"40",354.704010009766
"41",352.989013671875
"42",357.618011474609
"43",335.591003417969
"44",345.304992675781
"45",338.321014404297
"46",325.748992919922
"47",325.891998291016
"48",327.553985595703
"49",330.492004394531
"50",339.485992431641
"51",349.290008544922
"52",342.415008544922
"53",345.488006591797
"54",363.264007568359
"55",366.924011230469
"56",367.695007324219
"57",423.561004638672
"58",420.734985351562
"59",397.817993164062
"60",376.132995605469
"61",387.881988525391
"62",387.407989501953
"63",375.197998046875
"64",380.554992675781
"65",357.839996337891
"66",350.847991943359
"67",352.920013427734
"68",367.572998046875
"69",376.901000976562
"70",375.347991943359
"71",368.369995117188
"72",369.670013427734
"73",376.446990966797
"74",375.490997314453
"75",378.046997070312
"76",379.244995117188
"77",381.315002441406
"78",375.010009765625
"79",369.60400390625
"80",376.85400390625
"81",374.785003662109
"82",375.095001220703
"83",361.908996582031
"84",352.218994140625
"85",346.364990234375
"86",350.506011962891
"87",352.5419921875
"88",347.376007080078
"89",351.631988525391
"90",345.345001220703
"91",327.06201171875
"92",319.776000976562
"93",311.39599609375
"94",317.842987060547
"95",329.955993652344
"96",320.842987060547
"97",331.885986328125
"98",334.571990966797
"99",322.533996582031
"100",319.007995605469
"101",327.924011230469
"102",315.863006591797
"103",317.239013671875
"104",312.670013427734
"105",310.736999511719
"106",320.192993164062
"107",314.248992919922
"108",315.032012939453
"109",281.082000732422
"110",264.195007324219
"111",274.473999023438
"112",286.188995361328
"113",294.337005615234
"114",283.348999023438
"115",290.407989501953
"116",274.795989990234
"117",265.660003662109
"118",267.795989990234
"119",225.860992431641
"120",178.102996826172
"121",209.843994140625
"122",208.09700012207
"123",199.259994506836
"124",210.339004516602
"125",214.860992431641
"126",211.315002441406
"127",226.897003173828
"128",233.406005859375
"129",232.878997802734
"130",247.84700012207
"131",253.718002319336
"132",273.472991943359
"133",263.475006103516
"134",233.914993286133
"135",233.513000488281
"136",226.425003051758
"137",217.464004516602
"138",226.97200012207
"139",238.22900390625
"140",227.268005371094
"141",226.852996826172
"142",217.110992431641
"143",222.266006469727
"144",227.753997802734
"145",223.412002563477
"146",220.110000610352
"147",219.839004516602
"148",219.184997558594
"149",221.764007568359
"150",235.427001953125
"151",257.321014404297
"152",234.824996948242
"153",233.843002319336
"154",243.610000610352
"155",236.32600402832
"156",240.283004760742
"157",243.779006958008
"158",244.533996582031
"159",235.977005004883
"160",238.891998291016
"161",238.735000610352
"162",237.470001220703
"163",236.425994873047
"164",253.828002929688
"165",254.263000488281
"166",260.201995849609
"167",275.670013427734
"168",281.701995849609
"169",273.092010498047
"170",276.178009033203
"171",272.722991943359
"172",276.260986328125
"173",274.35400390625
"174",289.606994628906
"175",291.760009765625
"176",296.378997802734
"177",294.35400390625
"178",285.337005615234
"179",281.885009765625
"180",286.393005371094
"181",290.592987060547
"182",285.505004882812
"183",256.299011230469
"184",260.928009033203
"185",261.748992919922
"186",260.024993896484
"187",267.959991455078
"188",266.739990234375
"189",245.595001220703
"190",246.197006225586
"191",248.531997680664
"192",247.029006958008
"193",252.798004150391
"194",242.712997436523
"195",247.526000976562
"196",244.223999023438
"197",247.272003173828
"198",253.005004882812
"199",254.322006225586
"200",253.697006225586
"201",260.597991943359
"202",255.492004394531
"203",253.179992675781
"204",245.022003173828
"205",243.675994873047
"206",236.072006225586
"207",236.552001953125
"208",236.15299987793
"209",224.587005615234
"210",219.158996582031
"211",223.832992553711
"212",228.572998046875
"213",222.88200378418
"214",223.356002807617
"215",222.600006103516
"216",224.626007080078
"217",235.268997192383
"218",234.175994873047
"219",236.462005615234
"220",231.268005371094
"221",226.389999389648
"222",219.429992675781
"223",229.285995483398
"224",225.854995727539
"225",225.807998657227
"226",236.145004272461
"227",232.078994750977
"228",234.929992675781
"229",240.358001708984
"230",239.018005371094
"231",236.121002197266
"232",229.781997680664
"233",237.333999633789
"234",243.863006591797
"235",241.832000732422
"236",240.296005249023
"237",242.158004760742
"238",241.111999511719
"239",236.376998901367
"240",236.929000854492
"241",237.604995727539
"242",236.15299987793
"243",236.802001953125
"244",233.128005981445
"245",231.947006225586
"246",234.018005371094
"247",235.343994140625
"248",240.348007202148
"249",238.871994018555
"250",240.953002929688
"251",237.110000610352
"252",237.115997314453
"253",237.283004760742
"254",237.408004760742
"255",237.095993041992
"256",233.345001220703
"257",230.190002441406
"258",222.925994873047
"259",225.802993774414
"260",225.873992919922
"261",224.324005126953
"262",224.951995849609
"263",225.619003295898
"264",222.880996704102
"265",228.488998413086
"266",229.048004150391
"267",228.802993774414
"268",229.705001831055
"269",229.981994628906
"270",232.401992797852
"271",233.542999267578
"272",236.822998046875
"273",250.895004272461
"274",249.283996582031
"275",249.00700378418
"276",244.606002807617
"277",245.212005615234
"278",243.944000244141
"279",246.990005493164
"280",244.296005249023
"281",240.514999389648
"282",242.79899597168
"283",243.593994140625
"284",250.990005493164
"285",249.011001586914
"286",257.063995361328
"287",263.071990966797
"288",258.621002197266
"289",255.412002563477
"290",256.335998535156
"291",260.885986328125
"292",271.912994384766
"293",269.029998779297
"294",266.207000732422
"295",270.785003662109
"296",269.227996826172
"297",284.894012451172
"298",293.114990234375
"299",310.867004394531
"300",292.053985595703
"301",287.463989257812
"302",285.829010009766
"303",278.088989257812
"304",279.471984863281
"305",274.901000976562
"306",273.614013671875
"307",278.980987548828
"308",275.8330078125
"309",277.221984863281
"310",276.049011230469
"311",288.278015136719
"312",288.696990966797
"313",292.686004638672
"314",293.623992919922
"315",294.427001953125
"316",289.589996337891
"317",287.721984863281
"318",284.649993896484
"319",281.601013183594
"320",282.614013671875
"321",281.226989746094
"322",285.217987060547
"323",281.881988525391
"324",278.576995849609
"325",279.584991455078
"326",260.997009277344
"327",265.0830078125
"328",264.470001220703
"329",270.385986328125
"330",266.376007080078
"331",264.079986572266
"332",265.679992675781
"333",261.550994873047
"334",258.506988525391
"335",257.976013183594
"336",211.078994750977
"337",226.684005737305
"338",235.350006103516
"339",232.569000244141
"340",230.389999389648
"341",228.169006347656
"342",210.494995117188
"343",221.608993530273
"344",225.830993652344
"345",224.768997192383
"346",231.39599609375
"347",229.779998779297
"348",228.761001586914
"349",230.055999755859
"350",228.121002197266
"351",229.283996582031
"352",227.182998657227
"353",230.298004150391
"354",235.018997192383
"355",239.839996337891
"356",239.84700012207
"357",243.606994628906
"358",238.167999267578
"359",238.477005004883
"360",240.106994628906
"361",235.22900390625
"362",230.511993408203
"363",230.643997192383
"364",230.304000854492
"365",229.091003417969
"366",229.809997558594
"367",232.975006103516
"368",231.49299621582
"369",231.212005615234
"370",227.085006713867
"371",230.61799621582
"372",230.283004760742
"373",234.529006958008
"374",235.143997192383
"375",234.339996337891
"376",232.75700378418
"377",239.141998291016
"378",236.686996459961
"379",236.059997558594
"380",237.54899597168
"381",237.292999267578
"382",238.729995727539
"383",238.259002685547
"384",240.382995605469
"385",246.063003540039
"386",242.968994140625
"387",242.304000854492
"388",243.930999755859
"389",244.940994262695
"390",247.050003051758
"391",245.307998657227
"392",249.507995605469
"393",251.988998413086
"394",254.320007324219
"395",262.868988037109
"396",270.640014648438
"397",261.643005371094
"398",263.43701171875
"399",269.463012695312
"400",266.272003173828
"401",274.023010253906
"402",276.496002197266
"403",281.653991699219
"404",283.679992675781
"405",285.299987792969
"406",293.787994384766
"407",304.618011474609
"408",313.855010986328
"409",328.015014648438
"410",314.165985107422
"411",325.430999755859
"412",361.188995361328
"413",403.4169921875
"414",411.56298828125
"415",386.35400390625
"416",374.470001220703
"417",386.481994628906
"418",373.368011474609
"419",380.256988525391
"420",336.819000244141
"421",311.084014892578
"422",338.152008056641
"423",336.752990722656
"424",332.906005859375
"425",320.165985107422
"426",330.751007080078
"427",335.093994140625
"428",334.589996337891
"429",326.148986816406
"430",322.022003173828
"431",326.927001953125
"432",324.536010742188
"433",323.045989990234
"434",320.045989990234
"435",328.205993652344
"436",352.683990478516
"437",358.0419921875
"438",357.381011962891
"439",371.294006347656
"440",377.321014404297
"441",362.488006591797
"442",359.18701171875
"443",361.045989990234
"444",363.183013916016
"445",388.949005126953
"446",388.782989501953
"447",395.536010742188
"448",415.56298828125
"449",417.56298828125
"450",415.47900390625
"451",451.93798828125
"452",434.997009277344
"453",433.755004882812
"454",444.182006835938
"455",465.321014404297
"456",454.933990478516
"457",456.078002929688
"458",463.615997314453
"459",462.321990966797
"460",442.684997558594
"461",438.639007568359
"462",436.571990966797
"463",442.401000976562
"464",454.984985351562
"465",455.653015136719
"466",417.273986816406
"467",422.822998046875
"468",422.278991699219
"469",432.983001708984
"470",426.619995117188
"471",430.566986083984
"472",434.334014892578
"473",433.43798828125
"474",430.010986328125
"475",433.091003417969
"476",431.959991455078
"477",429.105010986328
"478",458.048004150391
"479",453.230010986328
"480",447.610992431641
"481",447.990997314453
"482",448.428009033203
"483",435.690002441406
"484",432.371002197266
"485",430.305999755859
"486",364.330993652344
"487",387.536010742188
"488",382.299011230469
"489",387.167999267578
"490",380.148986816406
"491",420.230010986328
"492",410.261993408203
"493",382.492004394531
"494",387.490997314453
"495",402.971008300781
"496",391.726013183594
"497",392.153015136719
"498",394.971984863281
"499",380.289001464844
"500",379.473999023438
"501",378.255004882812
"502",368.766998291016
"503",373.055999755859
"504",374.447998046875
"505",369.949005126953
"506",389.593994140625
"507",386.549011230469
"508",376.522003173828
"509",376.619995117188
"510",373.446990966797
"511",376.028991699219
"512",381.648986816406
"513",379.653991699219
"514",384.263000488281
"515",391.859985351562
"516",407.230010986328
"517",400.184997558594
"518",407.488006591797
"519",416.321990966797
"520",422.372985839844
"521",420.785003662109
"522",437.164001464844
"523",438.798004150391
"524",437.747985839844
"525",420.735992431641
"526",424.954986572266
"527",424.544006347656
"528",432.152008056641
"529",432.519012451172
"530",433.503997802734
"531",437.696990966797
"532",435.122985839844
"533",423.989013671875
"534",421.651000976562
"535",410.938995361328
"536",400.570007324219
"537",407.707000732422
"538",414.321014404297
"539",413.971984863281
"540",414.859985351562
"541",417.131011962891
"542",421.690002441406
"543",411.623992919922
"544",414.065002441406
"545",416.43798828125
"546",416.829986572266
"547",417.010986328125
"548",420.621002197266
"549",409.548004150391
"550",410.444000244141
"551",413.755004882812
"552",413.307006835938
"553",418.088989257812
"554",418.040985107422
"555",416.394012451172
"556",417.177001953125
"557",417.945007324219
"558",426.765014648438
"559",424.230987548828
"560",416.515991210938
"561",414.816009521484
"562",416.72900390625
"563",417.959991455078
"564",420.872985839844
"565",420.903991699219
"566",421.444000244141
"567",424.029998779297
"568",423.412994384766
"569",422.744995117188
"570",420.348999023438
"571",419.411010742188
"572",421.563995361328
"573",422.483001708984
"574",425.190002441406
"575",423.734008789062
"576",424.282012939453
"577",429.713012695312
"578",430.571990966797
"579",427.398986816406
"580",428.591003417969
"581",435.509002685547
"582",441.389007568359
"583",449.424987792969
"584",445.736999511719
"585",450.282012939453
"586",458.554992675781
"587",461.425994873047
"588",466.088989257812
"589",444.68701171875
"590",449.010986328125
"591",455.096984863281
"592",448.317993164062
"593",451.875
"594",444.669006347656
"595",450.303985595703
"596",446.721984863281
"597",447.976013183594
"598",459.602996826172
"599",458.536010742188
"600",458.548004150391
"601",460.483001708984
"602",450.894989013672
"603",452.727996826172
"604",454.765991210938
"605",455.670013427734
"606",455.670989990234
"607",457.567993164062
"608",454.162994384766
"609",453.782989501953
"610",454.618988037109
"611",438.714996337891
"612",442.675994873047
"613",443.18798828125
"614",439.322998046875
"615",444.154998779297
"616",445.980987548828
"617",449.598999023438
"618",453.384002685547
"619",473.463989257812
"620",530.039978027344
"621",526.232971191406
"622",533.864013671875
"623",531.385986328125
"624",536.919982910156
"625",537.971984863281
"626",569.193969726562
"627",572.726989746094
"628",574.976989746094
"629",585.536987304688
"630",576.596984863281
"631",581.64501953125
"632",574.630004882812
"633",577.469970703125
"634",606.726989746094
"635",672.783996582031
"636",704.3759765625
"637",685.559020996094
"638",694.468994140625
"639",766.307983398438
"640",748.908996582031
"641",756.226989746094
"642",763.781005859375
"643",737.226013183594
"644",666.651977539062
"645",596.116027832031
"646",623.976989746094
"647",665.299011230469
"648",665.122985839844
"649",629.367004394531
"650",655.275024414062
"651",647.0009765625
"652",639.890014648438
"653",673.336975097656
"654",676.296020507812
"655",703.702026367188
"656",658.664001464844
"657",683.661987304688
"658",670.627014160156
"659",677.330993652344
"660",640.56201171875
"661",666.523010253906
"662",650.960021972656
"663",649.359985351562
"664",647.658996582031
"665",664.551025390625
"666",654.468017578125
"667",658.078002929688
"668",663.255004882812
"669",660.767028808594
"670",679.458984375
"671",673.106018066406
"672",672.864013671875
"673",665.684997558594
"674",665.012023925781
"675",650.619018554688
"676",655.556030273438
"677",661.284973144531
"678",654.096984863281
"679",651.783996582031
"680",654.351989746094
"681",655.034973144531
"682",656.992004394531
"683",655.046997070312
"684",624.681030273438
"685",606.27197265625
"686",547.465026855469
"687",566.35498046875
"688",578.289001464844
"689",575.043029785156
"690",587.778015136719
"691",592.690002441406
"692",591.054016113281
"693",587.801025390625
"694",592.10302734375
"695",589.119995117188
"696",587.559020996094
"697",585.588012695312
"698",570.473022460938
"699",567.239990234375
"700",577.439025878906
"701",573.216003417969
"702",574.317993164062
"703",575.630004882812
"704",581.697021484375
"705",581.307983398438
"706",586.752990722656
"707",583.414978027344
"708",580.182006835938
"709",577.760986328125
"710",579.651000976562
"711",569.947021484375
"712",573.911987304688
"713",574.106994628906
"714",577.502990722656
"715",575.471984863281
"716",572.302978515625
"717",575.536987304688
"718",598.211975097656
"719",608.633972167969
"720",606.590026855469
"721",610.435974121094
"722",614.544006347656
"723",626.315979003906
"724",622.861022949219
"725",623.508972167969
"726",606.718994140625
"727",608.242980957031
"728",609.241027832031
"729",610.684020996094
"730",607.155029296875
"731",606.973022460938
"732",605.984008789062
"733",609.8740234375
"734",609.226989746094
"735",608.31201171875
"736",597.148986816406
"737",596.297973632812
"738",602.841979980469
"739",602.625
"740",600.825988769531
"741",608.043029785156
"742",606.166015625
"743",604.72802734375
"744",605.692993164062
"745",609.734985351562
"746",613.982971191406
"747",610.892028808594
"748",612.132995605469
"749",610.203979492188
"750",612.510986328125
"751",613.02099609375
"752",617.120971679688
"753",619.107971191406
"754",616.752014160156
"755",618.994018554688
"756",641.072021484375
"757",636.192016601562
"758",636.786010742188
"759",640.377990722656
"760",638.64599609375
"761",641.630981445312
"762",639.192993164062
"763",637.960021972656
"764",630.52001953125
"765",630.856994628906
"766",632.828002929688
"767",657.294006347656
"768",657.070983886719
"769",653.760986328125
"770",657.588012695312
"771",678.304016113281
"772",688.31298828125
"773",689.651000976562
"774",714.47900390625
"775",701.864013671875
"776",700.971984863281
"777",729.793029785156
"778",740.828979492188
"779",688.700012207031
"780",703.234985351562
"781",703.418029785156
"782",711.52197265625
"783",703.130981445312
"784",709.848022460938
"785",723.273010253906
"786",715.533996582031
"787",716.411010742188
"788",705.054016113281
"789",702.031005859375
"790",705.02099609375
"791",711.619018554688
"792",744.197998046875
"793",740.976989746094
"794",751.585021972656
"795",751.616027832031
"796",731.026000976562
"797",739.247985839844
"798",751.346984863281
"799",744.593994140625
"800",740.289001464844
"801",741.648986816406
"802",735.382019042969
"803",732.034973144531
"804",735.81298828125
"805",735.60400390625
"806",745.690979003906
"807",756.773986816406
"808",777.943969726562
"809",771.155029296875
"810",773.872009277344
"811",758.700012207031
"812",764.223999023438
"813",768.132019042969
"814",770.809997558594
"815",772.794006347656
"816",774.650024414062
"817",769.731018066406
"818",780.086975097656
"819",780.556030273438
"820",781.481018066406
"821",778.088012695312
"822",784.906982421875
"823",790.828979492188
"824",790.530029296875
"825",792.713989257812
"826",800.8759765625
"827",834.281005859375
"828",864.539978027344
"829",921.984008789062
"830",898.822021484375
"831",896.182983398438
"832",907.609985351562
"833",933.197998046875
"834",975.921020507812
"835",973.497009277344
"836",961.237976074219
"837",963.742980957031
"838",998.325012207031
"839",1021.75
"840",1043.83996582031
"841",1154.72998046875
"842",1013.38000488281
"843",902.200988769531
"844",908.585021972656
"845",911.198974609375
"846",902.828002929688
"847",907.679016113281
"848",777.757019042969
"849",804.833984375
"850",823.984008789062
"851",818.411987304688
"852",821.797973632812
"853",831.533996582031
"854",907.93798828125
"855",886.617980957031
"856",899.072998046875
"857",895.026000976562
"858",921.789001464844
"859",924.672973632812
"860",921.012023925781
"861",892.68701171875
"862",901.5419921875
"863",917.585998535156
"864",919.75
"865",921.590026855469
"866",919.495971679688
"867",920.382019042969
"868",970.403015136719
"869",989.023010253906
"870",1011.79998779297
"871",1029.91003417969
"872",1042.90002441406
"873",1027.33996582031
"874",1038.15002441406
"875",1061.34997558594
"876",1063.06994628906
"877",994.382995605469
"878",988.674011230469
"879",1004.45001220703
"880",999.181030273438
"881",990.642028808594
"882",1004.54998779297
"883",1007.47998046875
"884",1027.43994140625
"885",1046.2099609375
"886",1054.42004394531
"887",1047.86999511719
"888",1079.97998046875
"889",1115.30004882812
"890",1117.43994140625
"891",1166.71997070312
"892",1173.68005371094
"893",1143.83996582031
"894",1165.19995117188
"895",1179.96997070312
"896",1179.96997070312
"897",1222.5
"898",1251.01000976562
"899",1274.98999023438
"900",1255.15002441406
"901",1267.11999511719
"902",1272.82995605469
"903",1223.5400390625
"904",1150
"905",1188.48999023438
"906",1116.71997070312
"907",1175.82995605469
"908",1221.38000488281
"909",1231.92004394531
"910",1240
"911",1249.60998535156
"912",1187.81005859375
"913",1100.22998046875
"914",973.817993164062
"915",1036.73999023438
"916",1054.22998046875
"917",1120.5400390625
"918",1049.14001464844
"919",1038.58996582031
"920",937.52001953125
"921",972.778991699219
"922",966.724975585938
"923",1045.77001953125
"924",1047.15002441406
"925",1039.96997070312
"926",1026.43005371094
"927",1071.7900390625
"928",1080.5
"929",1102.17004394531
"930",1143.81005859375
"931",1133.25
"932",1124.78002929688
"933",1182.68005371094
"934",1176.90002441406
"935",1175.94995117188
"936",1187.86999511719
"937",1187.13000488281
"938",1205.01000976562
"939",1200.36999511719
"940",1169.28002929688
"941",1167.5400390625
"942",1172.52001953125
"943",1182.93994140625
"944",1193.91003417969
"945",1211.67004394531
"946",1210.2900390625
"947",1229.07995605469
"948",1222.05004882812
"949",1231.7099609375
"950",1207.2099609375
"951",1250.15002441406
"952",1265.48999023438
"953",1281.07995605469
"954",1317.72998046875
"955",1316.47998046875
"956",1321.7900390625
"957",1347.89001464844
"958",1421.59997558594
"959",1452.81994628906
"960",1490.08996582031
"961",1537.67004394531
"962",1555.44995117188
"963",1578.80004882812
"964",1596.7099609375
"965",1723.34997558594
"966",1755.35998535156
"967",1787.13000488281
"968",1848.56994628906
"969",1724.23999023438
"970",1804.91003417969
"971",1808.91003417969
"972",1738.43005371094
"973",1734.44995117188
"974",1839.08996582031
"975",1888.65002441406
"976",1987.7099609375
"977",2084.72998046875
"978",2041.19995117188
"979",2173.39990234375
"980",2320.419921875
"981",2443.63989257812
"982",2304.97998046875
"983",2202.419921875
"984",2038.86999511719
"985",2155.80004882812
"986",2255.61010742188
"987",2175.46997070312
"988",2286.40991210938
"989",2407.8798828125
"990",2488.55004882812
"991",2515.35009765625
"992",2511.81005859375
"993",2686.81005859375
"994",2863.19995117188
"995",2732.15991210938
"996",2805.6201171875
"997",2823.81005859375
"998",2947.7099609375
"999",2958.11010742188
"1000",2659.6298828125
"1001",2717.02001953125
"1002",2506.3701171875
"1003",2464.580078125
"1004",2518.56005859375
"1005",2655.8798828125
"1006",2548.2900390625
"1007",2589.60009765625
"1008",2721.7900390625
"1009",2689.10009765625
"1010",2705.40991210938
"1011",2744.90991210938
"1012",2608.71997070312
"1013",2589.40991210938
"1014",2478.44995117188
"1015",2552.44995117188
"1016",2574.7900390625
"1017",2539.32006835938
"1018",2480.84008789062
"1019",2434.55004882812
"1020",2506.46997070312
"1021",2564.06005859375
"1022",2601.63989257812
"1023",2601.98999023438
"1024",2608.56005859375
"1025",2518.65991210938
"1026",2571.34008789062
"1027",2518.43994140625
"1028",2372.56005859375
"1029",2337.7900390625
"1030",2398.84008789062
"1031",2357.89990234375
"1032",2233.34008789062
"1033",1998.85998535156
"1034",1929.81994628906
"1035",2228.40991210938
"1036",2318.8798828125
"1037",2273.42993164062
"1038",2817.60009765625
"1039",2667.76000976562
"1040",2810.1201171875
"1041",2730.39990234375
"1042",2754.86010742188
"1043",2576.47998046875
"1044",2529.44995117188
"1045",2671.78002929688
"1046",2809.01000976562
"1047",2726.44995117188
"1048",2757.17993164062
"1049",2875.34008789062
"1050",2718.26000976562
"1051",2710.669921875
"1052",2804.72998046875
"1053",2895.88989257812
"1054",3252.90991210938
"1055",3213.93994140625
"1056",3378.93994140625
"1057",3419.93994140625
"1058",3342.46997070312
"1059",3381.28002929688
"1060",3650.6201171875
"1061",3884.7099609375
"1062",4073.26000976562
"1063",4325.1298828125
"1064",4181.93017578125
"1065",4376.6298828125
"1066",4331.68994140625
"1067",4160.6201171875
"1068",4193.7001953125
"1069",4087.65991210938
"1070",4001.73999023438
"1071",4100.52001953125
"1072",4151.52001953125
"1073",4334.68017578125
"1074",4371.60009765625
"1075",4352.39990234375
"1076",4382.8798828125
"1077",4382.66015625
"1078",4579.02001953125
"1079",4565.2998046875
"1080",4703.39013671875
"1081",4892.009765625
"1082",4578.77001953125
"1083",4582.9599609375
"1084",4236.31005859375
"1085",4376.52978515625
"1086",4597.1201171875
"1087",4599.8798828125
"1088",4228.75
"1089",4226.06005859375
"1090",4122.93994140625
"1091",4161.27001953125
"1092",4130.81005859375
"1093",3882.59008789062
"1094",3154.94995117188
"1095",3637.52001953125
"1096",3625.0400390625
"1097",3582.8798828125
"1098",4065.19995117188
"1099",3924.96997070312
"1100",3905.94995117188
"1101",3631.0400390625
"1102",3630.69995117188
"1103",3792.39990234375
"1104",3682.84008789062
"1105",3926.07006835938
"1106",3892.35009765625
"1107",4200.669921875
"1108",4174.72998046875
"1109",4163.06982421875
"1110",4338.7099609375
"1111",4403.740234375
"1112",4409.31982421875
"1113",4317.47998046875
"1114",4229.35986328125
"1115",4328.41015625
"1116",4370.81005859375
"1117",4426.89013671875
"1118",4610.47998046875
"1119",4772.02001953125
"1120",4781.990234375
"1121",4826.47998046875
"1122",5446.91015625
"1123",5647.2099609375
"1124",5831.7900390625
"1125",5678.18994140625
"1126",5725.58984375
"1127",5605.509765625
"1128",5590.68994140625
"1129",5708.52001953125
"1130",6011.4501953125
"1131",6031.60009765625
"1132",6008.419921875
"1133",5930.31982421875
"1134",5526.64013671875
"1135",5750.7998046875
"1136",5904.830078125
"1137",5780.89990234375
"1138",5753.08984375
"1139",6153.85009765625
"1140",6130.52978515625
"1141",6468.39990234375
"1142",6767.31005859375
"1143",7078.5
"1144",7207.759765625
"1145",7379.9501953125
"1146",7407.41015625
"1147",7022.759765625
"1148",7144.3798828125
"1149",7459.68994140625
"1150",7143.580078125
"1151",6618.14013671875
"1152",6357.60009765625
"1153",5950.06982421875
"1154",6559.490234375
"1155",6635.75
"1156",7315.5400390625
"1157",7871.68994140625
"1158",7708.990234375
"1159",7790.14990234375
"1160",8036.490234375
"1161",8200.6396484375
"1162",8071.259765625
"1163",8253.5498046875
"1164",8038.77001953125
"1165",8253.6904296875
"1166",8790.919921875
"1167",9330.5498046875
"1168",9818.349609375
"1169",10058.7998046875
"1170",9888.6103515625
"1171",10233.599609375
"1172",10975.599609375
"1173",11074.599609375
"1174",11323.2001953125
"1175",11657.2001953125
"1176",11916.7001953125
"1177",14291.5
"1178",17899.69921875
"1179",16569.400390625
"1180",15178.2001953125
"1181",15455.400390625
"1182",16936.80078125
"1183",17415.400390625
"1184",16408.19921875
"1185",16564
"1186",17706.900390625
"1187",19497.400390625
"1188",19140.80078125
"1189",19114.19921875
"1190",17776.69921875
"1191",16624.599609375
"1192",15802.900390625
"1193",13831.7998046875
"1194",14699.2001953125
"1195",13925.7998046875
"1196",14026.599609375
"1197",16099.7998046875
"1198",15838.5
"1199",14606.5
"1200",14656.2001953125
"1201",12952.2001953125
"1202",14156.400390625
"1203",13657.2001953125
"1204",14982.099609375
"1205",15201
"1206",15599.2001953125
"1207",17429.5
"1208",17527
"1209",16477.599609375
"1210",15170.099609375
"1211",14595.400390625
"1212",14973.2998046875
"1213",13405.7998046875
"1214",13980.599609375
"1215",14360.2001953125
"1216",13772
"1217",13819.7998046875
"1218",11490.5
"1219",11188.599609375
"1220",11474.900390625
"1221",11607.400390625
"1222",12899.2001953125
"1223",11600.099609375
"1224",10931.400390625
"1225",10868.400390625
"1226",11359.400390625
"1227",11259.400390625
"1228",11171.400390625
"1229",11440.7001953125
"1230",11786.2998046875
"1231",11296.400390625
"1232",10106.2998046875
"1233",10221.099609375
"1234",9170.5400390625
"1235",8830.75
"1236",9174.91015625
"1237",8277.009765625
"1238",6955.27001953125
"1239",7754
"1240",7621.2998046875
"1241",8265.58984375
"1242",8736.98046875
"1243",8621.900390625
"1244",8129.97021484375
"1245",8926.5703125
"1246",8598.3095703125
"1247",9494.6298828125
"1248",10166.400390625
"1249",10233.900390625
"1250",11112.7001953125
"1251",10551.7998046875
"1252",11225.2998046875
"1253",11403.7001953125
"1254",10690.400390625
"1255",10005
"1256",10301.099609375
"1257",9813.0703125
"1258",9664.73046875
"1259",10366.7001953125
"1260",10725.599609375
"1261",10397.900390625
"1262",10951
"1263",11086.400390625
"1264",11489.7001953125
"1265",11512.599609375
"1266",11573.2998046875
"1267",10779.900390625
"1268",9965.5703125
"1269",9395.009765625
"1270",9337.5498046875
"1271",8866
"1272",9578.6298828125
"1273",9205.1201171875
"1274",9194.849609375
"1275",8269.8095703125
"1276",8300.8603515625
"1277",8338.349609375
"1278",7916.8798828125
"1279",8223.6796875
"1280",8630.650390625
"1281",8913.4697265625
"1282",8929.2802734375
"1283",8728.4697265625
"1284",8879.6201171875
"1285",8668.1201171875
"1286",8495.7802734375
"1287",8209.400390625
"1288",7833.0400390625
"1289",7954.47998046875
"1290",7165.7001953125
"1291",6890.52001953125
"1292",6973.52978515625
"1293",6844.22998046875
"1294",7083.7998046875
"1295",7456.10986328125
"1296",6853.83984375
"1297",6811.47021484375
"1298",6636.31982421875
"1299",6911.08984375
"1300",7023.52001953125
"1301",6770.72998046875
"1302",6834.759765625
"1303",6968.31982421875
"1304",7889.25
"1305",7895.9599609375
"1306",7986.240234375
"1307",8329.1103515625
"1308",8058.669921875
"1309",7902.08984375
"1310",8163.419921875
"1311",8294.3095703125
"1312",8845.830078125
"1313",8895.580078125
"1314",8802.4599609375
"1315",8930.8798828125
"1316",9697.5
"1317",8845.740234375
"1318",9281.509765625
"1319",8987.0498046875
"1320",9348.48046875
"1321",9419.080078125
"1322",9240.5498046875
"1323",9119.009765625
"1324",9235.919921875
"1325",9743.8603515625
"1326",9700.759765625
"1327",9858.150390625
"1328",9654.7998046875
"1329",9373.009765625
"1330",9234.8203125
"1331",9325.1796875
"1332",9043.9404296875
"1333",8441.490234375
"1334",8504.8896484375
"1335",8723.9404296875
"1336",8716.7900390625
"1337",8510.3798828125
"1338",8368.830078125
"1339",8094.31982421875
"1340",8250.9697265625
"1341",8247.1796875
"1342",8513.25
"1343",8418.990234375
"1344",8041.77978515625
"1345",7557.81982421875
"1346",7587.33984375
"1347",7480.14013671875
"1348",7355.8798828125
"1349",7368.22021484375
"1350",7135.990234375
"1351",7472.58984375
"1352",7406.52001953125
"1353",7494.169921875
"1354",7541.4501953125
"1355",7643.4501953125
"1356",7720.25
"1357",7514.47021484375
"1358",7633.759765625
"1359",7653.97998046875
"1360",7678.240234375
"1361",7624.919921875
"1362",7531.97998046875
"1363",6786.02001953125
"1364",6906.919921875
"1365",6582.35986328125
"1366",6349.89990234375
"1367",6675.35009765625
"1368",6456.580078125
"1369",6550.16015625
"1370",6499.27001953125
"1371",6734.81982421875
"1372",6769.93994140625
"1373",6776.5498046875
"1374",6729.740234375
"1375",6083.68994140625
"1376",6162.47998046875
"1377",6173.22998046875
"1378",6249.18017578125
"1379",6093.669921875
"1380",6157.1298828125
"1381",5903.43994140625
"1382",6218.2998046875
"1383",6404
"1384",6385.81982421875
"1385",6614.18017578125
"1386",6529.58984375
"1387",6597.5498046875
"1388",6639.14013671875
"1389",6673.5
"1390",6856.93017578125
"1391",6773.8798828125
"1392",6741.75
"1393",6329.9501953125
"1394",6394.7099609375
"1395",6228.81005859375
"1396",6238.0498046875
"1397",6276.1201171875
"1398",6359.64013671875
"1399",6741.75
"1400",7321.0400390625
"1401",7370.77978515625
"1402",7466.85986328125
"1403",7354.1298828125
"1404",7419.2900390625
"1405",7418.490234375
"1406",7711.10986328125
"1407",8424.26953125
"1408",8181.39013671875
"1409",7951.580078125
"1410",8165.009765625
"1411",8192.150390625
"1412",8218.4599609375
"1413",8180.47998046875
"1414",7780.43994140625
"1415",7624.91015625
"1416",7567.14990234375
"1417",7434.39013671875
"1418",7032.85009765625
"1419",7068.47998046875
"1420",6951.7998046875
"1421",6753.1201171875
"1422",6305.7998046875
"1423",6568.22998046875
"1424",6184.7099609375
"1425",6295.72998046875
"1426",6322.68994140625
"1427",6297.56982421875
"1428",6199.7099609375
"1429",6308.52001953125
"1430",6334.72998046875
"1431",6580.6298828125
"1432",6423.759765625
"1433",6506.06982421875
"1434",6308.52978515625
"1435",6488.759765625
"1436",6376.7099609375
"1437",6534.8798828125
"1438",6719.9599609375
"1439",6763.18994140625
"1440",6707.259765625
"1441",6884.64013671875
"1442",7096.27978515625
"1443",7047.16015625
"1444",6978.22998046875
"1445",7037.580078125
"1446",7193.25
"1447",7272.72021484375
"1448",7260.06005859375
"1449",7361.66015625
"1450",6792.830078125
"1451",6529.169921875
"1452",6467.06982421875
"1453",6225.97998046875
"1454",6300.85986328125
"1455",6329.7001953125
"1456",6321.2001953125
"1457",6351.7998046875
"1458",6517.31005859375
"1459",6512.7099609375
"1460",6543.2001953125
"1461",6517.18017578125
"1462",6281.2001953125
"1463",6371.2998046875
"1464",6398.5400390625
"1465",6519.669921875
"1466",6734.9501953125
"1467",6721.97998046875
"1468",6710.6298828125
"1469",6595.41015625
"1470",6446.47021484375
"1471",6495
"1472",6676.75
"1473",6644.1298828125
"1474",6601.9599609375
"1475",6625.56005859375
"1476",6589.6201171875
"1477",6556.10009765625
"1478",6502.58984375
"1479",6576.68994140625
"1480",6622.47998046875
"1481",6588.31005859375
"1482",6602.9501953125
"1483",6652.22998046875
"1484",6642.64013671875
"1485",6585.52978515625
"1486",6256.240234375
"1487",6274.580078125
"1488",6285.990234375
"1489",6290.93017578125
"1490",6596.5400390625
"1491",6596.10986328125
"1492",6544.43017578125
"1493",6476.7099609375
"1494",6465.41015625
"1495",6489.18994140625
"1496",6482.35009765625
"1497",6487.16015625
"1498",6475.740234375
"1499",6495.83984375
"1500",6476.2900390625
"1501",6474.75
"1502",6480.3798828125
"1503",6486.39013671875
"1504",6332.6298828125
"1505",6334.27001953125
"1506",6317.60986328125
"1507",6377.77978515625
"1508",6388.43994140625
"1509",6361.259765625
"1510",6376.1298828125
"1511",6419.66015625
"1512",6461.009765625
"1513",6530.14013671875
"1514",6453.72021484375
"1515",6385.6201171875
"1516",6409.22021484375
"1517",6411.27001953125
"1518",6371.27001953125
"1519",6359.490234375
"1520",5738.35009765625
"1521",5648.02978515625
"1522",5575.5498046875
"1523",5554.330078125
"1524",5623.5400390625
"1525",4871.490234375
"1526",4451.8701171875
"1527",4602.169921875
"1528",4365.93994140625
"1529",4347.10986328125
"1530",3880.76000976562
"1531",4009.96997070312
"1532",3779.1298828125
"1533",3820.71997070312
"1534",4257.419921875
"1535",4278.8466796875
"1536",4017.2685546875
"1537",4214.671875
"1538",4139.8779296875
"1539",3894.130859375
"1540",3956.89379882812
"1541",3753.99487304688
"1542",3521.10180664062
"1543",3419.93725585938
"1544",3476.11474609375
"1545",3614.234375
"1546",3502.65600585938
"1547",3424.58813476562
"1548",3486.9501953125
"1549",3313.67724609375
"1550",3242.48486328125
"1551",3236.76171875
"1552",3252.83911132812
"1553",3545.86474609375
"1554",3696.05908203125
"1555",3745.95068359375
"1556",4134.44140625
"1557",3896.54370117188
"1558",4014.1826171875
"1559",3998.98022460938
"1560",4078.59912109375
"1561",3815.49072265625
"1562",3857.29760742188
"1563",3654.83349609375
"1564",3923.91870117188
"1565",3820.40869140625
"1566",3865.95263671875
"1567",3742.70043945312
"1568",3843.52001953125
"1569",3943.40942382812
"1570",3836.7412109375
"1571",3857.71752929688
"1572",3845.19458007812
"1573",4076.63256835938
"1574",4025.24829101562
"1575",4030.84790039062
"1576",4035.29638671875
"1577",3678.92456054688
"1578",3687.36547851562
"1579",3661.30102539062
"1580",3552.953125
"1581",3706.05224609375
"1582",3630.67529296875
"1583",3655.0068359375
"1584",3678.56396484375
"1585",3657.83935546875
"1586",3728.568359375
"1587",3601.013671875
"1588",3576.03247070312
"1589",3604.5771484375
"1590",3585.123046875
"1591",3600.86547851562
"1592",3599.76586914062
"1593",3602.46044921875
"1594",3583.9658203125
"1595",3470.45043945312
"1596",3448.11694335938
"1597",3486.181640625
"1598",3457.79272460938
"1599",3487.9453125
"1600",3521.06079101562
"1601",3464.01342773438
"1602",3459.15405273438
"1603",3466.357421875
"1604",3413.76782226562
"1605",3399.4716796875
"1606",3666.7802734375
"1607",3671.20361328125
"1608",3690.18823242188
"1609",3648.4306640625
"1610",3653.52856445312
"1611",3632.07055664062
"1612",3616.880859375
"1613",3620.81079101562
"1614",3629.78759765625
"1615",3673.83618164062
"1616",3915.71435546875
"1617",3947.09448242188
"1618",3999.82055664062
"1619",3954.1181640625
"1620",4005.52661132812
"1621",4142.52685546875
"1622",3810.42749023438
"1623",3882.6962890625
"1624",3854.35791015625
"1625",3851.04736328125
"1626",3854.78540039062
"1627",3859.58374023438
"1628",3864.4150390625
"1629",3847.17578125
"1630",3761.55712890625
"1631",3896.375
"1632",3903.94262695312
"1633",3911.484375
"1634",3901.13159179688
"1635",3963.31372070312
"1636",3951.59985351562
"1637",3905.22729492188
"1638",3909.15625
"1639",3906.71728515625
"1640",3924.369140625
"1641",3960.9111328125
"1642",4048.72583007812
"1643",4025.22900390625
"1644",4032.50732421875
"1645",4071.19018554688
"1646",4087.47631835938
"1647",4029.32690429688
"1648",4023.96826171875
"1649",4035.82641601562
"1650",4022.16821289062
"1651",3963.07055664062
"1652",3985.08081054688
"1653",4087.06616210938
"1654",4069.10717773438
"1655",4098.37451171875
"1656",4106.66015625
"1657",4105.404296875
"1658",4158.18310546875
"1659",4879.8779296875
"1660",4973.02197265625
"1661",4922.798828125
"1662",5036.68115234375
"1663",5059.8173828125
"1664",5198.89697265625
"1665",5289.77099609375
"1666",5204.95849609375
"1667",5324.5517578125
"1668",5064.48779296875
"1669",5089.5390625
"1670",5096.58642578125
"1671",5167.72216796875
"1672",5067.1083984375
"1673",5235.5595703125
"1674",5251.93798828125
"1675",5298.3857421875
"1676",5303.8125
"1677",5337.88623046875
"1678",5314.53125
"1679",5399.365234375
"1680",5572.3623046875
"1681",5464.86669921875
"1682",5210.515625
"1683",5279.34814453125
"1684",5268.291015625
"1685",5285.13916015625
"1686",5247.3525390625
"1687",5350.7265625
"1688",5402.697265625
"1689",5505.28369140625
"1690",5768.28955078125
"1691",5831.16748046875
"1692",5795.70849609375
"1693",5746.80712890625
"1694",5829.50146484375
"1695",5982.45751953125
"1696",6174.52880859375
"1697",6378.84912109375
"1698",7204.771484375
"1699",6972.37158203125
"1700",7814.9150390625
"1701",7994.416015625
"1702",8205.16796875
"1703",7884.9091796875
"1704",7343.8955078125
"1705",7271.2080078125
"1706",8197.689453125
"1707",7978.30908203125
"1708",7963.32763671875
"1709",7680.06640625
"1710",7881.8466796875
"1711",7987.37158203125
"1712",8052.5439453125
"1713",8673.2158203125
"1714",8805.7783203125
"1715",8719.9619140625
"1716",8659.4873046875
"1717",8319.47265625
"1718",8574.501953125
"1719",8564.0166015625
"1720",8742.9580078125
"1721",8208.9951171875
"1722",7707.77099609375
"1723",7824.2314453125
"1724",7822.0234375
"1725",8043.951171875
"1726",7954.1279296875
"1727",7688.0771484375
"1728",8000.32958984375
"1729",7927.71435546875
"1730",8145.857421875
"1731",8230.923828125
"1732",8693.8330078125
"1733",8838.375
"1734",8994.48828125
"1735",9320.3525390625
"1736",9081.7626953125
"1737",9273.521484375
"1738",9527.16015625
"1739",10144.556640625
"1740",10701.69140625
"1741",10855.37109375
"1742",11011.1025390625
"1743",11790.9169921875
"1744",13016.2314453125
"1745",11182.806640625
"1746",12407.33203125
"1747",11959.37109375
"1748",10817.1552734375
"1749",10583.134765625
"1750",10801.677734375
"1751",11961.26953125
"1752",11215.4375
"1753",10978.4599609375
"1754",11208.55078125
"1755",11450.8466796875
"1756",12285.9580078125
"1757",12573.8125
"1758",12156.5126953125
"1759",11358.662109375
"1760",11815.986328125
"1761",11392.37890625
"1762",10256.05859375
"1763",10895.08984375
"1764",9477.6416015625
"1765",9693.802734375
"1766",10666.482421875
"1767",10530.732421875
"1768",10767.1396484375
"1769",10599.10546875
"1770",10343.1064453125
"1771",9900.767578125
"1772",9811.92578125
"1773",9911.841796875
"1774",9870.3037109375
"1775",9477.677734375
"1776",9552.8603515625
"1777",9519.1455078125
"1778",9607.423828125
"1779",10085.6279296875
"1780",10399.6689453125
"1781",10518.1748046875
"1782",10821.7265625
"1783",10970.1845703125
"1784",11805.6533203125
"1785",11478.1689453125
"1786",11941.96875
"1787",11966.4072265625
"1788",11862.9365234375
"1789",11354.0244140625
"1790",11523.5791015625
"1791",11382.6162109375
"1792",10895.830078125
"1793",10051.7041015625
"1794",10311.5458984375
"1795",10374.3388671875
"1796",10231.744140625
"1797",10345.810546875
"1798",10916.0537109375
"1799",10763.232421875
"1800",10138.0498046875
"1801",10131.0556640625
"1802",10407.96484375
"1803",10159.9609375
"1804",10138.517578125
"1805",10370.8203125
"1806",10185.5
"1807",9754.4228515625
"1808",9510.2001953125
"1809",9598.173828125
"1810",9630.6640625
"1811",9757.970703125
"1812",10346.7607421875
"1813",10623.5400390625
"1814",10594.4931640625
"1815",10575.533203125
"1816",10353.302734375
"1817",10517.2548828125
"1818",10441.2763671875
"1819",10334.974609375
"1820",10115.9755859375
"1821",10178.3720703125
"1822",10410.126953125
"1823",10360.546875
"1824",10358.048828125
"1825",10347.712890625
"1826",10276.7939453125
"1827",10241.2724609375
"1828",10198.248046875
"1829",10266.4150390625
"1830",10181.6416015625
"1831",10019.716796875
"1832",10070.392578125
"1833",9729.32421875
"1834",8620.56640625
"1835",8486.9931640625
"1836",8118.9677734375
"1837",8251.845703125
"1838",8245.9150390625
"1839",8104.185546875
"1840",8293.8681640625
"1841",8343.2763671875
"1842",8393.0419921875
"1843",8259.9921875
"1844",8205.939453125
"1845",8151.50048828125
"1846",7988.15576171875
"1847",8245.623046875
"1848",8228.783203125
"1849",8595.740234375
"1850",8586.4736328125
"1851",8321.7568359375
"1852",8336.5556640625
"1853",8321.005859375
"1854",8374.6865234375
"1855",8205.369140625
"1856",8047.52685546875
"1857",8103.9111328125
"1858",7973.20751953125
"1859",7988.560546875
"1860",8222.078125
"1861",8243.720703125
"1862",8078.203125
"1863",7514.671875
"1864",7493.48876953125
"1865",8660.7001953125
"1866",9244.97265625
"1867",9551.71484375
"1868",9256.1484375
"1869",9427.6875
"1870",9205.7265625
"1871",9199.5849609375
"1872",9261.1044921875
"1873",9324.7177734375
"1874",9235.3544921875
"1875",9412.6123046875
"1876",9342.52734375
"1877",9360.8798828125
"1878",9267.5615234375
"1879",8804.880859375
"1880",8813.58203125
"1881",9055.5263671875
"1882",8757.7880859375
"1883",8815.662109375
"1884",8808.2626953125
"1885",8708.0947265625
"1886",8491.9921875
"1887",8550.7607421875
"1888",8577.9755859375
"1889",8309.2861328125
"1890",8206.1455078125
"1891",8027.26806640625
"1892",7642.75
"1893",7296.57763671875
"1894",7397.796875
"1895",7047.9169921875
"1896",7146.1337890625
"1897",7218.37109375
"1898",7531.66357421875
"1899",7463.10595703125
"1900",7761.24365234375
"1901",7569.6298828125
"1902",7424.29248046875
"1903",7321.98828125
"1904",7320.1455078125
"1905",7252.03466796875
"1906",7448.3076171875
"1907",7546.99658203125
"1908",7556.23779296875
"1909",7564.34521484375
"1910",7400.8994140625
"1911",7278.11962890625
"1912",7217.42724609375
"1913",7243.13427734375
"1914",7269.6845703125
"1915",7124.673828125
"1916",7152.3017578125
"1917",6932.48046875
"1918",6640.51513671875
"1919",7276.802734375
"1920",7202.84423828125
"1921",7218.81640625
"1922",7191.15869140625
"1923",7511.5888671875
"1924",7355.62841796875
"1925",7322.5322265625
"1926",7275.15576171875
"1927",7238.966796875
"1928",7290.08837890625
"1929",7317.990234375
"1930",7422.65283203125
"1931",7292.9951171875
"1932",7193.59912109375
"1933",7200.17431640625
"1934",6985.47021484375
"1935",7344.88427734375
"1936",7410.65673828125
"1937",7411.3173828125
"1938",7769.21923828125
"1939",8163.6923828125
"1940",8079.86279296875
"1941",7879.0712890625
"1942",8166.55419921875
"1943",8037.53759765625
"1944",8192.494140625
"1945",8144.1943359375
"1946",8827.7646484375
"1947",8807.0107421875
"1948",8723.7861328125
"1949",8929.0380859375
"1950",8942.80859375
"1951",8706.2451171875
"1952",8657.642578125
"1953",8745.89453125
"1954",8680.8759765625
"1955",8406.515625
"1956",8445.4345703125
"1957",8367.84765625
"1958",8596.830078125
"1959",8909.8193359375
"1960",9358.58984375
"1961",9316.6298828125
"1962",9508.9931640625
"1963",9350.529296875
"1964",9392.875
"1965",9344.365234375
"1966",9293.521484375
"1967",9180.962890625
"1968",9613.423828125
"1969",9729.8017578125
"1970",9795.943359375
"1971",9865.119140625
"1972",10116.673828125
"1973",9856.611328125
"1974",10208.236328125
"1975",10326.0546875
"1976",10214.3798828125
"1977",10312.1162109375
"1978",9889.4248046875
"1979",9934.43359375
"1980",9690.142578125
"1981",10141.99609375
"1982",9633.38671875
"1983",9608.4755859375
"1984",9686.44140625
"1985",9663.181640625
"1986",9924.515625
"1987",9650.1748046875
"1988",9341.705078125
"1989",8820.5224609375
"1990",8784.494140625
"1991",8672.455078125
"1992",8599.5087890625
"1993",8562.4541015625
"1994",8869.669921875
"1995",8787.7861328125
"1996",8755.24609375
"1997",9078.7626953125
"1998",9122.5458984375
"1999",8909.9541015625
"2000",8108.1162109375
"2001",7923.64453125
"2002",7909.7294921875
"2003",7911.43017578125
"2004",4970.7880859375
"2005",5563.70703125
"2006",5200.3662109375
"2007",5392.31494140625
"2008",5014.47998046875
"2009",5225.62939453125
"2010",5238.4384765625
"2011",6191.19287109375
"2012",6198.7783203125
"2013",6185.06640625
"2014",5830.2548828125
"2015",6416.31494140625
"2016",6734.8037109375
"2017",6681.06298828125
"2018",6716.4404296875
"2019",6469.79833984375
"2020",6242.19384765625
"2021",5922.04296875
"2022",6429.841796875
"2023",6438.64453125
"2024",6606.7763671875
"2025",6793.62451171875
"2026",6733.38720703125
"2027",6867.52734375
"2028",6791.12939453125
"2029",7271.78125
"2030",7176.41455078125
"2031",7334.0986328125
"2032",7302.08935546875
"2033",6865.4931640625
"2034",6859.0830078125
"2035",6971.091796875
"2036",6845.03759765625
"2037",6842.427734375
"2038",6642.10986328125
"2039",7116.80419921875
"2040",7096.1845703125
"2041",7257.6650390625
"2042",7189.4248046875
"2043",6881.95849609375
"2044",6880.3232421875
"2045",7117.20751953125
"2046",7429.724609375
"2047",7550.90087890625
"2048",7569.93603515625
"2049",7679.8671875
"2050",7795.60107421875
"2051",7807.05859375
"2052",8801.0380859375
"2053",8658.5537109375
"2054",8864.7666015625
"2055",8988.5966796875
"2056",8897.46875
"2057",8912.654296875
"2058",9003.0703125
"2059",9268.76171875
"2060",9951.5185546875
"2061",9842.666015625
"2062",9593.896484375
"2063",8756.4306640625
"2064",8601.7958984375
"2065",8804.4775390625
"2066",9269.9873046875
"2067",9733.7216796875
"2068",9328.197265625
"2069",9377.013671875
"2070",9670.7392578125
"2071",9726.5751953125
"2072",9729.0380859375
"2073",9522.9814453125
"2074",9081.76171875
"2075",9182.5771484375
"2076",9209.287109375
"2077",8790.3681640625
"2078",8906.9345703125
"2079",8835.052734375
"2080",9181.017578125
"2081",9525.7509765625
"2082",9439.1240234375
"2083",9700.4140625
"2084",9461.05859375
"2085",10167.2685546875
"2086",9529.8037109375
"2087",9656.7177734375
"2088",9800.63671875
"2089",9665.533203125
"2090",9653.6796875
"2091",9758.8525390625
"2092",9771.4892578125
"2093",9795.7001953125
"2094",9870.0947265625
"2095",9321.78125
"2096",9480.84375
"2097",9475.27734375
"2098",9386.7880859375
"2099",9450.7021484375
"2100",9538.0244140625
"2101",9480.2548828125
"2102",9411.8408203125
"2103",9288.0185546875
"2104",9332.3408203125
"2105",9303.6298828125
"2106",9648.7177734375
"2107",9629.658203125
"2108",9313.6103515625
"2109",9264.8134765625
"2110",9162.91796875
"2111",9045.390625
"2112",9143.58203125
"2113",9190.8544921875
"2114",9137.9931640625
"2115",9228.3251953125
"2116",9123.41015625
"2117",9087.3037109375
"2118",9132.48828125
"2119",9073.9423828125
"2120",9375.474609375
"2121",9252.27734375
"2122",9428.3330078125
"2123",9277.9677734375
"2124",9278.8076171875
"2125",9240.3466796875
"2126",9276.5
"2127",9243.6142578125
"2128",9243.2138671875
"2129",9192.8369140625
"2130",9132.2275390625
"2131",9151.392578125
"2132",9159.0400390625
"2133",9185.8173828125
"2134",9164.2314453125
"2135",9374.8876953125
"2136",9525.36328125
"2137",9581.072265625
"2138",9536.892578125
"2139",9677.11328125
"2140",9905.1669921875
"2141",10990.873046875
"2142",10912.8232421875
"2143",11100.4677734375
"2144",11111.2138671875
"2145",11323.466796875
"2146",11759.5927734375
"2147",11053.6142578125
"2148",11246.3486328125
"2149",11205.892578125
"2150",11747.0224609375
"2151",11779.7734375
"2152",11601.47265625
"2153",11754.0458984375
"2154",11675.7392578125
"2155",11878.111328125
"2156",11410.525390625
"2157",11584.9345703125
"2158",11784.1376953125
"2159",11768.87109375
"2160",11865.6982421875
"2161",11892.8037109375
"2162",12254.40234375
"2163",11991.2333984375
"2164",11758.283203125
"2165",11878.3720703125
"2166",11592.4892578125
"2167",11681.8251953125
"2168",11664.84765625
"2169",11774.595703125
"2170",11366.134765625
"2171",11488.36328125
"2172",11323.3974609375
"2173",11542.5
"2174",11506.865234375
"2175",11711.505859375
"2176",11680.8203125
"2177",11970.478515625
"2178",11414.0341796875
"2179",10245.296875
"2180",10511.8134765625
"2181",10169.5673828125
"2182",10280.3515625
"2183",10369.5634765625
"2184",10131.5166015625
"2185",10242.34765625
"2186",10363.138671875
"2187",10400.9150390625
"2188",10442.1708984375
"2189",10323.755859375
"2190",10680.837890625
"2191",10796.951171875
"2192",10974.9052734375
"2193",10948.990234375
"2194",10944.5859375
"2195",11094.3466796875
"2196",10938.271484375
"2197",10462.259765625
"2198",10538.4599609375
"2199",10246.1865234375
"2200",10760.06640625
"2201",10692.716796875
"2202",10750.7236328125
"2203",10775.26953125
"2204",10709.65234375
"2205",10844.640625
"2206",10784.4912109375
"2207",10619.4521484375
"2208",10575.974609375
"2209",10549.3291015625
"2210",10669.5830078125
"2211",10793.33984375
"2212",10604.40625
"2213",10668.96875
"2214",10915.685546875
"2215",11064.4580078125
"2216",11296.361328125
"2217",11384.181640625
"2218",11555.36328125
"2219",11425.8994140625
"2220",11429.5068359375
"2221",11495.349609375
"2222",11322.123046875
"2223",11358.1015625
"2224",11483.359375
"2225",11742.037109375
"2226",11916.3349609375
"2227",12823.689453125
"2228",12965.8916015625
"2229",12931.5390625
"2230",13108.0625
"2231",13031.173828125
"2232",13075.248046875
"2233",13654.21875
"2234",13271.28515625
"2235",13437.8828125
"2236",13546.5224609375
"2237",13780.9951171875
"2238",13737.109375
"2239",13550.4892578125
"2240",13950.30078125
"2241",14133.70703125
"2242",15579.8486328125
"2243",15565.880859375
"2244",14833.75390625
"2245",15479.5673828125
"2246",15332.3154296875
"2247",15290.90234375
"2248",15701.33984375
"2249",16276.34375
"2250",16317.80859375
"2251",16068.138671875
"2252",15955.587890625
"2253",16716.111328125
"2254",17645.40625
"2255",17804.005859375
"2256",17817.08984375
"2257",18621.314453125
"2258",18642.232421875
"2259",18370.001953125
"2260",18364.12109375
"2261",19107.46484375
"2262",18732.12109375
"2263",17150.623046875
"2264",17108.40234375
"2265",17717.4140625
"2266",18177.484375
"2267",19625.8359375
"2268",18802.998046875
"2269",19201.091796875
"2270",19445.3984375
"2271",18699.765625
"2272",19154.23046875
"2273",19345.12109375
"2274",19191.630859375
"2275",18321.14453125
"2276",18553.916015625
"2277",18264.9921875
"2278",18058.904296875
"2279",18803.65625
"2280",19142.3828125
"2281",19246.64453125
"2282",19417.076171875
"2283",21310.59765625
"2284",22805.162109375
"2285",23137.9609375
"2286",23869.83203125
"2287",23477.294921875
"2288",22803.08203125
"2289",23783.029296875
"2290",23241.345703125
"2291",23735.94921875
"2292",24664.791015625
"2293",26437.037109375
"2294",26272.294921875
"2295",27084.80859375
"2296",27362.4375
"2297",28840.953125
"2298",29001.720703125
"2299",29374.15234375
"2300",32127.267578125
"2301",32782.0234375
"2302",31971.9140625
"2303",33992.4296875
"2304",36824.36328125
"2305",39371.04296875
"2306",40797.609375
"2307",40254.546875
"2308",38356.44140625
"2309",35566.65625
"2310",33922.9609375
"2311",37316.359375
"2312",39187.328125
"2313",36825.3671875
"2314",36178.140625
"2315",35791.27734375
"2316",36630.07421875
"2317",36069.8046875
"2318",35547.75
"2319",30825.69921875
"2320",33005.76171875
"2321",32067.642578125
"2322",32289.37890625
"2323",32366.392578125
"2324",32569.849609375
"2325",30432.546875
"2326",33466.09765625
"2327",34316.38671875
"2328",34269.5234375
"2329",33114.359375
"2330",33537.17578125
"2331",35510.2890625
"2332",37472.08984375
"2333",36926.06640625
"2334",38144.30859375
"2335",39266.01171875
"2336",38903.44140625
"2337",46196.46484375
"2338",46481.10546875
"2339",44918.18359375
"2340",47909.33203125
"2341",47504.8515625
"2342",47105.515625
"2343",48717.2890625
"2344",47945.05859375
"2345",49199.87109375
"2346",52149.0078125
"2347",51679.796875
"2348",55888.1328125
"2349",56099.51953125
"2350",57539.9453125
"2351",54207.3203125
"2352",48824.42578125
"2353",49705.33203125
"2354",47093.8515625
"2355",46339.76171875
"2356",46188.453125
"2357",45137.76953125
"2358",49631.2421875
"2359",48378.98828125
"2360",50538.2421875
"2361",48561.16796875
"2362",48927.3046875
"2363",48912.3828125
"2364",51206.69140625
"2365",52246.5234375
"2366",54824.1171875
"2367",56008.55078125
"2368",57805.12109375
"2369",57332.08984375
"2370",61243.0859375
"2371",59302.31640625
"2372",55907.19921875
"2373",56804.90234375
"2374",58870.89453125
"2375",57858.921875
"2376",58346.65234375
"2377",58313.64453125
"2378",57523.421875
"2379",54529.14453125
"2380",54738.9453125
"2381",52774.265625
"2382",51704.16015625
"2383",55137.3125
"2384",55973.51171875
"2385",55950.74609375
"2386",57750.19921875
"2387",58917.69140625
"2388",58918.83203125
"2389",59095.80859375
"2390",59384.3125
"2391",57603.890625
"2392",58758.5546875
"2393",59057.87890625
"2394",58192.359375
"2395",56048.9375
"2396",58323.953125
"2397",58245.00390625
"2398",59793.234375
"2399",60204.96484375
"2400",59893.453125
"2401",63503.45703125
"2402",63109.6953125
"2403",63314.01171875
"2404",61572.7890625
"2405",60683.8203125
"2406",56216.18359375
"2407",55724.265625
"2408",56473.03125
"2409",53906.08984375
"2410",51762.2734375
"2411",51093.65234375
"2412",50050.8671875
"2413",49004.25390625
"2414",54021.75390625
"2415",55033.1171875
"2416",54824.703125
"2417",53555.109375
"2418",57750.17578125
"2419",57828.05078125
"2420",56631.078125
"2421",57200.29296875
"2422",53333.5390625
"2423",57424.0078125
"2424",56396.515625
"2425",57356.40234375
"2426",58803.77734375
"2427",58232.31640625
"2428",55859.796875
"2429",56704.57421875
"2430",49150.53515625
"2431",49716.19140625
"2432",49880.53515625
"2433",46760.1875
"2434",46456.05859375
"2435",43537.51171875
"2436",42909.40234375
"2437",37002.44140625
"2438",40782.73828125
"2439",37304.69140625
"2440",37536.6328125
"2441",34770.58203125
"2442",38705.98046875
"2443",38402.22265625
"2444",39294.19921875
"2445",38436.96875
"2446",35697.60546875
"2447",34616.06640625
"2448",35678.12890625
"2449",37332.85546875
"2450",36684.92578125
"2451",37575.1796875
"2452",39208.765625
"2453",36894.40625
"2454",35551.95703125
"2455",35862.37890625
"2456",33560.70703125
"2457",33472.6328125
"2458",37345.12109375
"2459",36702.59765625
"2460",37334.3984375
"2461",35552.515625
"2462",39097.859375
"2463",40218.4765625
"2464",40406.26953125
"2465",38347.0625
"2466",38053.50390625
"2467",35787.24609375
"2468",35615.87109375
"2469",35698.296875
"2470",31676.693359375
"2471",32505.66015625
"2472",33723.02734375
"2473",34662.4375
"2474",31637.779296875
"2475",32186.27734375
"2476",34649.64453125
"2477",34434.3359375
"2478",35867.77734375
"2479",35040.8359375
"2480",33572.1171875
"2481",33897.046875
"2482",34668.546875
"2483",35287.78125
"2484",33746.00390625
"2485",34235.1953125
"2486",33855.328125
"2487",32877.37109375
"2488",33798.01171875
"2489",33520.51953125
"2490",34240.1875
"2491",33155.84765625
"2492",32702.025390625
"2493",32822.34765625
"2494",31780.73046875
"2495",31421.5390625
"2496",31533.068359375
"2497",31796.810546875
"2498",30817.83203125
"2499",29807.34765625
"2500",32110.693359375
"2501",32313.10546875
"2502",33581.55078125
"2503",34292.4453125
"2504",35350.1875
"2505",37337.53515625
"2506",39406.94140625
"2507",39995.90625
"2508",40008.421875
"2509",42235.546875
"2510",41626.1953125
"2511",39974.89453125
"2512",39201.9453125
"2513",38152.98046875
"2514",39747.50390625
"2515",40869.5546875
"2516",42816.5
"2517",44555.80078125
"2518",43798.1171875
"2519",46365.40234375
"2520",45585.03125
"2521",45593.63671875
"2522",44428.2890625
"2523",47793.3203125
"2524",47096.9453125
"2525",47047.00390625
"2526",46004.484375
"2527",44695.359375
"2528",44801.1875
"2529",46717.578125
"2530",49339.17578125
"2531",48905.4921875
"2532",49321.65234375
"2533",49546.1484375
"2534",47706.1171875
"2535",48960.7890625
"2536",46942.21875
"2537",49058.66796875
"2538",48902.40234375
"2539",48829.83203125
"2540",47054.984375
"2541",47166.6875
"2542",48847.02734375
"2543",49327.72265625
"2544",50025.375
"2545",49944.625
"2546",51753.41015625
"2547",52633.53515625
"2548",46811.12890625
"2549",46091.390625
"2550",46391.421875
"2551",44883.91015625
"2552",45201.45703125
"2553",46063.26953125
"2554",44963.07421875
"2555",47092.4921875
"2556",48176.34765625
"2557",47783.359375
"2558",47267.51953125
"2559",48278.36328125
"2560",47260.21875
"2561",42843.80078125
"2562",40693.67578125
"2563",43574.5078125
"2564",44895.09765625
"2565",42839.75
"2566",42716.59375
"2567",43208.5390625
"2568",42235.73046875
"2569",41034.54296875
"2570",41564.36328125
"2571",43790.89453125
"2572",48116.94140625
"2573",47711.48828125
"2574",48199.953125
"2575",49112.90234375
"2576",51514.8125
"2577",55361.44921875
"2578",53805.984375
"2579",53967.84765625
"2580",54968.22265625
"2581",54771.578125
"2582",57484.7890625
"2583",56041.05859375
"2584",57401.09765625
"2585",57321.5234375
"2586",61593.94921875
"2587",60892.1796875
"2588",61553.6171875
"2589",62026.078125
"2590",64261.9921875
"2591",65992.8359375
"2592",62210.171875
"2593",60692.265625
"2594",61393.6171875
"2595",60930.8359375
"2596",63039.82421875
"2597",60363.79296875
"2598",58482.38671875
"2599",60622.13671875
"2600",62227.96484375
"2601",61888.83203125
"2602",61318.95703125
"2603",61004.40625
"2604",63226.40234375
"2605",62970.046875
"2606",61452.23046875
"2607",61125.67578125
"2608",61527.48046875
"2609",63326.98828125
"2610",67566.828125
"2611",66971.828125
"2612",64995.23046875
"2613",64949.9609375
"2614",64155.94140625
"2615",64469.52734375
"2616",65466.83984375
"2617",63557.87109375
"2618",60161.24609375
"2619",60368.01171875
"2620",56942.13671875
"2621",58119.578125
"2622",59697.1953125
"2623",58730.4765625
"2624",56289.2890625
"2625",57569.07421875
"2626",56280.42578125
"2627",57274.6796875
"2628",53569.765625
"2629",54815.078125
"2630",57248.45703125
"2631",57806.56640625
"2632",57005.42578125
"2633",57229.828125
"2634",56477.81640625
"2635",53598.24609375
"2636",49200.703125
"2637",49368.84765625
"2638",50582.625
"2639",50700.0859375
"2640",50504.796875
"2641",47672.12109375
"2642",47243.3046875
"2643",49362.5078125
"2644",50098.3359375
"2645",46737.48046875
"2646",46612.6328125
"2647",48896.72265625
"2648",47665.42578125
"2649",46202.14453125
"2650",46848.77734375
"2651",46707.015625
"2652",46880.27734375
"2653",48936.61328125
"2654",48628.51171875
"2655",50784.5390625
"2656",50822.1953125
"2657",50429.859375
"2658",50809.515625
"2659",50640.41796875
"2660",47588.85546875
"2661",46444.7109375
"2662",47178.125
"2663",46306.4453125
"2664",47686.8125
"2665",47345.21875
"2666",46458.1171875
"2667",45897.57421875
"2668",43569.00390625
"2669",43160.9296875
"2670",41557.90234375
"2671",41733.94140625
"2672",41911.6015625
"2673",41821.26171875
"2674",42735.85546875
"2675",43949.1015625
"2676",42591.5703125
"2677",43099.69921875
"2678",43177.3984375
"2679",43113.87890625
"2680",42250.55078125
"2681",42375.6328125
"2682",41744.328125
"2683",40680.41796875
"2684",36457.31640625
"2685",35030.25
"2686",36276.8046875
"2687",36654.328125
"2688",36954.00390625
"2689",36852.12109375
"2690",37138.234375
"2691",37784.33203125
"2692",38138.1796875
"2693",37917.6015625
"2694",38483.125
"2695",38743.2734375
"2696",36952.984375
"2697",37154.6015625
"2698",41500.875
"2699",41441.1640625
"2700",42412.43359375
"2701",43840.28515625
"2702",44118.4453125
"2703",44338.796875
"2704",43565.11328125
"2705",42407.9375
"2706",42244.46875
"2707",42197.515625
"2708",42586.91796875
"2709",44575.203125
"2710",43961.859375
"2711",40538.01171875
"2712",40030.9765625
"2713",40122.15625
"2714",38431.37890625
"2715",37075.28125
"2716",38286.02734375
"2717",37296.5703125
"2718",38332.609375
"2719",39214.21875
"2720",39105.1484375
"2721",37709.78515625
"2722",43193.234375
"2723",44354.63671875
"2724",43924.1171875
"2725",42451.7890625
"2726",39137.60546875
"2727",39400.5859375
"2728",38419.984375
"2729",38062.0390625
"2730",38737.26953125
"2731",41982.92578125
"2732",39437.4609375
"2733",38794.97265625
"2734",38904.01171875
"2735",37849.6640625
"2736",39666.75390625
"2737",39338.78515625
"2738",41143.9296875
"2739",40951.37890625
"2740",41801.15625
"2741",42190.65234375
"2742",41247.82421875
"2743",41077.99609375
"2744",42358.80859375
"2745",42892.95703125
"2746",43960.93359375
"2747",44348.73046875
"2748",44500.828125
"2749",46820.4921875
"2750",47128.00390625
"2751",47465.73046875
"2752",47062.6640625
"2753",45538.67578125
"2754",46281.64453125
"2755",45868.94921875
"2756",46453.56640625
"2757",46622.67578125
"2758",45555.9921875
"2759",43206.73828125
"2760",43503.84765625
"2761",42287.6640625
"2762",42782.13671875
"2763",42207.671875
"2764",39521.90234375
"2765",40127.18359375
"2766",41166.73046875
"2767",39935.515625
"2768",40553.46484375
"2769",40424.484375
"2770",39716.953125
"2771",40826.21484375
"2772",41502.75
"2773",41374.37890625
"2774",40527.36328125
"2775",39740.3203125
"2776",39486.73046875
"2777",39469.29296875
"2778",40458.30859375
"2779",38117.4609375
"2780",39241.12109375
"2781",39773.828125
"2782",38609.82421875
"2783",37714.875
"2784",38469.09375
"2785",38529.328125
"2786",37750.453125
"2787",39698.37109375
"2788",36575.140625
"2789",36040.921875
"2790",35501.953125
"2791",34059.265625
"2792",30296.953125
"2793",31022.90625
"2794",28936.35546875
"2795",29047.751953125
"2796",29283.103515625
"2797",30101.265625
"2798",31305.11328125
"2799",29862.91796875
"2800",30425.857421875
"2801",28720.271484375
"2802",30314.333984375
"2803",29200.740234375
"2804",29432.2265625
"2805",30323.72265625
"2806",29098.91015625
"2807",29655.5859375
"2808",29562.361328125
"2809",29267.224609375
"2810",28627.57421875
"2811",28814.900390625
"2812",29445.95703125
"2813",31726.390625
"2814",31792.310546875
"2815",29799.080078125
"2816",30467.48828125
"2817",29704.390625
"2818",29832.9140625
"2819",29906.662109375
"2820",31370.671875
"2821",31155.478515625
"2822",30214.35546875
"2823",30111.998046875
"2824",29083.8046875
"2825",28360.810546875
"2826",26762.6484375
"2827",22487.388671875
"2828",22206.79296875
"2829",22572.83984375
"2830",20381.650390625
"2831",20471.482421875
"2832",19017.642578125
"2833",20553.271484375
"2834",20599.537109375
"2835",20710.59765625
"2836",19987.029296875
"2837",21085.876953125
"2838",21231.65625
"2839",21502.337890625
"2840",21027.294921875
"2841",20735.478515625
"2842",20280.634765625
"2843",20104.0234375
"2844",19784.7265625
"2845",19269.3671875
"2846",19242.255859375
"2847",19297.076171875
"2848",20231.26171875
"2849",20190.115234375
"2850",20548.24609375
"2851",21637.587890625
"2852",21731.1171875
"2853",21592.20703125
"2854",20860.44921875
"2855",19970.556640625
"2856",19323.9140625
"2857",20212.07421875
"2858",20569.919921875
"2859",20836.328125
"2860",21190.31640625
"2861",20779.34375
"2862",22485.689453125
"2863",23389.43359375
"2864",23231.732421875
"2865",23164.62890625
"2866",22714.978515625
"2867",22465.478515625
"2868",22609.1640625
"2869",21361.701171875
"2870",21239.75390625
"2871",22930.548828125
"2872",23843.88671875
"2873",23804.6328125
"2874",23656.20703125
"2875",23336.896484375
"2876",23314.19921875
"2877",22978.1171875
"2878",22846.5078125
"2879",22630.95703125
"2880",23289.314453125
"2881",22961.279296875
"2882",23175.890625
"2883",23809.486328125
"2884",23164.318359375
"2885",23947.642578125
"2886",23957.529296875
"2887",24402.818359375
"2888",24424.068359375
"2889",24319.333984375
"2890",24136.97265625
"2891",23883.291015625
"2892",23335.998046875
"2893",23212.73828125
"2894",20877.552734375
"2895",21166.060546875
"2896",21534.12109375
"2897",21398.908203125
"2898",21528.087890625
"2899",21395.01953125
"2900",21600.904296875
"2901",20260.01953125
"2902",20041.73828125
"2903",19616.814453125
"2904",20297.994140625
"2905",19796.80859375
"2906",20049.763671875
"2907",20127.140625
"2908",19969.771484375
"2909",19832.087890625
"2910",19986.712890625
"2911",19812.37109375
"2912",18837.66796875
"2913",19290.32421875
"2914",19329.833984375
"2915",21381.15234375
"2916",21680.5390625
"2917",21769.255859375
"2918",22370.44921875
"2919",20296.70703125
"2920",20241.08984375
"2921",19701.2109375
"2922",19772.583984375
"2923",20127.576171875
"2924",19419.505859375
"2925",19544.12890625
"2926",18890.7890625
"2927",18547.400390625
"2928",19413.55078125
"2929",19297.638671875
"2930",18937.01171875
"2931",18802.09765625
"2932",19222.671875
"2933",19110.546875
"2934",19426.720703125
"2935",19573.05078125
"2936",19431.7890625
"2937",19312.095703125
"2938",19044.107421875
"2939",19623.580078125
"2940",20336.84375
"2941",20160.716796875
"2942",19955.443359375
"2943",19546.849609375
"2944",19416.568359375
"2945",19446.42578125
"2946",19141.484375
"2947",19051.41796875
"2948",19157.4453125
"2949",19382.904296875
"2950",19185.65625
"2951",19067.634765625
"2952",19268.09375
"2953",19550.7578125
"2954",19334.416015625
"2955",19139.53515625
"2956",19053.740234375
"2957",19172.46875
"2958",19208.189453125
"2959",19567.0078125
"2960",19345.572265625
"2961",20095.857421875
"2962",20770.44140625
"2963",20285.8359375
"2964",20595.3515625
"2965",20818.4765625
"2966",20635.603515625
"2967",20495.7734375
"2968",20485.2734375
"2969",20159.50390625
"2970",20209.98828125
"2971",21147.23046875
"2972",21282.69140625
"2973",20926.486328125
"2974",20602.81640625
"2975",18541.271484375
"2976",15880.7802734375
"2977",17586.771484375
"2978",17034.29296875
"2979",16799.185546875
"2980",16353.365234375
"2981",16618.19921875
"2982",16884.61328125
"2983",16669.439453125
"2984",16687.517578125
"2985",16697.77734375
"2986",16711.546875
"2987",16291.83203125
"2988",15787.2841796875
"2989",16189.76953125
"2990",16610.70703125
"2991",16604.46484375
"2992",16521.841796875
"2993",16464.28125
"2994",16444.626953125
"2995",16217.322265625
"2996",16444.982421875
"2997",17168.56640625
"2998",16967.1328125
"2999",17088.66015625
"3000",16908.236328125
"3001",17130.486328125
"3002",16974.826171875
"3003",17089.50390625
"3004",16848.126953125
"3005",17233.474609375
"3006",17133.15234375
"3007",17128.724609375
"3008",17104.193359375
"3009",17206.4375
"3010",17781.318359375
"3011",17815.650390625
"3012",17364.865234375
"3013",16647.484375
"3014",16795.091796875
"3015",16757.9765625
"3016",16439.6796875
"3017",16906.3046875
"3018",16817.53515625
"3019",16830.341796875
"3020",16796.953125
"3021",16847.755859375
"3022",16841.986328125
"3023",16919.8046875
"3024",16717.173828125
"3025",16552.572265625
"3026",16642.341796875
"3027",16602.5859375
"3028",16547.49609375
"3029",16625.080078125
"3030",16688.470703125
"3031",16679.857421875
"3032",16863.23828125
"3033",16836.736328125
"3034",16951.96875
"3035",16955.078125
"3036",17091.14453125
"3037",17196.5546875
"3038",17446.29296875
"3039",17934.896484375
"3040",18869.587890625
"3041",19909.57421875
"3042",20976.298828125
"3043",20880.798828125
"3044",21169.6328125
"3045",21161.51953125
"3046",20688.78125
"3047",21086.79296875
"3048",22676.552734375
"3049",22777.625
"3050",22720.416015625
"3051",22934.431640625
"3052",22636.46875
"3053",23117.859375
"3054",23032.77734375
"3055",23078.728515625
"3056",23031.08984375
"3057",23774.56640625
"3058",22840.138671875
"3059",23139.283203125
"3060",23723.76953125
"3061",23471.87109375
"3062",23449.322265625
"3063",23331.84765625
"3064",22955.666015625
"3065",22760.109375
"3066",23264.291015625
"3067",22939.3984375
"3068",21819.0390625
"3069",21651.18359375
"3070",21870.875
"3071",21788.203125
"3072",21808.1015625
"3073",22220.8046875
"3074",24307.841796875
"3075",23623.474609375
"3076",24565.6015625
"3077",24641.27734375
"3078",24327.642578125
"3079",24829.1484375
"3080",24436.353515625
"3081",24188.84375
"3082",23947.4921875
"3083",23198.126953125
"3084",23175.375
"3085",23561.212890625
"3086",23522.87109375
"3087",23147.353515625
"3088",23646.55078125
"3089",23475.466796875
"3090",22362.6796875
"3091",22353.349609375
"3092",22435.513671875
"3093",22429.7578125
"3094",22219.76953125
"3095",21718.080078125
"3096",20363.021484375
"3097",20187.244140625
"3098",20632.41015625
"3099",22163.94921875
"3100",24197.533203125
"3101",24746.07421875
"3102",24375.9609375
"3103",25052.7890625
"3104",27423.9296875
"3105",26965.87890625
"3106",28038.67578125
"3107",27767.236328125
"3108",28175.81640625
"3109",27307.4375
"3110",28333.97265625
"3111",27493.28515625
"3112",27494.70703125
"3113",27994.330078125
"3114",27139.888671875
"3115",27268.130859375
"3116",28348.44140625
"3117",28033.5625
"3118",28478.484375
"3119",28411.03515625
"3120",28199.30859375
"3121",27790.220703125
"3122",28168.08984375
"3123",28177.984375
"3124",28044.140625
"3125",27925.859375
"3126",27947.794921875
"3127",28333.05078125
"3128",29652.98046875
"3129",30235.05859375
"3130",30139.052734375
"3131",30399.06640625
"3132",30485.69921875
"3133",30318.49609375
"3134",30315.35546875
"3135",29445.044921875
"3136",30397.552734375
"3137",28822.6796875
"3138",28245.98828125
"3139",27276.91015625
"3140",27817.5
"3141",27591.384765625
"3142",27525.33984375
"3143",28307.59765625
"3144",28422.701171875
"3145",29473.787109375
"3146",29340.26171875
"3147",29248.48828125
"3148",29268.806640625
"3149",28091.568359375
"3150",28680.537109375
"3151",29006.30859375
"3152",28847.7109375
"3153",29534.384765625
"3154",28904.623046875
"3155",28454.978515625
"3156",27694.2734375
"3157",27658.775390625
"3158",27621.755859375
"3159",27000.7890625
"3160",26804.990234375
"3161",26784.078125
"3162",26930.638671875
"3163",27192.693359375
"3164",27036.650390625
"3165",27398.802734375
"3166",26832.208984375
"3167",26890.12890625
"3168",27129.5859375
"3169",26753.826171875
"3170",26851.27734375
"3171",27225.7265625
"3172",26334.818359375
"3173",26476.20703125
"3174",26719.291015625
"3175",26868.353515625
"3176",28085.646484375
"3177",27745.884765625
"3178",27702.349609375
"3179",27219.658203125
"3180",26819.97265625
"3181",27249.58984375
"3182",27075.12890625
"3183",27119.06640625
"3184",25760.09765625
"3185",27238.783203125
"3186",26345.998046875
"3187",26508.216796875
"3188",26480.375
"3189",25851.240234375
"3190",25940.16796875
"3191",25902.5
"3192",25918.728515625
"3193",25124.67578125
"3194",25576.39453125
"3195",26327.462890625
"3196",26510.67578125
"3197",26336.212890625
"3198",26851.029296875
"3199",28327.48828125
"3200",30027.296875
"3201",29912.28125
"3202",30695.46875
"3203",30548.6953125
"3204",30480.26171875
"3205",30271.130859375
"3206",30688.1640625
"3207",30086.24609375
"3208",30445.3515625
"3209",30477.251953125
"3210",30590.078125
"3211",30620.76953125
"3212",31156.439453125
"3213",30777.58203125
"3214",30514.166015625
"3215",29909.337890625
"3216",30342.265625
"3217",30292.541015625
"3218",30171.234375
"3219",30414.470703125
"3220",30620.951171875
"3221",30391.646484375
"3222",31476.048828125
"3223",30334.068359375
"3224",30295.806640625
"3225",30249.1328125
"3226",30145.888671875
"3227",29856.5625
"3228",29913.923828125
"3229",29792.015625
"3230",29908.744140625
"3231",29771.802734375
"3232",30084.5390625
"3233",29176.916015625
"3234",29227.390625
"3235",29354.97265625
"3236",29210.689453125
"3237",29319.24609375
"3238",29356.91796875
"3239",29275.30859375
"3240",29230.111328125
"3241",29675.732421875
"3242",29151.958984375
"3243",29178.6796875
"3244",29074.091796875
"3245",29042.126953125
"3246",29041.85546875
"3247",29180.578125
"3248",29765.4921875
"3249",29561.494140625
"3250",29429.591796875
"3251",29397.71484375
"3252",29415.96484375
"3253",29282.9140625
"3254",29408.443359375
"3255",29170.34765625
"3256",28701.779296875
"3257",26664.55078125
"3258",26049.556640625
"3259",26096.205078125
"3260",26189.583984375
"3261",26124.140625
"3262",26031.65625
"3263",26431.640625
"3264",26162.373046875
"3265",26047.66796875
"3266",26008.462890625
"3267",26089.693359375
"3268",26106.150390625
"3269",27727.392578125
"3270",27297.265625
"3271",25931.47265625
"3272",25800.724609375
"3273",25868.798828125
"3274",25969.56640625
"3275",25812.416015625
"3276",25779.982421875
"3277",25753.236328125
"3278",26240.1953125
"3279",25905.654296875
"3280",25895.677734375
"3281",25832.2265625
"3282",25162.654296875
"3283",25833.34375
"3284",26228.32421875
"3285",26539.673828125
"3286",26608.693359375
"3287",26568.28125
"3288",26534.1875
"3289",26754.28125
"3290",27211.1171875
"3291",27132.0078125
"3292",26567.6328125
"3293",26579.568359375
"3294",26579.390625
"3295",26256.826171875
"3296",26298.48046875
"3297",26217.25
"3298",26352.716796875
"3299",27021.546875
"3300",26911.720703125
"3301",26967.916015625
"3302",27983.75
"3303",27530.78515625
"3304",27429.978515625
"3305",27799.39453125
"3306",27415.912109375
"3307",27946.59765625
"3308",27968.83984375
"3309",27935.08984375
"3310",27583.677734375
"3311",27391.01953125
"3312",26873.3203125
"3313",26756.798828125
"3314",26862.375
"3315",26861.70703125
"3316",27159.65234375
"3317",28519.466796875
"3318",28415.748046875
"3319",28328.341796875
"3320",28719.806640625
"3321",29682.94921875
"3322",29918.412109375
"3323",29993.896484375
"3324",33086.234375
"3325",33901.52734375
"3326",34502.8203125
"3327",34156.6484375
"3328",33909.80078125
"3329",34089.57421875
"3330",34538.48046875
"3331",34502.36328125
"3332",34667.78125
"3333",35437.25390625
"3334",34938.2421875
"3335",34732.32421875
"3336",35082.1953125
"3337",35049.35546875
"3338",35037.37109375
"3339",35443.5625
"3340",35655.27734375
"3341",36693.125
"3342",37313.96875
"3343",37138.05078125
"3344",37054.51953125
"3345",36502.35546875
"3346",35537.640625
"3347",37880.58203125
"3348",36154.76953125
"3349",36596.68359375
"3350",36585.703125
"3351",37386.546875
"3352",37476.95703125
"3353",35813.8125
"3354",37432.33984375
"3355",37289.62109375
"3356",37720.28125
"3357",37796.79296875
"3358",37479.12109375
"3359",37254.16796875
"3360",37831.0859375
"3361",37858.4921875
"3362",37712.74609375
"3363",38688.75
"3364",39476.33203125
"3365",39978.390625
"3366",41980.09765625
"3367",44080.6484375
"3368",43746.4453125
"3369",43292.6640625
"3370",44166.6015625
"3371",43725.984375
"3372",43779.69921875
"3373",41243.83203125
"3374",41450.22265625
"3375",42890.7421875
"3376",43023.97265625
"3377",41929.7578125
"3378",42240.1171875
"3379",41364.6640625
"3380",42623.5390625
"3381",42270.52734375
"3382",43652.25
"3383",43869.15234375
"3384",43997.90234375
"3385",43739.54296875
"3386",43016.1171875
"3387",43613.140625
"3388",42520.40234375
"3389",43442.85546875
"3390",42627.85546875
"3391",42099.40234375
"3392",42156.90234375
"3393",42265.1875
"3394",44167.33203125
"3395",44957.96875
"3396",42848.17578125
"3397",44179.921875
"3398",44162.69140625
"3399",43989.1953125
"3400",43943.09765625
"3401",46970.50390625
"3402",46139.73046875
"3403",45898.87890625
