"","BZ=F.Adjusted"
"1",75.7399978637695
"2",77.0500030517578
"3",75.3499984741211
"4",75.7600021362305
"5",74.75
"6",71.1699981689453
"7",71.8000030517578
"8",70.9899978637695
"9",70.2099990844727
"10",70.3899993896484
"11",70.2300033569336
"12",70.5100021362305
"13",71.6399993896484
"14",69.7699966430664
"15",70.4400024414062
"16",69.8499984741211
"17",68.6900024414062
"18",68.6999969482422
"19",69.8600006103516
"20",70.620002746582
"21",70.9499969482422
"22",70.5500030517578
"23",72.129997253418
"24",71.9000015258789
"25",72.6900024414062
"26",73.9199981689453
"27",74.3399963378906
"28",74.7699966430664
"29",75.0699996948242
"30",75.4800033569336
"31",76.379997253418
"32",77.6800003051758
"33",77.120002746582
"34",76.2200012207031
"35",76.9800033569336
"36",77.5899963378906
"37",78.4700012207031
"38",79.0899963378906
"39",79.3000030517578
"40",78.9100036621094
"41",77.620002746582
"42",77.4300003051758
"43",80.0299987792969
"44",79.1699981689453
"45",77.6399993896484
"46",77.379997253418
"47",77.379997253418
"48",78.9700012207031
"49",78.9000015258789
"50",76.5800018310547
"51",77.4899978637695
"52",78.5999984741211
"53",80.1500015258789
"54",80.5500030517578
"55",82.75
"56",83.5500030517578
"57",83.129997253418
"58",84.5999984741211
"59",83.7900009155273
"60",83.2699966430664
"61",82.8499984741211
"62",84.370002746582
"63",87.4800033569336
"64",88.6900024414062
"65",90.3199996948242
"66",87.4400024414062
"67",90.629997253418
"68",89.7200012207031
"69",92.0800018310547
"70",90.4899978637695
"71",93.2600021362305
"72",93.2399978637695
"73",92.7900009155273
"74",93.1800003051758
"75",91.9800033569336
"76",88.8300018310547
"77",91.3600006103516
"78",90.2300033569336
"79",91.620002746582
"80",92.2799987792969
"81",95.4899978637695
"82",94.8399963378906
"83",95.7600021362305
"84",95.3199996948242
"85",92.5199966430664
"86",89.8099975585938
"87",90.2200012207031
"88",88.2600021362305
"89",89.8000030517578
"90",89.5299987792969
"91",88.4899978637695
"92",90.1800003051758
"93",88.6399993896484
"94",88.0400009155273
"95",89.9899978637695
"96",94.0199966430664
"97",92.120002746582
"98",91.6900024414062
"99",91.2900009155273
"100",90.120002746582
"101",91.4800033569336
"102",90.879997253418
"103",92.4599990844727
"104",92.6999969482422
"105",93.9400024414062
"106",94.7799987792969
"107",93.879997253418
"108",93.8499984741211
"109",97.8399963378906
"110",97.5999984741211
"111",96.7900009155273
"112",94.3899993896484
"113",95.5400009155273
"114",94.370002746582
"115",92.2200012207031
"116",91.0699996948242
"117",92.9199981689453
"118",90.9800033569336
"119",89.5
"120",88.75
"121",89.2300033569336
"122",88.4499969482422
"123",86.620002746582
"124",89.0699996948242
"125",90.9000015258789
"126",91.379997253418
"127",92
"128",92.5299987792969
"129",92.2099990844727
"130",89.4400024414062
"131",90.4000015258789
"132",88.8199996948242
"133",87.7799987792969
"134",88.5100021362305
"135",91.9400024414062
"136",93.5299987792969
"137",92.8600006103516
"138",93.3199996948242
"139",95.1600036621094
"140",94.629997253418
"141",98.5599975585938
"142",98.4199981689453
"143",96.2399978637695
"144",97.0100021362305
"145",97.6900024414062
"146",99.4700012207031
"147",98.2699966430664
"148",100.900001525879
"149",100.099998474121
"150",100.480003356934
"151",97.5199966430664
"152",101.639999389648
"153",102.610000610352
"154",102.379997253418
"155",104.160003662109
"156",105.25
"157",106.269996643066
"158",107.540000915527
"159",106.199996948242
"160",101.75
"161",105.559997558594
"162",100.720001220703
"163",100.379997253418
"164",99.8600006103516
"165",100.599998474121
"166",103.98999786377
"167",105
"168",103.769996643066
"169",100.300003051758
"170",100.169998168945
"171",103.75
"172",102.519996643066
"173",104.900001525879
"174",107.139999389648
"175",106.339996337891
"176",108.470001220703
"177",108.199996948242
"178",108.75
"179",109.839996337891
"180",111.580001831055
"181",112.660003662109
"182",112.430000305176
"183",113.919998168945
"184",114.430000305176
"185",115.949996948242
"186",116.459999084473
"187",114.339996337891
"188",116.339996337891
"189",116.73999786377
"190",113.430000305176
"191",111.360000610352
"192",110.5
"193",114.559997558594
"194",117.98999786377
"195",120.309997558594
"196",122.319999694824
"197",122.839996337891
"198",125.400001525879
"199",122.910003662109
"200",124.099998474121
"201",121.860000610352
"202",122.629997253418
"203",124.98999786377
"204",125.059997558594
"205",127.839996337891
"206",132.699996948242
"207",130.509994506836
"208",131.570007324219
"209",128.309997558594
"210",130.929992675781
"211",126.889999389648
"212",127.779998779297
"213",128.020004272461
"214",124.580001831055
"215",122.099998474121
"216",127.540000915527
"217",137.690002441406
"218",133.910003662109
"219",131.020004272461
"220",135.020004272461
"221",136.089996337891
"222",135.110000610352
"223",134.710006713867
"224",133.720001220703
"225",136.440002441406
"226",132
"227",134.860000610352
"228",135.910003662109
"229",136.460006713867
"230",134.330001831055
"231",139.830001831055
"232",140.309997558594
"233",139.830001831055
"234",140.669998168945
"235",144.259994506836
"236",146.080001831055
"237",141.869995117188
"238",136.429992675781
"239",136.580001831055
"240",142.029998779297
"241",144.490005493164
"242",143.919998168945
"243",138.75
"244",135.809997558594
"245",131.070007324219
"246",130.190002441406
"247",132.610000610352
"248",129.550003051758
"249",125.290000915527
"250",126.440002441406
"251",124.519996643066
"252",125.839996337891
"253",122.709999084473
"254",127.099998474121
"255",123.980003356934
"256",124.180000305176
"257",120.680000305176
"258",117.699996948242
"259",117
"260",117.860000610352
"261",113.330001831055
"262",112.669998168945
"263",111.150001525879
"264",113.470001220703
"265",113.680000305176
"266",112.550003051758
"267",111.940002441406
"268",113.25
"269",114.360000610352
"270",120.160003662109
"271",113.919998168945
"272",114.029998779297
"273",114.629997253418
"274",116.220001220703
"275",114.169998168945
"276",114.050003051758
"277",108.339996337891
"278",108.059997558594
"279",106.300003051758
"280",104.089996337891
"281",103.440002441406
"282",100.339996337891
"283",98.9700012207031
"284",97.6399993896484
"285",97.5800018310547
"286",94.2399978637695
"287",89.2200012207031
"288",94.8399963378906
"289",95.1900024414062
"290",99.6100006103516
"291",106.040000915527
"292",103.080001831055
"293",102.449996948242
"294",104.599998474121
"295",103.540000915527
"296",93.9800033569336
"297",98.1699981689453
"298",95.3300018310547
"299",90.5599975585938
"300",90.25
"301",83.6800003051758
"302",84.6600036621094
"303",84.3600006103516
"304",82.6600036621094
"305",74.0899963378906
"306",77.4599990844727
"307",74.5299987792969
"308",70.8000030517578
"309",NA
"310",69.5999984741211
"311",72.0299987792969
"312",69.7200012207031
"313",64.5199966430664
"314",65.9199981689453
"315",62.0499992370605
"316",61.4099998474121
"317",60.2900009155273
"318",65.4700012207031
"319",63.7099990844727
"320",65.3199996948242
"321",60.4799995422363
"322",66.4400024414062
"323",61.8699989318848
"324",57.4300003051758
"325",57.3499984741211
"326",59.0800018310547
"327",55.7099990844727
"328",52.3699989318848
"329",NA
"330",54.2400016784668
"331",52.310001373291
"332",51.8400001525879
"333",51.7200012207031
"334",48.0800018310547
"335",49.189998626709
"336",53.9300003051758
"337",50.3499984741211
"338",53.9199981689453
"339",53.4900016784668
"340",47.9700012207031
"341",45.439998626709
"342",45.439998626709
"343",42.2799987792969
"344",39.7400016784668
"345",43.4199981689453
"346",41.5299987792969
"347",42.4000015258789
"348",47.3899993896484
"349",46.4099998474121
"350",44.5999984741211
"351",NA
"352",45.5299987792969
"353",43.3600006103516
"354",44
"355",41.4500007629395
"356",40.3600006103516
"357",36.6100006103516
"358",38.3699989318848
"359",40.5499992370605
"360",40.1500015258789
"361",45.5900001525879
"362",46.9099998474121
"363",49.6199989318848
"364",50.5299987792969
"365",45.8600006103516
"366",44.6699981689453
"367",44.4199981689453
"368",42.9099998474121
"369",44.8300018310547
"370",45.0800018310547
"371",NA
"372",46.5699996948242
"373",43.6199989318848
"374",45.0200004577637
"375",45.3899993896484
"376",48.3699989318848
"377",46.9599990844727
"378",43.7299995422363
"379",44.9000015258789
"380",45.4000015258789
"381",45.8800010681152
"382",43.8199996948242
"383",44.0800018310547
"384",44.1500015258789
"385",46.4599990844727
"386",46.2099990844727
"387",46.0200004577637
"388",44.6100006103516
"389",44.2799987792969
"390",NA
"391",46.2599983215332
"392",42.4500007629395
"393",40.75
"394",43.2799987792969
"395",43.1399993896484
"396",42.3600006103516
"397",43.8400001525879
"398",45.4199981689453
"399",47.6100006103516
"400",47.2000007629395
"401",43.1599998474121
"402",44.560001373291
"403",46.9900016784668
"404",44.7799987792969
"405",45.939998626709
"406",45.3499984741211
"407",45.1500015258789
"408",42.5499992370605
"409",46.2000007629395
"410",45.8800010681152
"411",46.4599990844727
"412",48.2400016784668
"413",47.6599998474121
"414",50.6699981689453
"415",51.2200012207031
"416",53.4700012207031
"417",53.5
"418",51.75
"419",53.4599990844727
"420",51.9799995422363
"421",47.9900016784668
"422",49.2299995422363
"423",48.439998626709
"424",52.75
"425",53.4700012207031
"426",52.2400016784668
"427",51.2200012207031
"428",51.5900001525879
"429",54.060001373291
"430",52.1399993896484
"431",51.9599990844727
"432",NA
"433",NA
"434",NA
"435",NA
"436",NA
"437",NA
"438",NA
"439",NA
"440",NA
"441",NA
"442",NA
"443",NA
"444",52.8499984741211
"445",54.5800018310547
"446",54.1199989318848
"447",56.1500015258789
"448",56.4700012207031
"449",58.1399993896484
"450",57.4799995422363
"451",57.939998626709
"452",57.3400001525879
"453",NA
"454",55.9799995422363
"455",58.4700012207031
"456",58.9199981689453
"457",60.5900001525879
"458",59.9300003051758
"459",60.7799987792969
"460",61.2400016784668
"461",62.5
"462",64.3899993896484
"463",65.5199966430664
"464",67.9700012207031
"465",68.1699981689453
"466",65.879997253418
"467",68.7099990844727
"468",68.3399963378906
"469",67.879997253418
"470",69.620002746582
"471",70.8000030517578
"472",71.7900009155273
"473",70.9199981689453
"474",69.4400024414062
"475",70.2399978637695
"476",70.8499984741211
"477",71.0599975585938
"478",69.1900024414062
"479",66.9800033569336
"480",68.8000030517578
"481",68.3300018310547
"482",69.7799987792969
"483",68.9199981689453
"484",70.9899978637695
"485",69.3000030517578
"486",68.7900009155273
"487",66.6500015258789
"488",64.0500030517578
"489",63.2299995422363
"490",60.4300003051758
"491",61.0999984741211
"492",60.5200004577637
"493",60.689998626709
"494",60.8600006103516
"495",63.0900001525879
"496",NA
"497",65.379997253418
"498",66.4400024414062
"499",66.870002746582
"500",67.2099990844727
"501",69.25
"502",70.3199996948242
"503",70.8099975585938
"504",69.879997253418
"505",66.5299987792969
"506",70.1100006103516
"507",71.6999969482422
"508",73.5500030517578
"509",74.2799987792969
"510",75.5100021362305
"511",74.8300018310547
"512",73.5899963378906
"513",73.5
"514",72.4599990844727
"515",72.8899993896484
"516",73.4800033569336
"517",72.4100036621094
"518",70.5400009155273
"519",72.370002746582
"520",74.5899963378906
"521",73.3300018310547
"522",74.1900024414062
"523",74.2600021362305
"524",71.8199996948242
"525",71.6500015258789
"526",72.5100021362305
"527",72.7900009155273
"528",69.6500015258789
"529",67.7300033569336
"530",67.6600036621094
"531",67.120002746582
"532",66.8199996948242
"533",69.4199981689453
"534",69.8300018310547
"535",69.8600006103516
"536",67.6900024414062
"537",67.4400024414062
"538",NA
"539",71.6699981689453
"540",71.5500030517578
"541",71.3199996948242
"542",68.6900024414062
"543",70.5299987792969
"544",67.9899978637695
"545",64.8199996948242
"546",65.1100006103516
"547",65.5400009155273
"548",65.4899978637695
"549",69.0699996948242
"550",69.1900024414062
"551",68.0699996948242
"552",68.0400009155273
"553",68.5599975585938
"554",67.1999969482422
"555",69.7699966430664
"556",70
"557",71.3600006103516
"558",72.4000015258789
"559",73.0999984741211
"560",NA
"561",76.9899978637695
"562",77.7699966430664
"563",77.2399978637695
"564",79.6900024414062
"565",79.5100021362305
"566",78.9199981689453
"567",77.2600021362305
"568",77.9199981689453
"569",75.8600006103516
"570",78.0400009155273
"571",75.1999969482422
"572",76.5500030517578
"573",78.1100006103516
"574",78.8899993896484
"575",77.9899978637695
"576",75.870002746582
"577",77.7699966430664
"578",77.5
"579",77.9499969482422
"580",76.0199966430664
"581",75.5500030517578
"582",78.7600021362305
"583",78.9700012207031
"584",79.4700012207031
"585",77.6399993896484
"586",77.1999969482422
"587",77.4599990844727
"588",76.4599990844727
"589",78.4400024414062
"590",77.1800003051758
"591",78.4700012207031
"592",79.3499984741211
"593",77.879997253418
"594",78.3600006103516
"595",77.5199966430664
"596",76.4300003051758
"597",75.1900024414062
"598",72.3899993896484
"599",71.8600006103516
"600",71.879997253418
"601",71.8899993896484
"602",72.0500030517578
"603",73.5500030517578
"604",73.370002746582
"605",73.75
"606",72.9899978637695
"607",73.4599990844727
"608",75.4499969482422
"609",76.3099975585938
"610",77.3199996948242
"611",77.6399993896484
"612",78.0299987792969
"613",77.9300003051758
"614",80.120002746582
"615",80.5899963378906
"616",81.8899993896484
"617",81.5100021362305
"618",81.370002746582
"619",80.9700012207031
"620",79.3000030517578
"621",78.3099975585938
"622",77.8199996948242
"623",77.1100006103516
"624",77.629997253418
"625",76.3199996948242
"626",74.5800018310547
"627",72.8300018310547
"628",73.6900024414062
"629",73.2900009155273
"630",72.2399978637695
"631",72.129997253418
"632",71.4599990844727
"633",73.1100006103516
"634",76.0599975585938
"635",75.9199981689453
"636",72.129997253418
"637",69.5899963378906
"638",70.1100006103516
"639",72.129997253418
"640",72.5400009155273
"641",73.0500030517578
"642",72.9000015258789
"643",75.6800003051758
"644",76.2699966430664
"645",77.7799987792969
"646",78.1900024414062
"647",78.6100006103516
"648",77.25
"649",78.0899963378906
"650",76.2900009155273
"651",77.5899963378906
"652",76.8899993896484
"653",78.1800003051758
"654",79.25
"655",78.5400009155273
"656",79.8899993896484
"657",80.4700012207031
"658",79.9100036621094
"659",80.4800033569336
"660",80.2799987792969
"661",79.3899993896484
"662",77.8899993896484
"663",79.0199966430664
"664",81.9599990844727
"665",81.4800033569336
"666",79.879997253418
"667",80.5400009155273
"668",80.6999969482422
"669",79.620002746582
"670",79.6100006103516
"671",79.2900009155273
"672",81.1699981689453
"673",81.2799987792969
"674",82.6999969482422
"675",84.0100021362305
"676",85.879997253418
"677",86.1500015258789
"678",85.5899963378906
"679",84.8099975585938
"680",84.8300018310547
"681",84.7699966430664
"682",84.7200012207031
"683",86.1500015258789
"684",87.1699981689453
"685",85.9899978637695
"686",84.2300033569336
"687",84.8000030517578
"688",85.6999969482422
"689",85.6699981689453
"690",87.25
"691",86.8300018310547
"692",85.7799987792969
"693",86.1600036621094
"694",86.9000015258789
"695",87.4400024414062
"696",88.9400024414062
"697",NA
"698",82.6100006103516
"699",79.8300018310547
"700",78.2699966430664
"701",80.120002746582
"702",80.4899978637695
"703",81.1999969482422
"704",80.1100006103516
"705",77.1800003051758
"706",75.0999984741211
"707",74.4300003051758
"708",73.6900024414062
"709",71.8399963378906
"710",71.6800003051758
"711",71.1699981689453
"712",69.5500030517578
"713",71.7399978637695
"714",74.6600036621094
"715",74.0199966430664
"716",72.7099990844727
"717",73.75
"718",75.4100036621094
"719",72.0899963378906
"720",72.0899963378906
"721",72.0899963378906
"722",72.0899963378906
"723",75.2900009155273
"724",74.3499984741211
"725",75.1999969482422
"726",76.1999969482422
"727",78.1399993896484
"728",78.6800003051758
"729",78.2200012207031
"730",78.8199996948242
"731",78.0400009155273
"732",76.2699966430664
"733",76.4700012207031
"734",78.120002746582
"735",77.5899963378906
"736",75.4400024414062
"737",75.0100021362305
"738",72.3399963378906
"739",71.6500015258789
"740",71.4499969482422
"741",73.5100021362305
"742",74.7099990844727
"743",75.4199981689453
"744",74.370002746582
"745",76.6500015258789
"746",76.7699966430664
"747",NA
"748",75.370002746582
"749",75.620002746582
"750",76.2200012207031
"751",75.370002746582
"752",77.8199996948242
"753",77.4499969482422
"754",77.5
"755",76.129997253418
"756",76.0599975585938
"757",77.5899963378906
"758",78.1800003051758
"759",80.8199996948242
"760",82.6800003051758
"761",82.1999969482422
"762",81.6100006103516
"763",80.1600036621094
"764",80.9899978637695
"765",79.5999984741211
"766",77.6399993896484
"767",75.5199966430664
"768",75.1100006103516
"769",74.8499984741211
"770",76.9300003051758
"771",76.4700012207031
"772",75.3000030517578
"773",74.2600021362305
"774",73.620002746582
"775",72.379997253418
"776",73.4800033569336
"777",75.0199966430664
"778",76.6500015258789
"779",76.5999984741211
"780",74.6399993896484
"781",76.3499984741211
"782",76.9300003051758
"783",76.6699981689453
"784",77.7399978637695
"785",78.1699981689453
"786",77.4700012207031
"787",78.1600036621094
"788",79.0299987792969
"789",79.1600036621094
"790",78.9100036621094
"791",78.4800033569336
"792",78.2099990844727
"793",79.3199996948242
"794",78.4199981689453
"795",77.9499969482422
"796",78.1100006103516
"797",78.870002746582
"798",78.5699996948242
"799",78.7099990844727
"800",80.7699966430664
"801",82.3099975585938
"802",83.75
"803",83.2799987792969
"804",84.8399963378906
"805",85.0599975585938
"806",83.4300003051758
"807",84.0299987792969
"808",83.7200012207031
"809",83.5
"810",84.6399993896484
"811",84.5299987792969
"812",82.4499969482422
"813",84.370002746582
"814",81.0999984741211
"815",83.5999984741211
"816",81.8300018310547
"817",82.9599990844727
"818",83.5400009155273
"819",83.6600036621094
"820",83.2300033569336
"821",83.5899963378906
"822",83.1500015258789
"823",84.620002746582
"824",85.4100036621094
"825",86.379997253418
"826",88
"827",88.1100006103516
"828",88.4599990844727
"829",88.3300018310547
"830",88.9599990844727
"831",88.8099975585938
"832",86.3399963378906
"833",86.6999969482422
"834",84.7300033569336
"835",83.2799987792969
"836",85.0500030517578
"837",84.3399963378906
"838",83.9599990844727
"839",83.25
"840",85.8399963378906
"841",85.5800018310547
"842",87.3399963378906
"843",85.9199981689453
"844",88.870002746582
"845",90.6900024414062
"846",91.4199981689453
"847",91.4499969482422
"848",91.3899993896484
"849",90.7699966430664
"850",90.9899978637695
"851",90.4800033569336
"852",91.1900024414062
"853",91.2099990844727
"854",92.1999969482422
"855",91.7099990844727
"856",91.6699981689453
"857",92.7399978637695
"858",93.1999969482422
"859",93.6500015258789
"860",94.25
"861",93.8499984741211
"862",94.379997253418
"863",94.1399993896484
"864",93.0899963378906
"865",94.75
"866",94.8399963378906
"867",93.5299987792969
"868",95.5
"869",94.5199966430664
"870",93.3300018310547
"871",95.6999969482422
"872",97.6100006103516
"873",98.120002746582
"874",98.0599975585938
"875",NA
"876",97.8000030517578
"877",98.1600036621094
"878",96.5800018310547
"879",97.5999984741211
"880",96.6100006103516
"881",95.25
"882",97.9100036621094
"883",97.3899993896484
"884",99.4199981689453
"885",101.01000213623
"886",101.73999786377
"887",102.339996337891
"888",101.76000213623
"889",99.8300018310547
"890",99.25
"891",99.9199981689453
"892",101.819999694824
"893",100.870002746582
"894",101.430000305176
"895",103.080001831055
"896",101.639999389648
"897",103.779998779297
"898",102.589996337891
"899",102.519996643066
"900",105.779998779297
"901",111.25
"902",111.360000610352
"903",112.139999389648
"904",111.800003051758
"905",115.419998168945
"906",116.349998474121
"907",114.790000915527
"908",115.970001220703
"909",115.040000915527
"910",113.059997558594
"911",115.940002441406
"912",115.430000305176
"913",113.839996337891
"914",113.669998168945
"915",108.519996643066
"916",110.620002746582
"917",114.900001525879
"918",113.930000305176
"919",114.959999084473
"920",115.699996948242
"921",115.550003051758
"922",115.720001220703
"923",115.589996337891
"924",114.800003051758
"925",NA
"926",115.129997253418
"927",117.360000610352
"928",118.699996948242
"929",121.059997558594
"930",122.220001220703
"931",122.300003051758
"932",122.669998168945
"933",126.650001525879
"934",123.980003356934
"935",120.919998168945
"936",122.879997253418
"937",122.360000610352
"938",123.449996948242
"939",121.610000610352
"940",121.330001831055
"941",NA
"942",123.98999786377
"943",123.660003662109
"944",124.139999389648
"945",125.129997253418
"946",125.019996643066
"947",125.889999389648
"948",125.120002746582
"949",122.449996948242
"950",121.190002441406
"951",110.800003051758
"952",109.129997253418
"953",115.900001525879
"954",117.629997253418
"955",112.569999694824
"956",112.980003356934
"957",113.830001831055
"958",112.730003356934
"959",109.98999786377
"960",112.300003051758
"961",111.419998168945
"962",112.389999389648
"963",110.099998474121
"964",112.529998779297
"965",114.930000305176
"966",115.050003051758
"967",115.029998779297
"968",116.730003356934
"969",114.529998779297
"970",115.540000915527
"971",115.839996337891
"972",114.480003356934
"973",116.779998779297
"974",117.849998474121
"975",119.569999694824
"976",118.779998779297
"977",119.099998474121
"978",120.160003662109
"979",117.099998474121
"980",114.019996643066
"981",113.209999084473
"982",111.690002441406
"983",110.949996948242
"984",114.209999084473
"985",107.26000213623
"986",105.120002746582
"987",105.98999786377
"988",108.779998779297
"989",112.400001525879
"990",112.480003356934
"991",111.769996643066
"992",NA
"993",113.620002746582
"994",118.589996337891
"995",118.330001831055
"996",117.23999786377
"997",117.75
"998",NA
"999",118.319999694824
"1000",117.26000213623
"1001",116.050003051758
"1002",NA
"1003",118.150001525879
"1004",117.51000213623
"1005",118.669998168945
"1006",117.940002441406
"1007",118.279998779297
"1008",117.430000305176
"1009",117.360000610352
"1010",116.73999786377
"1011",116.809997558594
"1012",116.459999084473
"1013",113.230003356934
"1014",107.25
"1015",109.370002746582
"1016",103.73999786377
"1017",102.569999694824
"1018",106.680000305176
"1019",108.019996643066
"1020",108.029998779297
"1021",109.910003662109
"1022",NA
"1023",110.599998474121
"1024",106.98999786377
"1025",108.620002746582
"1026",108.360000610352
"1027",109.309997558594
"1028",110.150001525879
"1029",NA
"1030",111.360000610352
"1031",111.879997253418
"1032",114.019996643066
"1033",114.849998474121
"1034",114.290000915527
"1035",112.330001831055
"1036",112.889999389648
"1037",115.800003051758
"1038",114.550003051758
"1039",112.769996643066
"1040",112.25
"1041",111.889999389648
"1042",112.400001525879
"1043",115.339996337891
"1044",112.220001220703
"1045",109.139999389648
"1046",110.540000915527
"1047",110.360000610352
"1048",105.48999786377
"1049",103.970001220703
"1050",NA
"1051",107.139999389648
"1052",103.809997558594
"1053",103.949996948242
"1054",102.76000213623
"1055",101.709999084473
"1056",99.7900009155273
"1057",NA
"1058",105.730003356934
"1059",105.879997253418
"1060",108.949996948242
"1061",110.730003356934
"1062",111.360000610352
"1063",111.110000610352
"1064",114.680000305176
"1065",110.160003662109
"1066",111.150001525879
"1067",108.389999389648
"1068",109.76000213623
"1069",109.559997558594
"1070",111.449996948242
"1071",110.919998168945
"1072",108.910003662109
"1073",112.080001831055
"1074",109.910003662109
"1075",109.559997558594
"1076",109.540000915527
"1077",109.339996337891
"1078",110.830001831055
"1079",111.970001220703
"1080",114.559997558594
"1081",115
"1082",112.309997558594
"1083",113.709999084473
"1084",114.160003662109
"1085",111.889999389648
"1086",112.389999389648
"1087",111.879997253418
"1088",108.220001220703
"1089",107.559997558594
"1090",NA
"1091",109.029998779297
"1092",107.019996643066
"1093",106.400001525879
"1094",109
"1095",110.819999694824
"1096",NA
"1097",108.98999786377
"1098",109.940002441406
"1099",109.809997558594
"1100",110.809997558594
"1101",109.529998779297
"1102",108.110000610352
"1103",108.620002746582
"1104",107.26000213623
"1105",109.5
"1106",105.019996643066
"1107",105.089996337891
"1108",103.349998474121
"1109",103.639999389648
"1110",106.730003356934
"1111",107.709999084473
"1112",107.889999389648
"1113",107.959999084473
"1114",109.269996643066
"1115",107.559997558594
"1116",108.01000213623
"1117",107.379997253418
"1118",112.129997253418
"1119",113.699996948242
"1120",112.73999786377
"1121",113.059997558594
"1122",112.449996948242
"1123",113.279998779297
"1124",112.23999786377
"1125",111.26000213623
"1126",110.440002441406
"1127",111.529998779297
"1128",110.660003662109
"1129",111.550003051758
"1130",109.860000610352
"1131",110.580001831055
"1132",110.029998779297
"1133",109.809997558594
"1134",110.790000915527
"1135",111.459999084473
"1136",110.75
"1137",110.980003356934
"1138",111.559997558594
"1139",112.069999694824
"1140",114.580001831055
"1141",115.930000305176
"1142",116.230003356934
"1143",117.199996948242
"1144",118.589996337891
"1145",117.309997558594
"1146",117.930000305176
"1147",118.160003662109
"1148",118.930000305176
"1149",120.110000610352
"1150",119.580001831055
"1151",121.660003662109
"1152",122.900001525879
"1153",123.620002746582
"1154",125.470001220703
"1155",124.169998168945
"1156",121.550003051758
"1157",122.660003662109
"1158",126.199996948242
"1159",123.650001525879
"1160",123.800003051758
"1161",121.980003356934
"1162",124.120002746582
"1163",125.440002441406
"1164",125.980003356934
"1165",125.339996337891
"1166",126.220001220703
"1167",124.970001220703
"1168",123.550003051758
"1169",125.809997558594
"1170",125.709999084473
"1171",124.120002746582
"1172",124.199996948242
"1173",123.139999389648
"1174",125.129997253418
"1175",125.650001525879
"1176",125.540000915527
"1177",124.160003662109
"1178",122.389999389648
"1179",122.879997253418
"1180",125.430000305176
"1181",124.860000610352
"1182",122.339996337891
"1183",123.430000305176
"1184",122.669998168945
"1185",119.879997253418
"1186",120.180000305176
"1187",121.709999084473
"1188",121.830001831055
"1189",118.680000305176
"1190",118.779998779297
"1191",117.970001220703
"1192",118
"1193",118.76000213623
"1194",118.709999084473
"1195",118.160003662109
"1196",119.120002746582
"1197",119.919998168945
"1198",119.830001831055
"1199",119.470001220703
"1200",119.660003662109
"1201",118.199996948242
"1202",116.080001831055
"1203",113.180000305176
"1204",113.160003662109
"1205",112.730003356934
"1206",113.199996948242
"1207",112.730003356934
"1208",112.26000213623
"1209",111.569999694824
"1210",112.23999786377
"1211",111.709999084473
"1212",107.48999786377
"1213",107.139999389648
"1214",108.809997558594
"1215",108.410003662109
"1216",105.559997558594
"1217",106.550003051758
"1218",106.830001831055
"1219",106.680000305176
"1220",103.470001220703
"1221",101.870002746582
"1222",98.4300003051758
"1223",98.8499984741211
"1224",98.8399963378906
"1225",100.639999389648
"1226",99.9300003051758
"1227",99.4700012207031
"1228",98
"1229",97.1399993896484
"1230",97.129997253418
"1231",97.0299987792969
"1232",97.6100006103516
"1233",96.0500030517578
"1234",95.7600021362305
"1235",92.6900024414062
"1236",89.2300033569336
"1237",90.9800033569336
"1238",91.0100021362305
"1239",93.0199966430664
"1240",93.5
"1241",91.3600006103516
"1242",97.8000030517578
"1243",97.3399963378906
"1244",100.680000305176
"1245",100.699996948242
"1246",98.1900024414062
"1247",100.319999694824
"1248",97.9700012207031
"1249",100.230003356934
"1250",101.069999694824
"1251",102.400001525879
"1252",103.550003051758
"1253",104
"1254",105.160003662109
"1255",107.800003051758
"1256",106.830001831055
"1257",103.26000213623
"1258",103.419998168945
"1259",104.379997253418
"1260",105.26000213623
"1261",106.470001220703
"1262",106.199996948242
"1263",104.919998168945
"1264",105.959999084473
"1265",105.900001525879
"1266",108.940002441406
"1267",109.550003051758
"1268",112
"1269",112.139999389648
"1270",113.220001220703
"1271",112.949996948242
"1272",113.599998474121
"1273",114.029998779297
"1274",116.25
"1275",116.900001525879
"1276",113.709999084473
"1277",113.699996948242
"1278",114.639999389648
"1279",114.910003662109
"1280",115.01000213623
"1281",113.589996337891
"1282",112.26000213623
"1283",112.580001831055
"1284",112.540000915527
"1285",112.650001525879
"1286",114.569999694824
"1287",114.180000305176
"1288",113.089996337891
"1289",113.48999786377
"1290",114.25
"1291",114.809997558594
"1292",115.400001525879
"1293",115.959999084473
"1294",116.900001525879
"1295",NA
"1296",NA
"1297",112.029998779297
"1298",108.190002441406
"1299",110.029998779297
"1300",111.419998168945
"1301",109.809997558594
"1302",110.449996948242
"1303",110.040000915527
"1304",112.01000213623
"1305",112.389999389648
"1306",112.190002441406
"1307",111.569999694824
"1308",108.169998168945
"1309",112.580001831055
"1310",112.019996643066
"1311",111.819999694824
"1312",114.5
"1313",114.330001831055
"1314",115.709999084473
"1315",114.620002746582
"1316",115.800003051758
"1317",115.069999694824
"1318",NA
"1319",NA
"1320",110.139999389648
"1321",109.440002441406
"1322",108.25
"1323",107.849998474121
"1324",108.48999786377
"1325",109.550003051758
"1326",108.699996948242
"1327",108.169998168945
"1328",105.680000305176
"1329",107.730003356934
"1330",111.069999694824
"1331",106.819999694824
"1332",107.25
"1333",109.400001525879
"1334",109.069999694824
"1335",108.26000213623
"1336",109.610000610352
"1337",110.980003356934
"1338",NA
"1339",110.839996337891
"1340",109.830001831055
"1341",110.860000610352
"1342",111.379997253418
"1343",110.919998168945
"1344",109.870002746582
"1345",109.51000213623
"1346",110.76000213623
"1347",111.230003356934
"1348",110.919998168945
"1349",109.839996337891
"1350",108.809997558594
"1351",107.029998779297
"1352",107.019996643066
"1353",107.330001831055
"1354",108.01000213623
"1355",109.5
"1356",107.910003662109
"1357",109.150001525879
"1358",NA
"1359",NA
"1360",110.360000610352
"1361",110.199996948242
"1362",108.970001220703
"1363",108.800003051758
"1364",111.069999694824
"1365",110.800003051758
"1366",110.620002746582
"1367",111.110000610352
"1368",112.470001220703
"1369",112.139999389648
"1370",111.309997558594
"1371",111.400001525879
"1372",111.940002441406
"1373",111.76000213623
"1374",111.889999389648
"1375",110.639999389648
"1376",111.879997253418
"1377",110.300003051758
"1378",110.610000610352
"1379",110.610000610352
"1380",110.610000610352
"1381",112.419998168945
"1382",112.800003051758
"1383",113.279998779297
"1384",113.279998779297
"1385",113.480003356934
"1386",114.360000610352
"1387",114.900001525879
"1388",115.550003051758
"1389",116.76000213623
"1390",115.599998474121
"1391",116.519996643066
"1392",116.730003356934
"1393",117.23999786377
"1394",118.900001525879
"1395",118.129997253418
"1396",118.660003662109
"1397",118.720001220703
"1398",118.580001831055
"1399",118.580001831055
"1400",117.519996643066
"1401",115.599998474121
"1402",113.529998779297
"1403",114.099998474121
"1404",114.440002441406
"1405",112.709999084473
"1406",111.870002746582
"1407",111.379997253418
"1408",110.400001525879
"1409",110.089996337891
"1410",111.610000610352
"1411",111.059997558594
"1412",111.150001525879
"1413",110.849998474121
"1414",110.220001220703
"1415",109.650001525879
"1416",108.519996643066
"1417",109.419998168945
"1418",109.379997253418
"1419",NA
"1420",107.449996948242
"1421",108.720001220703
"1422",107.470001220703
"1423",107.660003662109
"1424",108.169998168945
"1425",109.360000610352
"1426",109.690002441406
"1427",110.019996643066
"1428",NA
"1429",111.080001831055
"1430",110.690002441406
"1431",107.110000610352
"1432",106.339996337891
"1433",104.120002746582
"1434",104.660003662109
"1435",106.230003356934
"1436",105.790000915527
"1437",104.269996643066
"1438",103.110000610352
"1439",100.389999389648
"1440",100.360000610352
"1441",100.360000610352
"1442",99.129997253418
"1443",99.6500015258789
"1444",100.389999389648
"1445",100.309997558594
"1446",101.730003356934
"1447",103.410003662109
"1448",103.160003662109
"1449",103.809997558594
"1450",102.370002746582
"1451",99.9499969482422
"1452",102.849998474121
"1453",104.190002441406
"1454",105.459999084473
"1455",104.400001525879
"1456",104.339996337891
"1457",104.470001220703
"1458",103.910003662109
"1459",102.819999694824
"1460",102.599998474121
"1461",103.680000305176
"1462",103.800003051758
"1463",103.720001220703
"1464",103.720001220703
"1465",103.910003662109
"1466",102.599998474121
"1467",102.440002441406
"1468",102.639999389648
"1469",104.230003356934
"1470",102.430000305176
"1471",102.190002441406
"1472",100.389999389648
"1473",102.059997558594
"1474",103.23999786377
"1475",103.040000915527
"1476",103.610000610352
"1477",104.559997558594
"1478",103.949996948242
"1479",102.959999084473
"1480",103.48999786377
"1481",104.25
"1482",104.290000915527
"1483",NA
"1484",106.019996643066
"1485",106.120002746582
"1486",102.150001525879
"1487",100.910003662109
"1488",101.160003662109
"1489",101.26000213623
"1490",101.660003662109
"1491",102.819999694824
"1492",102.160003662109
"1493",103
"1494",104
"1495",105.76000213623
"1496",107.720001220703
"1497",107.430000305176
"1498",107.809997558594
"1499",108.51000213623
"1500",107.730003356934
"1501",108.809997558594
"1502",109.089996337891
"1503",109.400001525879
"1504",109.360000610352
"1505",NA
"1506",108.069999694824
"1507",108.150001525879
"1508",108.419998168945
"1509",107.190002441406
"1510",107.650001525879
"1511",107.169998168945
"1512",107.449996948242
"1513",106.910003662109
"1514",107.699996948242
"1515",109.540000915527
"1516",108.949996948242
"1517",108.699996948242
"1518",108.180000305176
"1519",107.440002441406
"1520",106.680000305176
"1521",108.220001220703
"1522",108.970001220703
"1523",109.819999694824
"1524",110.199996948242
"1525",111.110000610352
"1526",111.169998168945
"1527",NA
"1528",110.150001525879
"1529",109.809997558594
"1530",109.900001525879
"1531",111.040000915527
"1532",110.730003356934
"1533",114.360000610352
"1534",116.610000610352
"1535",115.160003662109
"1536",114.01000213623
"1537",115.680000305176
"1538",114.910003662109
"1539",115.26000213623
"1540",116.120002746582
"1541",113.720001220703
"1542",111.25
"1543",111.5
"1544",112.629997253418
"1545",112.779998779297
"1546",NA
"1547",NA
"1548",110.599998474121
"1549",108.76000213623
"1550",109.220001220703
"1551",108.160003662109
"1552",108.639999389648
"1553",108.319999694824
"1554",109.209999084473
"1555",108.629997253418
"1556",108.370002746582
"1557",107.940002441406
"1558",109.190002441406
"1559",109
"1560",109.459999084473
"1561",109.680000305176
"1562",110.160003662109
"1563",109.059997558594
"1564",111.800003051758
"1565",111.279998779297
"1566",111.040000915527
"1567",109.959999084473
"1568",110.860000610352
"1569",110.970001220703
"1570",NA
"1571",109.639999389648
"1572",109.970001220703
"1573",107.800003051758
"1574",106.98999786377
"1575",106.930000305176
"1576",109.610000610352
"1577",109.01000213623
"1578",109.860000610352
"1579",108.839996337891
"1580",105.910003662109
"1581",106.230003356934
"1582",105.330001831055
"1583",105.23999786377
"1584",103.459999084473
"1585",105.120002746582
"1586",106.400001525879
"1587",105.809997558594
"1588",107.120002746582
"1589",108.540000915527
"1590",108.550003051758
"1591",NA
"1592",106.919998168945
"1593",108.059997558594
"1594",110.080001831055
"1595",111.050003051758
"1596",111
"1597",110.879997253418
"1598",111.309997558594
"1599",109.690002441406
"1600",111.449996948242
"1601",112.620002746582
"1602",111.879997253418
"1603",110.980003356934
"1604",111.610000610352
"1605",109.389999389648
"1606",109.379997253418
"1607",109.699996948242
"1608",108.669998168945
"1609",108.830001831055
"1610",110.470001220703
"1611",110.410003662109
"1612",NA
"1613",110.290000915527
"1614",111.769996643066
"1615",111.559997558594
"1616",111.900001525879
"1617",111.980003356934
"1618",112.180000305176
"1619",111.209999084473
"1620",110.800003051758
"1621",107.779998779297
"1622",106.889999389648
"1623",106.730003356934
"1624",107.349998474121
"1625",107.150001525879
"1626",106.389999389648
"1627",107.25
"1628",106.75
"1629",106.389999389648
"1630",107.129997253418
"1631",107.089996337891
"1632",107.059997558594
"1633",NA
"1634",108.269996643066
"1635",107.580001831055
"1636",107.879997253418
"1637",106.690002441406
"1638",107.410003662109
"1639",107.849998474121
"1640",107.949996948242
"1641",106.400001525879
"1642",106.040000915527
"1643",105.779998779297
"1644",106.25
"1645",107.190002441406
"1646",109.569999694824
"1647",108.629997253418
"1648",108.680000305176
"1649",108.790000915527
"1650",108.730003356934
"1651",108.730003356934
"1652",NA
"1653",110.470001220703
"1654",110.300003051758
"1655",109.849998474121
"1656",110.639999389648
"1657",109.51000213623
"1658",109.519996643066
"1659",108.959999084473
"1660",109.069999694824
"1661",111.199996948242
"1662",109.300003051758
"1663",107.76000213623
"1664",108.099998474121
"1665",109
"1666",108.080001831055
"1667",108.550003051758
"1668",108.019996643066
"1669",107.389999389648
"1670",108.569999694824
"1671",108.540000915527
"1672",106.790000915527
"1673",105.849998474121
"1674",106.449996948242
"1675",106.919998168945
"1676",106.809997558594
"1677",106.98999786377
"1678",107.029998779297
"1679",107.830001831055
"1680",108.069999694824
"1681",107.76000213623
"1682",105.620002746582
"1683",104.790000915527
"1684",106.150001525879
"1685",106.720001220703
"1686",105.819999694824
"1687",107.669998168945
"1688",107.980003356934
"1689",107.459999084473
"1690",107.330001831055
"1691",109.069999694824
"1692",108.73999786377
"1693",108.800003051758
"1694",109.529998779297
"1695",109.949996948242
"1696",109.269996643066
"1697",109.110000610352
"1698",110.330001831055
"1699",109.580001831055
"1700",108.120002746582
"1701",108.980003356934
"1702",108.069999694824
"1703",107.76000213623
"1704",108.589996337891
"1705",107.720001220703
"1706",107.059997558594
"1707",108.129997253418
"1708",108.040000915527
"1709",107.889999389648
"1710",108.410003662109
"1711",109.23999786377
"1712",110.190002441406
"1713",110.440002441406
"1714",110.419998168945
"1715",109.370002746582
"1716",109.690002441406
"1717",110.550003051758
"1718",110.360000610352
"1719",110.540000915527
"1720",110.019996643066
"1721",109.809997558594
"1722",109.970001220703
"1723",109.410003662109
"1724",108.830001831055
"1725",108.819999694824
"1726",108.400001525879
"1727",108.790000915527
"1728",108.610000610352
"1729",109.98999786377
"1730",109.519996643066
"1731",109.949996948242
"1732",113.019996643066
"1733",113.410003662109
"1734",113.220001220703
"1735",113.449996948242
"1736",114.26000213623
"1737",115.059997558594
"1738",114.809997558594
"1739",114.120002746582
"1740",114.459999084473
"1741",114
"1742",113.209999084473
"1743",113.300003051758
"1744",112.360000610352
"1745",112.290000915527
"1746",111.23999786377
"1747",111
"1748",110.23999786377
"1749",108.940002441406
"1750",108.279998779297
"1751",108.669998168945
"1752",106.660003662109
"1753",106.980003356934
"1754",106.019996643066
"1755",105.849998474121
"1756",105.959999084473
"1757",107.23999786377
"1758",107.680000305176
"1759",107.330001831055
"1760",108.029998779297
"1761",107.069999694824
"1762",108.389999389648
"1763",107.569999694824
"1764",107.720001220703
"1765",106.51000213623
"1766",106.019996643066
"1767",104.839996337891
"1768",105.410003662109
"1769",104.610000610352
"1770",104.589996337891
"1771",105.440002441406
"1772",105.019996643066
"1773",104.680000305176
"1774",103.019996643066
"1775",104.279998779297
"1776",102.01000213623
"1777",101.949996948242
"1778",101.599998474121
"1779",101.559997558594
"1780",102.279998779297
"1781",102.629997253418
"1782",102.290000915527
"1783",102.650001525879
"1784",102.5
"1785",102.720001220703
"1786",102.459999084473
"1787",103.190002441406
"1788",100.339996337891
"1789",102.769996643066
"1790",101.830001831055
"1791",100.819999694824
"1792",100.199996948242
"1793",99.1600036621094
"1794",98.0400009155273
"1795",98.0800018310547
"1796",97.1100006103516
"1797",96.6500015258789
"1798",96.629997253418
"1799",98.9700012207031
"1800",97.6999969482422
"1801",98.3899993896484
"1802",96.9700012207031
"1803",96.8499984741211
"1804",96.9499969482422
"1805",97
"1806",97
"1807",97.1999969482422
"1808",94.6699981689453
"1809",94.1600036621094
"1810",93.4199981689453
"1811",92.3099975585938
"1812",92.7900009155273
"1813",92.1100006103516
"1814",91.379997253418
"1815",90.0500030517578
"1816",90.2099990844727
"1817",88.8899993896484
"1818",85.0400009155273
"1819",83.7799987792969
"1820",84.4700012207031
"1821",84.5400009155273
"1822",85.4000015258789
"1823",86.2200012207031
"1824",84.7099990844727
"1825",86.8300018310547
"1826",86.129997253418
"1827",85.8300018310547
"1828",86.0299987792969
"1829",87.120002746582
"1830",86.2399978637695
"1831",85.8600006103516
"1832",84.7799987792969
"1833",82.8199996948242
"1834",82.9499969482422
"1835",82.8600006103516
"1836",83.3899993896484
"1837",82.3399963378906
"1838",81.6699981689453
"1839",80.379997253418
"1840",77.9199981689453
"1841",77.7399978637695
"1842",79.3099975585938
"1843",78.4700012207031
"1844",78.0999984741211
"1845",79.3300018310547
"1846",80.3600006103516
"1847",79.6800003051758
"1848",78.3300018310547
"1849",77.75
"1850",70.1500015258789
"1851",72.5400009155273
"1852",70.5400009155273
"1853",69.9199981689453
"1854",69.6399993896484
"1855",69.0699996948242
"1856",66.1900024414062
"1857",66.8399963378906
"1858",64.2399978637695
"1859",63.6800003051758
"1860",61.8499984741211
"1861",61.060001373291
"1862",59.8600006103516
"1863",59.7999992370605
"1864",59.2700004577637
"1865",61.3800010681152
"1866",60.1100006103516
"1867",61.689998626709
"1868",60.2400016784668
"1869",59.4500007629395
"1870",57.8800010681152
"1871",57.9000015258789
"1872",57.3300018310547
"1873",56.4199981689453
"1874",53.1100006103516
"1875",51.0999984741211
"1876",51.1500015258789
"1877",50.9599990844727
"1878",50.1100006103516
"1879",47.4300003051758
"1880",46.5900001525879
"1881",48.689998626709
"1882",47.6699981689453
"1883",47.689998626709
"1884",47.9900016784668
"1885",49.0299987792969
"1886",48.5200004577637
"1887",48.7900009155273
"1888",48.1599998474121
"1889",49.5999984741211
"1890",48.4700012207031
"1891",49.1300010681152
"1892",52.9900016784668
"1893",54.75
"1894",57.9099998474121
"1895",54.1599998474121
"1896",56.5699996948242
"1897",57.7999992370605
"1898",58.3400001525879
"1899",56.4300003051758
"1900",54.6599998474121
"1901",57.0499992370605
"1902",57.3899993896484
"1903",62.5299987792969
"1904",60.5299987792969
"1905",60.2099990844727
"1906",60.2200012207031
"1907",58.9000015258789
"1908",58.6599998474121
"1909",61.6300010681152
"1910",60.0499992370605
"1911",62.5800018310547
"1912",59.5400009155273
"1913",61.0200004577637
"1914",60.5499992370605
"1915",60.4799995422363
"1916",59.7299995422363
"1917",58.5299987792969
"1918",56.3899993896484
"1919",57.5400009155273
"1920",57.0800018310547
"1921",54.6699981689453
"1922",53.439998626709
"1923",53.4300003051758
"1924",55.9099998474121
"1925",54.4300003051758
"1926",55.3199996948242
"1927",55.9199981689453
"1928",55.1100006103516
"1929",56.4799995422363
"1930",59.189998626709
"1931",56.4099998474121
"1932",56.2900009155273
"1933",55.1100006103516
"1934",57.0999984741211
"1935",54.9500007629395
"1936",58.1199989318848
"1937",59.0999984741211
"1938",55.5499992370605
"1939",56.5699996948242
"1940",57.8699989318848
"1941",57.9300003051758
"1942",58.4300003051758
"1943",60.3199996948242
"1944",60.4000015258789
"1945",63.4500007629395
"1946",63.4500007629395
"1947",62.0800018310547
"1948",62.7299995422363
"1949",64.8499984741211
"1950",65.2799987792969
"1951",64.8300018310547
"1952",64.6399993896484
"1953",65.8399963378906
"1954",66.7799987792969
"1955",66.4599990844727
"1956",66.4499969482422
"1957",67.5199966430664
"1958",67.7699966430664
"1959",65.5400009155273
"1960",65.3899993896484
"1961",64.9100036621094
"1962",66.8600006103516
"1963",66.8099975585938
"1964",66.5899963378906
"1965",66.5699996948242
"1966",66.2699966430664
"1967",64.0199966430664
"1968",65.0299987792969
"1969",66.5400009155273
"1970",65.370002746582
"1971",63.7200012207031
"1972",62.060001373291
"1973",62.5800018310547
"1974",65.5599975585938
"1975",64.879997253418
"1976",65.4899978637695
"1977",63.7999992370605
"1978",62.0299987792969
"1979",63.310001373291
"1980",62.689998626709
"1981",64.879997253418
"1982",65.6999969482422
"1983",65.1100006103516
"1984",63.8699989318848
"1985",62.6100006103516
"1986",62.6300010681152
"1987",63.8699989318848
"1988",64.2600021362305
"1989",63.0200004577637
"1990",63.3400001525879
"1991",64.4499969482422
"1992",63.4900016784668
"1993",63.2000007629395
"1994",63.2599983215332
"1995",62.0099983215332
"1996",63.5900001525879
"1997",62.0099983215332
"1998",62.0699996948242
"1999",56.5400009155273
"2000",56.8499984741211
"2001",57.0499992370605
"2002",58.6100006103516
"2003",58.7299995422363
"2004",57.8499984741211
"2005",58.5099983215332
"2006",57.0499992370605
"2007",57.5099983215332
"2008",57.5200004577637
"2009",56.6500015258789
"2010",57.0400009155273
"2011",56.1300010681152
"2012",55.2700004577637
"2013",54.6199989318848
"2014",53.4700012207031
"2015",53.2999992370605
"2016",53.3800010681152
"2017",53.310001373291
"2018",52.2099990844727
"2019",49.5200004577637
"2020",49.9900016784668
"2021",49.5900001525879
"2022",49.5200004577637
"2023",48.6100006103516
"2024",50.4099998474121
"2025",49.1800003051758
"2026",49.6599998474121
"2027",49.2200012207031
"2028",49.0299987792969
"2029",49.0299987792969
"2030",48.810001373291
"2031",47.1599998474121
"2032",46.6199989318848
"2033",45.4599990844727
"2034",42.689998626709
"2035",43.2099990844727
"2036",43.1399993896484
"2037",47.560001373291
"2038",50.0499992370605
"2039",54.1500015258789
"2040",49.560001373291
"2041",50.5
"2042",50.6800003051758
"2043",49.6100006103516
"2044",49.5200004577637
"2045",47.5800018310547
"2046",48.8899993896484
"2047",48.1399993896484
"2048",46.3699989318848
"2049",46.6300010681152
"2050",46.6100006103516
"2051",49.0800018310547
"2052",47.4700012207031
"2053",48.9199981689453
"2054",49.0800018310547
"2055",47.75
"2056",48.1699981689453
"2057",48.5999984741211
"2058",47.3400001525879
"2059",48.2299995422363
"2060",48.3699989318848
"2061",47.689998626709
"2062",48.1300010681152
"2063",49.25
"2064",51.9199981689453
"2065",51.3300018310547
"2066",53.0499992370605
"2067",52.6500015258789
"2068",49.8600006103516
"2069",49.2400016784668
"2070",49.1500015258789
"2071",48.7099990844727
"2072",48.7299995422363
"2073",48.6100006103516
"2074",48.7099990844727
"2075",47.8499984741211
"2076",48.0800018310547
"2077",47.9900016784668
"2078",47.5400009155273
"2079",46.810001373291
"2080",49.0499992370605
"2081",48.7999992370605
"2082",49.560001373291
"2083",48.7900009155273
"2084",50.5400009155273
"2085",48.5800018310547
"2086",47.9799995422363
"2087",47.4199981689453
"2088",47.189998626709
"2089",47.439998626709
"2090",45.810001373291
"2091",44.060001373291
"2092",43.6100006103516
"2093",43.5800018310547
"2094",43.5699996948242
"2095",44.1399993896484
"2096",44.1800003051758
"2097",44.6599998474121
"2098",44.8300018310547
"2099",46.1199989318848
"2100",46.1699981689453
"2101",44.8600006103516
"2102",44.6100006103516
"2103",44.439998626709
"2104",42.4900016784668
"2105",43.8400001525879
"2106",43
"2107",40.7299995422363
"2108",40.2599983215332
"2109",40.1100006103516
"2110",39.7299995422363
"2111",37.9300003051758
"2112",37.9199981689453
"2113",38.4500007629395
"2114",37.189998626709
"2115",37.1800003051758
"2116",36.8800010681152
"2117",36.3499984741211
"2118",36.1100006103516
"2119",37.3600006103516
"2120",37.8899993896484
"2121",36.6199989318848
"2122",37.7900009155273
"2123",36.4599990844727
"2124",37.2799987792969
"2125",37.2200012207031
"2126",36.4199981689453
"2127",34.2299995422363
"2128",33.75
"2129",33.5499992370605
"2130",31.5499992370605
"2131",30.8600006103516
"2132",30.3099994659424
"2133",31.0300006866455
"2134",31.0100002288818
"2135",NA
"2136",28.7600002288818
"2137",27.8799991607666
"2138",29.25
"2139",32.1800003051758
"2140",30.5
"2141",31.7999992370605
"2142",33.0999984741211
"2143",33.8899993896484
"2144",34.7400016784668
"2145",34.689998626709
"2146",32.7200012207031
"2147",35.0400009155273
"2148",34.4599990844727
"2149",34.060001373291
"2150",32.8800010681152
"2151",30.3199996948242
"2152",30.8400001525879
"2153",30.0599994659424
"2154",33.3600006103516
"2155",NA
"2156",32.1800003051758
"2157",34.5
"2158",34.2799987792969
"2159",33.0099983215332
"2160",34.689998626709
"2161",33.2700004577637
"2162",34.4099998474121
"2163",35.2900009155273
"2164",35.0999984741211
"2165",35.9700012207031
"2166",35.9599990844727
"2167",36.9300003051758
"2168",37.0699996948242
"2169",38.7200012207031
"2170",40.8400001525879
"2171",39.6500015258789
"2172",41.0699996948242
"2173",40.0499992370605
"2174",40.3899993896484
"2175",39.5299987792969
"2176",38.7400016784668
"2177",40.3300018310547
"2178",41.5400009155273
"2179",41.2000007629395
"2180",41.5400009155273
"2181",41.7900009155273
"2182",40.4700012207031
"2183",40.439998626709
"2184",40.2700004577637
"2185",39.1399993896484
"2186",39.2599983215332
"2187",39.5999984741211
"2188",39.6599998474121
"2189",37.689998626709
"2190",37.8699989318848
"2191",39.8400001525879
"2192",39.4300003051758
"2193",41.939998626709
"2194",42.8300018310547
"2195",44.689998626709
"2196",44.1800003051758
"2197",43.8400001525879
"2198",43.0999984741211
"2199",42.9099998474121
"2200",44.0299987792969
"2201",45.7999992370605
"2202",44.5299987792969
"2203",45.1100006103516
"2204",44.4799995422363
"2205",45.7400016784668
"2206",47.1800003051758
"2207",48.1399993896484
"2208",48.1300010681152
"2209",48.0999984741211
"2210",46.75
"2211",44.6199989318848
"2212",45.0099983215332
"2213",45.3699989318848
"2214",43.6300010681152
"2215",45.5200004577637
"2216",47.5999984741211
"2217",48.0800018310547
"2218",47.8300018310547
"2219",48.9700012207031
"2220",49.2799987792969
"2221",48.9300003051758
"2222",48.810001373291
"2223",48.7200012207031
"2224",48.3499984741211
"2225",48.6100006103516
"2226",49.7400016784668
"2227",49.5900001525879
"2228",49.3199996948242
"2229",49.689998626709
"2230",49.7099990844727
"2231",50.0400009155273
"2232",49.6399993896484
"2233",50.5499992370605
"2234",51.439998626709
"2235",52.5099983215332
"2236",51.9500007629395
"2237",50.5400009155273
"2238",50.3499984741211
"2239",49.8300018310547
"2240",48.9700012207031
"2241",47.189998626709
"2242",49.1699981689453
"2243",50.6500015258789
"2244",50.6199989318848
"2245",49.8800010681152
"2246",50.9099998474121
"2247",48.4099998474121
"2248",47.1599998474121
"2249",48.5800018310547
"2250",50.6100006103516
"2251",49.6800003051758
"2252",49.8400001525879
"2253",47.9599990844727
"2254",48.7999992370605
"2255",46.4000015258789
"2256",46.7599983215332
"2257",46.25
"2258",48.4700012207031
"2259",46.2599983215332
"2260",47.3699989318848
"2261",47.6100006103516
"2262",46.9599990844727
"2263",46.6599998474121
"2264",47.1699981689453
"2265",46.2000007629395
"2266",45.689998626709
"2267",44.7200012207031
"2268",44.8699989318848
"2269",43.4700012207031
"2270",42.7000007629395
"2271",42.4599990844727
"2272",42.4500007629395
"2273",41.7999992370605
"2274",43.0999984741211
"2275",44.2900009155273
"2276",44.2700004577637
"2277",45.3899993896484
"2278",44.9799995422363
"2279",44.0499992370605
"2280",46.0400009155273
"2281",46.9700012207031
"2282",48.3499984741211
"2283",49.2299995422363
"2284",49.8499984741211
"2285",50.8899993896484
"2286",50.8800010681152
"2287",49.1599998474121
"2288",49.9599990844727
"2289",49.0499992370605
"2290",49.6699981689453
"2291",49.9199981689453
"2292",49.2599983215332
"2293",48.3699989318848
"2294",47.0400009155273
"2295",47.0499992370605
"2296",46.8300018310547
"2297",47.2599983215332
"2298",47.9799995422363
"2299",49.9900016784668
"2300",48.0099983215332
"2301",48.3199996948242
"2302",47.0999984741211
"2303",45.8499984741211
"2304",46.5900001525879
"2305",45.7700004577637
"2306",45.9500007629395
"2307",45.8800010681152
"2308",46.8300018310547
"2309",47.6500015258789
"2310",45.8899993896484
"2311",47.3499984741211
"2312",45.9700012207031
"2313",48.689998626709
"2314",49.2400016784668
"2315",49.060001373291
"2316",49.0999984741211
"2317",50.8699989318848
"2318",51.8600006103516
"2319",52.5099983215332
"2320",51.9300003051758
"2321",52.4099998474121
"2322",51.810001373291
"2323",52.0299987792969
"2324",51.9500007629395
"2325",51.5200004577637
"2326",51.6800003051758
"2327",52.6699981689453
"2328",51.3800010681152
"2329",51.7799987792969
"2330",51.4599990844727
"2331",50.7900009155273
"2332",49.9799995422363
"2333",50.4700012207031
"2334",49.7099990844727
"2335",48.2999992370605
"2336",48.3300018310547
"2337",46.8600006103516
"2338",46.3499984741211
"2339",45.5800018310547
"2340",46.1500015258789
"2341",46.0400009155273
"2342",46.3600006103516
"2343",45.8400001525879
"2344",44.4300003051758
"2345",46.9500007629395
"2346",46.6300010681152
"2347",46.4900016784668
"2348",46.8600006103516
"2349",48.9000015258789
"2350",49.1199989318848
"2351",48.9500007629395
"2352",47.2400016784668
"2353",48.2400016784668
"2354",46.3800010681152
"2355",50.4700012207031
"2356",50.4599990844727
"2357",54.4599990844727
"2358",54.939998626709
"2359",53.9300003051758
"2360",53
"2361",53.8899993896484
"2362",54.3300018310547
"2363",55.689998626709
"2364",55.7200012207031
"2365",53.9000015258789
"2366",54.0200004577637
"2367",55.2099990844727
"2368",54.9199981689453
"2369",55.3499984741211
"2370",54.4599990844727
"2371",55.0499992370605
"2372",55.1599998474121
"2373",56.0900001525879
"2374",56.2200012207031
"2375",56.1399993896484
"2376",56.1300010681152
"2377",55.4700012207031
"2378",56.4599990844727
"2379",56.8899993896484
"2380",57.0999984741211
"2381",54.939998626709
"2382",53.6399993896484
"2383",55.0999984741211
"2384",56.0099983215332
"2385",55.4500007629395
"2386",55.4700012207031
"2387",53.9199981689453
"2388",54.1599998474121
"2389",55.4900016784668
"2390",55.2299995422363
"2391",55.439998626709
"2392",55.0800018310547
"2393",56.2400016784668
"2394",55.5200004577637
"2395",55.2299995422363
"2396",55.7000007629395
"2397",55.6599998474121
"2398",56.560001373291
"2399",56.810001373291
"2400",55.7200012207031
"2401",55.0499992370605
"2402",55.1199989318848
"2403",55.6300010681152
"2404",56.7000007629395
"2405",55.5900001525879
"2406",55.9700012207031
"2407",55.75
"2408",55.6500015258789
"2409",55.810001373291
"2410",56.6599998474121
"2411",55.8400001525879
"2412",56.5800018310547
"2413",55.9900016784668
"2414",55.9300003051758
"2415",55.5900001525879
"2416",55.5999984741211
"2417",55.0800018310547
"2418",55.9000015258789
"2419",56.0099983215332
"2420",55.9199981689453
"2421",53.1100006103516
"2422",52.189998626709
"2423",51.3699989318848
"2424",51.3499984741211
"2425",50.9199981689453
"2426",51.810001373291
"2427",51.7400016784668
"2428",51.7599983215332
"2429",51.6199989318848
"2430",50.9599990844727
"2431",50.6399993896484
"2432",50.560001373291
"2433",50.7999992370605
"2434",50.75
"2435",51.3300018310547
"2436",52.4199981689453
"2437",52.9599990844727
"2438",52.8300018310547
"2439",52.7299995422363
"2440",54.1699981689453
"2441",54.3600006103516
"2442",54.8899993896484
"2443",55.2400016784668
"2444",55.9799995422363
"2445",56.2299995422363
"2446",55.8600006103516
"2447",55.8899993896484
"2448",55.3600006103516
"2449",54.8899993896484
"2450",52.9300003051758
"2451",52.9900016784668
"2452",51.9599990844727
"2453",51.5999984741211
"2454",52.0999984741211
"2455",51.8199996948242
"2456",51.439998626709
"2457",51.7299995422363
"2458",51.6599998474121
"2459",NA
"2460",50.7900009155273
"2461",48.3800010681152
"2462",49.0999984741211
"2463",49.3400001525879
"2464",48.7299995422363
"2465",50.2200012207031
"2466",50.7700004577637
"2467",50.8400001525879
"2468",51.8199996948242
"2469",51.6500015258789
"2470",52.2099990844727
"2471",52.5099983215332
"2472",53.6100006103516
"2473",53.8699989318848
"2474",54.1500015258789
"2475",53.9599990844727
"2476",51.4599990844727
"2477",52.1500015258789
"2478",51.8400001525879
"2479",50.310001373291
"2480",50.3300018310547
"2481",49.9500007629395
"2482",49.4700012207031
"2483",50.1199989318848
"2484",48.060001373291
"2485",47.8600006103516
"2486",48.1500015258789
"2487",48.2900009155273
"2488",48.7200012207031
"2489",47
"2490",46.9199981689453
"2491",47.3699989318848
"2492",46.9099998474121
"2493",46.0200004577637
"2494",44.8199996948242
"2495",45.2200012207031
"2496",45.5400009155273
"2497",45.8300018310547
"2498",46.6500015258789
"2499",47.310001373291
"2500",47.4199981689453
"2501",47.9199981689453
"2502",47.8699989318848
"2503",47.7900009155273
"2504",48.1100006103516
"2505",46.7099990844727
"2506",46.8800010681152
"2507",47.5200004577637
"2508",47.7400016784668
"2509",48.4199981689453
"2510",48.9099998474121
"2511",48.4199981689453
"2512",48.8400001525879
"2513",49.7000007629395
"2514",49.2999992370605
"2515",48.060001373291
"2516",48.5999984741211
"2517",50.2000007629395
"2518",50.9700012207031
"2519",51.4900016784668
"2520",52.5200004577637
"2521",52.6500015258789
"2522",52.6300010681152
"2523",52.3600006103516
"2524",52.0099983215332
"2525",52.4199981689453
"2526",52.3699989318848
"2527",52.1399993896484
"2528",52.7000007629395
"2529",51.9000015258789
"2530",52.0999984741211
"2531",50.7299995422363
"2532",50.7999992370605
"2533",50.2700004577637
"2534",51.0299987792969
"2535",52.7200012207031
"2536",51.6599998474121
"2537",51.8699989318848
"2538",52.5699996948242
"2539",52.0400009155273
"2540",52.4099998474121
"2541",51.8899993896484
"2542",52
"2543",50.8600006103516
"2544",52.3800010681152
"2545",52.3199996948242
"2546",53.3800010681152
"2547",54.2000007629395
"2548",54.4900016784668
"2549",53.7799987792969
"2550",53.8400001525879
"2551",54.2700004577637
"2552",55.1599998474121
"2553",55.4700012207031
"2554",55.6199989318848
"2555",55.4799995422363
"2556",55.1399993896484
"2557",56.2900009155273
"2558",56.4300003051758
"2559",56.8600006103516
"2560",59.0200004577637
"2561",58.439998626709
"2562",57.9000015258789
"2563",57.4099998474121
"2564",57.5400009155273
"2565",57.4599990844727
"2566",56
"2567",55.7999992370605
"2568",57
"2569",55.6199989318848
"2570",55.7900009155273
"2571",56.6100006103516
"2572",56.939998626709
"2573",56.25
"2574",57.1699981689453
"2575",57.8199996948242
"2576",57.8800010681152
"2577",58.1500015258789
"2578",57.2299995422363
"2579",57.75
"2580",57.3699989318848
"2581",58.3300018310547
"2582",58.439998626709
"2583",59.2999992370605
"2584",60.439998626709
"2585",60.9000015258789
"2586",61.3699989318848
"2587",61.2900009155273
"2588",60.6199989318848
"2589",62.0699996948242
"2590",64.2699966430664
"2591",63.689998626709
"2592",63.4900016784668
"2593",63.9300003051758
"2594",63.5200004577637
"2595",63.1599998474121
"2596",62.2099990844727
"2597",61.8699989318848
"2598",61.3600006103516
"2599",62.7200012207031
"2600",62.2200012207031
"2601",62.5699996948242
"2602",63.3199996948242
"2603",63.8600006103516
"2604",63.8400001525879
"2605",63.6100006103516
"2606",63.1100006103516
"2607",63.5699996948242
"2608",63.4900016784668
"2609",62.4500007629395
"2610",62.8600006103516
"2611",61.2200012207031
"2612",62.2000007629395
"2613",63.4000015258789
"2614",64.6900024414062
"2615",63.3400001525879
"2616",62.439998626709
"2617",63.310001373291
"2618",63.2299995422363
"2619",63.4099998474121
"2620",63.7999992370605
"2621",64.5599975585938
"2622",64.9000015258789
"2623",65.25
"2624",67.0199966430664
"2625",66.4400024414062
"2626",66.7200012207031
"2627",66.5999984741211
"2628",66.5699996948242
"2629",67.8399963378906
"2630",68.0699996948242
"2631",67.620002746582
"2632",67.7799987792969
"2633",68.8199996948242
"2634",69.1999969482422
"2635",69.2600021362305
"2636",69.870002746582
"2637",69.1500015258789
"2638",69.379997253418
"2639",69.3099975585938
"2640",68.6100006103516
"2641",69.0299987792969
"2642",69.9599990844727
"2643",70.5299987792969
"2644",70.4199981689453
"2645",70.5199966430664
"2646",69.4599990844727
"2647",69.0199966430664
"2648",69.0500030517578
"2649",69.0800018310547
"2650",68.5800018310547
"2651",67.620002746582
"2652",66.8600006103516
"2653",65.5100021362305
"2654",64.8099975585938
"2655",62.7900009155273
"2656",62.5900001525879
"2657",62.7200012207031
"2658",64.3600006103516
"2659",64.3300018310547
"2660",64.8399963378906
"2661",65.25
"2662",65.4199981689453
"2663",66.3899993896484
"2664",67.3099975585938
"2665",67.5
"2666",66.629997253418
"2667",65.7799987792969
"2668",65.7099990844727
"2669",64.370002746582
"2670",65.5400009155273
"2671",65.7900009155273
"2672",64.3399963378906
"2673",63.6100006103516
"2674",65.4899978637695
"2675",64.9499969482422
"2676",64.6399993896484
"2677",64.8899993896484
"2678",65.120002746582
"2679",66.2099990844727
"2680",66.0500030517578
"2681",67.4199981689453
"2682",69.4700012207031
"2683",68.9100036621094
"2684",70.4499969482422
"2685",70.120002746582
"2686",70.1100006103516
"2687",69.5299987792969
"2688",70.2699966430664
"2689",70.1399993896484
"2690",NA
"2691",68.0199966430664
"2692",68.3300018310547
"2693",67.1100006103516
"2694",68.6500015258789
"2695",71.0400009155273
"2696",72.0599975585938
"2697",72.0199966430664
"2698",72.5800018310547
"2699",71.4199981689453
"2700",71.5800018310547
"2701",73.4800033569336
"2702",73.7799987792969
"2703",74.0599975585938
"2704",74.7099990844727
"2705",73.8600006103516
"2706",74
"2707",74.7399978637695
"2708",74.6399993896484
"2709",75.1699981689453
"2710",75.1699981689453
"2711",73.3600006103516
"2712",73.620002746582
"2713",74.870002746582
"2714",76.1699981689453
"2715",74.8499984741211
"2716",77.2099990844727
"2717",77.4700012207031
"2718",77.120002746582
"2719",78.2300033569336
"2720",78.4300003051758
"2721",79.2799987792969
"2722",79.3000030517578
"2723",78.5100021362305
"2724",79.2200012207031
"2725",79.5699996948242
"2726",79.8000030517578
"2727",78.7900009155273
"2728",76.4400024414062
"2729",75.3899993896484
"2730",77.5
"2731",77.5899963378906
"2732",77.5899963378906
"2733",75.2900009155273
"2734",75.379997253418
"2735",75.3600006103516
"2736",77.3199996948242
"2737",76.4599990844727
"2738",76.4599990844727
"2739",75.879997253418
"2740",76.7399978637695
"2741",75.9400024414062
"2742",73.4400024414062
"2743",75.3399963378906
"2744",75.0800018310547
"2745",74.7399978637695
"2746",73.0500030517578
"2747",75.5500030517578
"2748",74.7300033569336
"2749",76.3099975585938
"2750",77.620002746582
"2751",77.8499984741211
"2752",79.4400024414062
"2753",79.4100036621094
"2754",77.7600021362305
"2755",77.3899993896484
"2756",77.1100006103516
"2757",78.0699996948242
"2758",78.8600006103516
"2759",73.4000015258789
"2760",74.4499969482422
"2761",75.3300018310547
"2762",71.8399963378906
"2763",72.1600036621094
"2764",72.9000015258789
"2765",72.5800018310547
"2766",73.0699996948242
"2767",73.0599975585938
"2768",73.4400024414062
"2769",73.9300003051758
"2770",74.5400009155273
"2771",74.2900009155273
"2772",74.9700012207031
"2773",74.25
"2774",74.25
"2775",73.4499969482422
"2776",73.2099990844727
"2777",73.75
"2778",74.6500015258789
"2779",72.2799987792969
"2780",72.0699996948242
"2781",72.8099975585938
"2782",72.6100006103516
"2783",72.4599990844727
"2784",70.7600021362305
"2785",71.4300003051758
"2786",71.8300018310547
"2787",72.2099990844727
"2788",72.629997253418
"2789",74.7799987792969
"2790",74.7300033569336
"2791",75.8199996948242
"2792",76.2099990844727
"2793",75.9499969482422
"2794",77.1399993896484
"2795",77.7699966430664
"2796",77.4199981689453
"2797",78.1699981689453
"2798",77.2699966430664
"2799",76.5
"2800",76.8300018310547
"2801",77.370002746582
"2802",79.0599975585938
"2803",79.7399978637695
"2804",78.1800003051758
"2805",78.0899963378906
"2806",78.0500030517578
"2807",79.0299987792969
"2808",79.4000015258789
"2809",78.6999969482422
"2810",78.8000030517578
"2811",81.1999969482422
"2812",81.870002746582
"2813",81.3399963378906
"2814",81.7200012207031
"2815",82.7200012207031
"2816",82.6699981689453
"2817",84.8000030517578
"2818",86.2900009155273
"2819",84.5800018310547
"2820",84.1600036621094
"2821",83.9100036621094
"2822",85
"2823",83.0899963378906
"2824",80.2600021362305
"2825",80.4300003051758
"2826",80.7799987792969
"2827",81.4100036621094
"2828",80.0500030517578
"2829",79.2900009155273
"2830",79.7799987792969
"2831",79.8300018310547
"2832",76.4400024414062
"2833",76.1699981689453
"2834",76.8899993896484
"2835",77.620002746582
"2836",77.3399963378906
"2837",75.9100036621094
"2838",75.4700012207031
"2839",75.5
"2840",72.8300018310547
"2841",73.1699981689453
"2842",72.129997253418
"2843",72.0699996948242
"2844",70.6500015258789
"2845",70.1800003051758
"2846",70.120002746582
"2847",65.4700012207031
"2848",66.120002746582
"2849",66.620002746582
"2850",66.7600021362305
"2851",66.7900009155273
"2852",62.5299987792969
"2853",63.4799995422363
"2854",58.7999992370605
"2855",60.4799995422363
"2856",60.2099990844727
"2857",58.7599983215332
"2858",59.5099983215332
"2859",58.7099990844727
"2860",58.689998626709
"2861",62.0800018310547
"2862",60.060001373291
"2863",61.6699981689453
"2864",59.9700012207031
"2865",60.2000007629395
"2866",60.1500015258789
"2867",61.4500007629395
"2868",60.2799987792969
"2869",59.6100006103516
"2870",56.2599983215332
"2871",57.2400016784668
"2872",54.3499984741211
"2873",53.8199996948242
"2874",50.4700012207031
"2875",54.4700012207031
"2876",52.1599998474121
"2877",52.2000007629395
"2878",52.2799987792969
"2879",54.9099998474121
"2880",55.9500007629395
"2881",57.060001373291
"2882",57.3300018310547
"2883",58.7200012207031
"2884",61.439998626709
"2885",61.6800003051758
"2886",60.4799995422363
"2887",58.9900016784668
"2888",60.6399993896484
"2889",61.3199996948242
"2890",61.1800003051758
"2891",62.7000007629395
"2892",61.5
"2893",61.1399993896484
"2894",61.0900001525879
"2895",61.6399993896484
"2896",59.9300003051758
"2897",61.3199996948242
"2898",61.6500015258789
"2899",61.8899993896484
"2900",61.8699989318848
"2901",62.5099983215332
"2902",61.9799995422363
"2903",62.689998626709
"2904",61.6300010681152
"2905",62.0999984741211
"2906",61.5099983215332
"2907",62.4199981689453
"2908",63.6100006103516
"2909",64.5699996948242
"2910",66.25
"2911",66.4499969482422
"2912",67.0800018310547
"2913",67.0699996948242
"2914",67.120002746582
"2915",64.7600021362305
"2916",65.2099990844727
"2917",66.3899993896484
"2918",66.0299987792969
"2919",66.0100021362305
"2920",65.6699981689453
"2921",65.8600006103516
"2922",65.9899978637695
"2923",66.3000030517578
"2924",65.7399978637695
"2925",66.5800018310547
"2926",66.6699981689453
"2927",67.5500030517578
"2928",67.2300033569336
"2929",67.1600036621094
"2930",67.5400009155273
"2931",67.6100006103516
"2932",68.5
"2933",67.8600006103516
"2934",67.0299987792969
"2935",67.2099990844727
"2936",67.9700012207031
"2937",67.8300018310547
"2938",67.8199996948242
"2939",68.3899993896484
"2940",68.3499984741211
"2941",69.370002746582
"2942",69.3099975585938
"2943",69.4000015258789
"2944",70.3399963378906
"2945",71.0999984741211
"2946",70.6100006103516
"2947",71.7300033569336
"2948",70.8300018310547
"2949",71.5500030517578
"2950",71.1800003051758
"2951",71.7200012207031
"2952",71.620002746582
"2953",71.9700012207031
"2954",74.0400009155273
"2955",74.5100021362305
"2956",74.5699996948242
"2957",74.3499984741211
"2958",72.1500015258789
"2959",72.0400009155273
"2960",72.8000030517578
"2961",72.7900009155273
"2962",70.75
"2963",70.8499984741211
"2964",71.2399978637695
"2965",69.879997253418
"2966",70.370002746582
"2967",70.3899993896484
"2968",70.620002746582
"2969",70.2300033569336
"2970",71.2399978637695
"2971",71.7699966430664
"2972",72.620002746582
"2973",72.2099990844727
"2974",71.9700012207031
"2975",72.1800003051758
"2976",70.9899978637695
"2977",67.7600021362305
"2978",68.6900024414062
"2979",70.1100006103516
"2980",69.4499969482422
"2981",66.870002746582
"2982",64.4899978637695
"2983",64.4499969482422
"2984",61.9700012207031
"2985",60.6300010681152
"2986",61.6699981689453
"2987",63.2900009155273
"2988",62.2900009155273
"2989",62.2900009155273
"2990",59.9700012207031
"2991",61.310001373291
"2992",62.0099983215332
"2993",60.939998626709
"2994",62.1399993896484
"2995",61.8199996948242
"2996",64.4499969482422
"2997",65.1999969482422
"2998",64.8600006103516
"2999",65.0500030517578
"3000",66.4899978637695
"3001",66.5500030517578
"3002",66.5500030517578
"3003",66.5
"3004",62.4000015258789
"3005",63.8199996948242
"3006",64.2300033569336
"3007",64.1100006103516
"3008",64.1600036621094
"3009",67.0100021362305
"3010",66.5199966430664
"3011",66.7200012207031
"3012",66.4800033569336
"3013",64.3499984741211
"3014",63.6599998474121
"3015",61.9300003051758
"3016",62.4700012207031
"3017",63.2599983215332
"3018",63.8300018310547
"3019",63.1800003051758
"3020",63.3899993896484
"3021",63.4599990844727
"3022",63.7099990844727
"3023",64.7200012207031
"3024",65.1699981689453
"3025",65.1900024414062
"3026",61.8899993896484
"3027",59.810001373291
"3028",58.939998626709
"3029",56.2299995422363
"3030",57.3800010681152
"3031",58.5299987792969
"3032",58.5699996948242
"3033",61.2999992370605
"3034",59.4799995422363
"3035",58.2299995422363
"3036",58.6399993896484
"3037",59.7400016784668
"3038",60.0299987792969
"3039",60.2999992370605
"3040",59.9199981689453
"3041",59.3400001525879
"3042",58.7000007629395
"3043",59.5099983215332
"3044",60.4900016784668
"3045",61.0800018310547
"3046",60.4300003051758
"3047",58.2599983215332
"3048",60.7000007629395
"3049",60.9500007629395
"3050",61.5400009155273
"3051",62.5900001525879
"3052",62.3800010681152
"3053",60.810001373291
"3054",60.3800010681152
"3055",60.2200012207031
"3056",69.0199966430664
"3057",64.5500030517578
"3058",63.5999984741211
"3059",64.4000015258789
"3060",64.2799987792969
"3061",64.7699966430664
"3062",63.0999984741211
"3063",62.3899993896484
"3064",62.7400016784668
"3065",61.9099998474121
"3066",60.7799987792969
"3067",60.75
"3068",57.689998626709
"3069",57.7099990844727
"3070",58.3699989318848
"3071",58.3499984741211
"3072",58.2400016784668
"3073",58.3199996948242
"3074",59.0999984741211
"3075",60.5099983215332
"3076",59.3499984741211
"3077",58.7400016784668
"3078",59.4199981689453
"3079",59.9099998474121
"3080",59.4199981689453
"3081",58.9599990844727
"3082",59.7000007629395
"3083",61.1699981689453
"3084",61.6699981689453
"3085",62.0200004577637
"3086",61.5699996948242
"3087",61.5900001525879
"3088",60.6100006103516
"3089",60.2299995422363
"3090",60.2099990844727
"3091",62.1300010681152
"3092",62.9599990844727
"3093",61.7400016784668
"3094",62.2900009155273
"3095",62.5099983215332
"3096",62.1800003051758
"3097",62.060001373291
"3098",62.3699989318848
"3099",62.2799987792969
"3100",63.2999992370605
"3101",62.439998626709
"3102",60.9099998474121
"3103",62.4000015258789
"3104",63.9700012207031
"3105",63.3899993896484
"3106",63.6500015258789
"3107",64.2699966430664
"3108",64.0599975585938
"3109",62.4300003051758
"3110",62.4000015258789
"3111",60.8199996948242
"3112",63
"3113",63.3899993896484
"3114",64.3899993896484
"3115",64.25
"3116",64.3399963378906
"3117",63.7200012207031
"3118",64.1999969482422
"3119",65.2200012207031
"3120",65.3399963378906
"3121",66.0999984741211
"3122",66.1699981689453
"3123",66.5400009155273
"3124",66.1399993896484
"3125",66.3899993896484
"3126",67.1999969482422
"3127",67.9199981689453
"3128",68.1600036621094
"3129",68.4400024414062
"3130",68.379997253418
"3131",66.25
"3132",68.5999984741211
"3133",68.9100036621094
"3134",68.2699966430664
"3135",65.4400024414062
"3136",65.370002746582
"3137",64.9800033569336
"3138",64.1999969482422
"3139",64.4899978637695
"3140",64
"3141",64.620002746582
"3142",64.8499984741211
"3143",64.5899963378906
"3144",63.2099990844727
"3145",62.0400009155273
"3146",60.689998626709
"3147",59.3199996948242
"3148",59.5099983215332
"3149",59.810001373291
"3150",58.2900009155273
"3151",58.1599998474121
"3152",58.2000007629395
"3153",53.9599990844727
"3154",55.2799987792969
"3155",54.9300003051758
"3156",54.4700012207031
"3157",53.2700004577637
"3158",54.0099983215332
"3159",55.7900009155273
"3160",56.3400001525879
"3161",57.3199996948242
"3162",57.75
"3163",59.1199989318848
"3164",59.310001373291
"3165",58.5
"3166",56.2999992370605
"3167",54.9500007629395
"3168",53.4300003051758
"3169",52.1800003051758
"3170",50.5200004577637
"3171",50.4799995422363
"3172",51.8600006103516
"3173",51.1300010681152
"3174",49.9900016784668
"3175",45.2700004577637
"3176",34.3600006103516
"3177",37.2200012207031
"3178",35.7900009155273
"3179",33.2200012207031
"3180",33.8499984741211
"3181",30.0499992370605
"3182",28.7299995422363
"3183",24.8799991607666
"3184",28.4699993133545
"3185",26.9799995422363
"3186",27.0300006866455
"3187",27.1499996185303
"3188",27.3899993896484
"3189",26.3400001525879
"3190",24.9300003051758
"3191",22.7600002288818
"3192",22.7399997711182
"3193",22.7600002288818
"3194",29.9400005340576
"3195",34.1100006103516
"3196",33.0499992370605
"3197",31.8700008392334
"3198",32.8400001525879
"3199",31.4799995422363
"3200",31.7399997711182
"3201",29.6000003814697
"3202",27.6900005340576
"3203",27.8199996948242
"3204",28.0799999237061
"3205",25.5699996948242
"3206",19.3299999237061
"3207",20.3700008392334
"3208",21.3299999237061
"3209",21.4400005340576
"3210",19.9899997711182
"3211",20.4599990844727
"3212",22.5400009155273
"3213",25.2700004577637
"3214",25.2900009155273
"3215",27.2000007629395
"3216",30.9699993133545
"3217",29.7199993133545
"3218",29.4599990844727
"3219",30.9699993133545
"3220",29.6299991607666
"3221",29.9799995422363
"3222",29.1900005340576
"3223",31.1299991607666
"3224",32.5
"3225",34.810001373291
"3226",34.6500015258789
"3227",35.75
"3228",36.060001373291
"3229",35.1300010681152
"3230",36.1699981689453
"3231",34.7400016784668
"3232",35.2900009155273
"3233",35.3300018310547
"3234",35.3199996948242
"3235",39.5699996948242
"3236",39.7900009155273
"3237",39.9900016784668
"3238",42.2999992370605
"3239",40.7999992370605
"3240",41.1800003051758
"3241",41.7299995422363
"3242",38.5499992370605
"3243",38.7299995422363
"3244",39.7200012207031
"3245",40.9599990844727
"3246",40.7099990844727
"3247",41.5099983215332
"3248",42.189998626709
"3249",43.0800018310547
"3250",42.6300010681152
"3251",40.310001373291
"3252",41.0499992370605
"3253",41.0200004577637
"3254",41.7099990844727
"3255",41.1500015258789
"3256",41.1300010681152
"3257",43.1399993896484
"3258",43.0999984741211
"3259",43.0800018310547
"3260",43.2900009155273
"3261",42.3499984741211
"3262",43.2400016784668
"3263",42.7200012207031
"3264",42.9000015258789
"3265",43.7900009155273
"3266",43.3699989318848
"3267",43.1399993896484
"3268",43.2799987792969
"3269",44.3199996948242
"3270",44.2900009155273
"3271",43.310001373291
"3272",43.3400001525879
"3273",43.4099998474121
"3274",43.2200012207031
"3275",43.75
"3276",42.939998626709
"3277",43.2999992370605
"3278",43.2599983215332
"3279",44.4300003051758
"3280",45.1699981689453
"3281",45.0900001525879
"3282",44.4000015258789
"3283",44.9900016784668
"3284",44.5
"3285",45.4300003051758
"3286",44.9599990844727
"3287",44.7999992370605
"3288",45.3699989318848
"3289",45.4599990844727
"3290",45.3699989318848
"3291",44.9000015258789
"3292",44.3499984741211
"3293",45.1300010681152
"3294",45.8600006103516
"3295",45.6399993896484
"3296",45.0900001525879
"3297",45.0499992370605
"3298",45.0999984741211
"3299",NA
"3300",44.4300003051758
"3301",44.0699996948242
"3302",42.6599998474121
"3303",39.7799987792969
"3304",40.7900009155273
"3305",40.060001373291
"3306",39.8300018310547
"3307",39.6100006103516
"3308",40.5299987792969
"3309",42.2200012207031
"3310",43.2999992370605
"3311",43.1500015258789
"3312",41.439998626709
"3313",41.7200012207031
"3314",41.7700004577637
"3315",41.939998626709
"3316",41.9199981689453
"3317",42.4300003051758
"3318",41.0299987792969
"3319",40.9500007629395
"3320",40.9599990844727
"3321",39.2700004577637
"3322",41.2900009155273
"3323",42.6500015258789
"3324",41.9900016784668
"3325",43.3400001525879
"3326",42.8499984741211
"3327",41.7200012207031
"3328",42.4500007629395
"3329",43.3199996948242
"3330",43.1599998474121
"3331",42.9300003051758
"3332",42.6199989318848
"3333",43.1599998474121
"3334",41.7299995422363
"3335",42.4599990844727
"3336",41.7700004577637
"3337",40.4599990844727
"3338",41.2000007629395
"3339",39.1199989318848
"3340",37.6500015258789
"3341",37.4599990844727
"3342",37.4599990844727
"3343",39.7099990844727
"3344",41.2299995422363
"3345",40.9300003051758
"3346",39.4500007629395
"3347",42.4000015258789
"3348",43.6100006103516
"3349",43.7999992370605
"3350",43.5299987792969
"3351",42.7799987792969
"3352",43.8199996948242
"3353",43.75
"3354",44.3400001525879
"3355",44.2000007629395
"3356",44.9599990844727
"3357",46.060001373291
"3358",47.8600006103516
"3359",48.6100006103516
"3360",48.1800003051758
"3361",47.5900001525879
"3362",47.6100006103516
"3363",48.25
"3364",48.7099990844727
"3365",49.25
"3366",48.7900009155273
"3367",48.8400001525879
"3368",48.8600006103516
"3369",50.25
"3370",49.9700012207031
"3371",50.2900009155273
"3372",50.7599983215332
"3373",51.0800018310547
"3374",51.5
"3375",52.2599983215332
"3376",50.9099998474121
"3377",50.0800018310547
"3378",51.2000007629395
"3379",51.2900009155273
"3380",50.8600006103516
"3381",51.0900001525879
"3382",51.3400001525879
"3383",NA
"3384",51.0900001525879
"3385",53.5999984741211
"3386",54.2999992370605
"3387",54.3800010681152
"3388",55.9900016784668
"3389",55.6599998474121
"3390",56.5800018310547
"3391",56.060001373291
"3392",56.4199981689453
"3393",55.0999984741211
"3394",55.9000015258789
"3395",56.0800018310547
"3396",56.0999984741211
"3397",55.4099998474121
"3398",55.8800010681152
"3399",55.9099998474121
"3400",55.810001373291
"3401",55.5299987792969
"3402",55.8800010681152
"3403",55.8800010681152
"3404",57.4599990844727
"3405",58.4599990844727
"3406",58.8400001525879
"3407",59.3400001525879
"3408",60.560001373291
"3409",61.0900001525879
"3410",61.4700012207031
"3411",61.1399993896484
"3412",62.4300003051758
"3413",63.3499984741211
"3414",64.3399963378906
"3415",63.9300003051758
"3416",62.9099998474121
"3417",65.2399978637695
"3418",65.370002746582
"3419",67.0400009155273
"3420",66.879997253418
"3421",66.129997253418
"3422",65.9499969482422
"3423",62.7000007629395
"3424",64.0699996948242
"3425",66.7399978637695
"3426",69.3600006103516
"3427",68.2399978637695
"3428",67.5199966430664
"3429",67.9000015258789
"3430",69.629997253418
"3431",69.2200012207031
"3432",68.879997253418
"3433",68.3899993896484
"3434",68
"3435",63.2799987792969
"3436",64.5299987792969
"3437",64.620002746582
"3438",60.7900009155273
"3439",64.4100036621094
"3440",61.9500007629395
"3441",64.5699996948242
"3442",64.9800033569336
"3443",64.1399993896484
"3444",63.5400009155273
"3445",63.5999984741211
"3446",62.1500015258789
"3447",62.7400016784668
"3448",63.1599998474121
"3449",63.2000007629395
"3450",62.9500007629395
"3451",63.2799987792969
"3452",63.6699981689453
"3453",66.5800018310547
"3454",66.9400024414062
"3455",66.7699966430664
"3456",67.0500030517578
"3457",66.5699996948242
"3458",65.3199996948242
"3459",65.4000015258789
"3460",66.1100006103516
"3461",65.6500015258789
"3462",66.4199981689453
"3463",67.2699966430664
"3464",68.5599975585938
"3465",67.25
"3466",67.2900009155273
"3467",NA
"3468",68.9599990844727
"3469",68.0899963378906
"3470",68.2799987792969
"3471",68.3199996948242
"3472",68.5500030517578
"3473",69.3199996948242
"3474",67.0500030517578
"3475",68.7099990844727
"3476",69.4599990844727
"3477",68.7099990844727
"3478",66.6600036621094
"3479",65.1100006103516
"3480",66.4400024414062
"3481",68.4599990844727
"3482",68.6500015258789
"3483",68.870002746582
"3484",69.4599990844727
"3485",69.629997253418
"3486",69.629997253418
"3487",71.3499984741211
"3488",71.3099975585938
"3489",71.8899993896484
"3490",71.4899978637695
"3491",72.2200012207031
"3492",72.2200012207031
"3493",72.5199966430664
"3494",72.6900024414062
"3495",72.8600006103516
"3496",73.9899978637695
"3497",74.3899993896484
"3498",73.0800018310547
"3499",73.5100021362305
"3500",74.9000015258789
"3501",74.8099975585938
"3502",75.1900024414062
"3503",75.5599975585938
"3504",76.1800003051758
"3505",74.6800003051758
"3506",74.7600021362305
"3507",75.129997253418
"3508",75.8399963378906
"3509",76.1699981689453
"3510",74.5299987792969
"3511",73.4300003051758
"3512",74.120002746582
"3513",75.5500030517578
"3514",75.1600036621094
"3515",76.4899978637695
"3516",74.7600021362305
"3517",73.4700012207031
"3518",73.5899963378906
"3519",68.620002746582
"3520",69.3499984741211
"3521",72.2300033569336
"3522",73.7900009155273
"3523",74.0999984741211
"3524",74.5
"3525",74.4800033569336
"3526",74.7399978637695
"3527",76.0500030517578
"3528",76.3300018310547
"3529",72.8899993896484
"3530",72.4100036621094
"3531",70.379997253418
"3532",71.2900009155273
"3533",70.6999969482422
"3534",69.0400009155273
"3535",70.629997253418
"3536",71.4400024414062
"3537",71.3099975585938
"3538",70.5899963378906
"3539",69.5100021362305
"3540",69.0299987792969
"3541",68.2300033569336
"3542",66.4499969482422
"3543",65.1800003051758
"3544",68.75
"3545",71.0500030517578
"3546",72.25
"3547",71.0699996948242
"3548",72.6999969482422
"3549",73.4100036621094
"3550",72.9899978637695
"3551",71.5899963378906
"3552",73.0299987792969
"3553",72.6100006103516
"3554",71.6900024414062
"3555",72.5999984741211
"3556",71.4499969482422
"3557",72.9199981689453
"3558",73.5100021362305
"3559",73.5999984741211
"3560",75.4599990844727
"3561",75.6699981689453
"3562",75.3399963378906
"3563",73.9199981689453
"3564",74.3600006103516
"3565",76.1900024414062
"3566",77.25
"3567",78.0899963378906
"3568",79.5299987792969
"3569",79.0899963378906
"3570",78.6399993896484
"3571",78.5199966430664
"3572",79.2799987792969
"3573",81.2600021362305
"3574",82.5599975585938
"3575",81.0800018310547
"3576",81.9499969482422
"3577",82.3899993896484
"3578",83.6500015258789
"3579",83.4199981689453
"3580",83.1800003051758
"3581",84
"3582",84.8600006103516
"3583",84.3300018310547
"3584",85.0800018310547
"3585",85.8199996948242
"3586",84.6100006103516
"3587",85.5299987792969
"3588",85.9899978637695
"3589",86.4000015258789
"3590",84.5800018310547
"3591",84.3199996948242
"3592",84.379997253418
"3593",84.7099990844727
"3594",84.7200012207031
"3595",81.9899978637695
"3596",80.5400009155273
"3597",82.7399978637695
"3598",83.4300003051758
"3599",84.7799987792969
"3600",82.6399993896484
"3601",82.870002746582
"3602",82.1699981689453
"3603",82.0500030517578
"3604",82.4300003051758
"3605",80.2799987792969
"3606",81.2399978637695
"3607",78.8899993896484
"3608",79.6999969482422
"3609",82.3099975585938
"3610",82.25
"3611",72.7200012207031
"3612",73.4400024414062
"3613",70.5699996948242
"3614",68.870002746582
"3615",69.6699981689453
"3616",69.879997253418
"3617",73.0800018310547
"3618",75.4400024414062
"3619",75.8199996948242
"3620",74.4199981689453
"3621",75.1500015258789
"3622",74.3899993896484
"3623",73.6999969482422
"3624",73.879997253418
"3625",75.0199966430664
"3626",73.5199966430664
"3627",71.5199966430664
"3628",73.9800033569336
"3629",75.2900009155273
"3630",76.8499984741211
"3631",78.5999984741211
"3632",78.9400024414062
"3633",79.2300033569336
"3634",79.3199996948242
"3635",79.1999969482422
"3636",78.9800033569336
"3637",80
"3638",80.8000030517578
"3639",81.9899978637695
"3640",81.75
"3641",80.870002746582
"3642",83.7200012207031
"3643",84.6699981689453
"3644",84.4700012207031
"3645",86.0599975585938
"3646",87.5100021362305
"3647",88.4400024414062
"3648",88.379997253418
"3649",87.8899993896484
"3650",86.2699966430664
"3651",88.1999969482422
"3652",89.9599990844727
"3653",89.3399963378906
"3654",90.0299987792969
"3655",91.2099990844727
"3656",91.2900009155273
"3657",89.4700012207031
"3658",91.1100006103516
"3659",93.2699966430664
"3660",92.6900024414062
"3661",90.7799987792969
"3662",91.5500030517578
"3663",91.4100036621094
"3664",94.4400024414062
"3665",96.4800033569336
"3666",93.2799987792969
"3667",94.8099975585938
"3668",92.9700012207031
"3669",93.5400009155273
"3670",96.8399963378906
"3671",96.8399963378906
"3672",99.0800018310547
"3673",97.9300003051758
"3674",100.98999786377
"3675",100.849998474121
"3676",112.930000305176
"3677",110.459999084473
"3678",118.110000610352
"3679",123.209999084473
"3680",127.980003356934
"3681",111.139999389648
"3682",109.330001831055
"3683",112.669998168945
"3684",106.900001525879
"3685",99.9100036621094
"3686",98.0199966430664
"3687",106.639999389648
"3688",107.930000305176
"3689",115.620002746582
"3690",115.480003356934
"3691",121.599998474121
"3692",119.029998779297
"3693",120.650001525879
"3694",112.480003356934
"3695",110.230003356934
"3696",113.449996948242
"3697",107.910003662109
"3698",107.669998168945
"3699",107.529998779297
"3700",106.639999389648
"3701",101.069999694824
"3702",100.580001831055
"3703",102.779998779297
"3704",98.4800033569336
"3705",104.639999389648
"3706",108.779998779297
"3707",111.699996948242
"3708",113.160003662109
"3709",107.25
"3710",106.800003051758
"3711",108.330001831055
"3712",106.650001525879
"3713",102.319999694824
"3714",104.98999786377
"3715",105.319999694824
"3716",107.589996337891
"3717",109.339996337891
"3718",109.360000610352
"3719",104.970001220703
"3720",110.139999389648
"3721",110.900001525879
"3722",112.389999389648
"3723",105.940002441406
"3724",102.459999084473
"3725",107.51000213623
"3726",107.449996948242
"3727",111.550003051758
"3728",114.23999786377
"3729",111.930000305176
"3730",109.110000610352
"3731",112.040000915527
"3732",112.550003051758
"3733",113.419998168945
"3734",113.559997558594
"3735",114.029998779297
"3736",117.400001525879
"3737",119.430000305176
"3738",122.839996337891
"3739",116.290000915527
"3740",117.610000610352
"3741",119.720001220703
"3742",119.51000213623
"3743",120.569999694824
"3744",123.580001831055
"3745",123.069999694824
"3746",122.01000213623
"3747",122.269996643066
"3748",121.169998168945
"3749",118.51000213623
"3750",119.809997558594
"3751",113.120002746582
"3752",114.650001525879
"3753",111.73999786377
"3754",110.050003051758
"3755",113.120002746582
"3756",115.089996337891
"3757",117.980003356934
"3758",116.26000213623
"3759",114.809997558594
"3760",111.629997253418
"3761",102.769996643066
"3762",100.690002441406
"3763",104.650001525879
"3764",107.019996643066
"3765",107.099998474121
"3766",99.4899978637695
"3767",99.5699996948242
"3768",99.0999984741211
"3769",101.160003662109
"3770",106.269996643066
"3771",107.349998474121
"3772",106.919998168945
"3773",103.860000610352
"3774",103.199996948242
"3775",105.150001525879
"3776",104.400001525879
"3777",106.620002746582
"3778",107.139999389648
"3779",110.01000213623
"3780",100.029998779297
"3781",100.540000915527
"3782",96.7799987792969
"3783",94.120002746582
"3784",94.9199981689453
"3785",96.6500015258789
"3786",96.3099975585938
"3787",97.4000015258789
"3788",99.5999984741211
"3789",98.1500015258789
"3790",95.0999984741211
"3791",92.3399963378906
"3792",93.6500015258789
"3793",96.5899963378906
"3794",96.7200012207031
"3795",96.4800033569336
"3796",100.220001220703
"3797",101.220001220703
"3798",99.3399963378906
"3799",100.98999786377
"3800",105.089996337891
"3801",99.3099975585938
"3802",96.4899978637695
"3803",92.3600006103516
"3804",93.0199966430664
"3805",92.8300018310547
"3806",88
"3807",89.1500015258789
"3808",92.8399963378906
"3809",94
"3810",93.1699981689453
"3811",94.0999984741211
"3812",90.8399963378906
"3813",91.3499984741211
"3814",92
"3815",90.620002746582
"3816",89.8300018310547
"3817",90.4599990844727
"3818",86.1500015258789
"3819",84.0599975585938
"3820",86.2699966430664
"3821",89.3199996948242
"3822",88.4899978637695
"3823",87.9599990844727
"3824",88.8600006103516
"3825",91.8000030517578
"3826",93.370002746582
"3827",94.4199981689453
"3828",97.9199981689453
"3829",96.1900024414062
"3830",94.2900009155273
"3831",92.4499969482422
"3832",94.5699996948242
"3833",91.629997253418
"3834",91.620002746582
"3835",90.0299987792969
"3836",92.4100036621094
"3837",92.379997253418
"3838",93.5
"3839",93.2600021362305
"3840",93.5199966430664
"3841",95.6900024414062
"3842",96.9599990844727
"3843",95.7699966430664
"3844",94.8300018310547
"3845",94.6500015258789
"3846",96.1600036621094
"3847",94.6699981689453
"3848",98.5699996948242
"3849",97.9199981689453
"3850",95.3600006103516
"3851",92.6500015258789
"3852",93.6699981689453
"3853",95.9899978637695
"3854",93.1399993896484
"3855",93.8600006103516
"3856",92.8600006103516
"3857",89.7799987792969
"3858",87.620002746582
"3859",87.4499969482422
"3860",88.3600006103516
"3861",85.4100036621094
"3862",83.629997253418
"3863",83.1900024414062
"3864",83.0299987792969
"3865",85.4300003051758
"3866",86.879997253418
"3867",85.5699996948242
"3868",82.6800003051758
"3869",79.3499984741211
"3870",77.1699981689453
"3871",76.1500015258789
"3872",76.0999984741211
"3873",77.9899978637695
"3874",80.6800003051758
"3875",82.6999969482422
"3876",81.2099990844727
"3877",79.0400009155273
"3878",79.8000030517578
"3879",79.9899978637695
"3880",82.1999969482422
"3881",80.9800033569336
"3882",83.9199981689453
"3883",84.3300018310547
"3884",83.2600021362305
"3885",82.2600021362305
"3886",85.9100036621094
"3887",82.0999984741211
"3888",77.8399963378906
"3889",78.6900024414062
"3890",78.5699996948242
"3891",79.6500015258789
"3892",80.0999984741211
"3893",82.6699981689453
"3894",84.0299987792969
"3895",85.2799987792969
"3896",85.9199981689453
"3897",84.9800033569336
"3898",86.1600036621094
"3899",87.629997253418
"3900",88.1900024414062
"3901",86.129997253418
"3902",86.120002746582
"3903",87.4700012207031
"3904",86.6600036621094
"3905",84.9000015258789
"3906",84.4899978637695
"3907",82.8399963378906
"3908",82.1699981689453
"3909",79.9400024414062
"3910",80.9899978637695
"3911",83.6900024414062
"3912",85.0899963378906
"3913",84.5
"3914",86.3899993896484
"3915",86.6100006103516
"3916",85.5800018310547
"3917",85.379997253418
"3918",85.1399993896484
"3919",83
"3920",83.0500030517578
"3921",80.5999984741211
"3922",82.2099990844727
"3923",83.1600036621094
"3924",82.4499969482422
"3925",83.8899993896484
"3926",84.3099975585938
"3927",84.75
"3928",85.8300018310547
"3929",86.1800003051758
"3930",83.2900009155273
"3931",82.6600036621094
"3932",81.5899963378906
"3933",82.7799987792969
"3934",80.7699966430664
"3935",77.4499969482422
"3936",73.6900024414062
"3937",74.6999969482422
"3938",72.9700012207031
"3939",73.7900009155273
"3940",75.3199996948242
"3941",76.6900024414062
"3942",75.9100036621094
"3943",74.9899978637695
"3944",78.120002746582
"3945",78.6500015258789
"3946",78.2799987792969
"3947",79.2699966430664
"3948",79.7699966430664
"3949",84.9300003051758
"3950",84.9400024414062
"3951",84.9899978637695
"3952",85.120002746582
"3953",84.1800003051758
"3954",85.6100006103516
"3955",87.3300018310547
"3956",86.0899963378906
"3957",86.3099975585938
"3958",84.7600021362305
"3959",84.7699966430664
"3960",83.120002746582
"3961",81.0999984741211
"3962",81.6600036621094
"3963",82.7300033569336
"3964",80.7699966430664
"3965",77.6900024414062
"3966",78.370002746582
"3967",79.5400009155273
"3968",79.3099975585938
"3969",75.3199996948242
"3970",72.3300018310547
"3971",72.5
"3972",75.3000030517578
"3973",77.0100021362305
"3974",77.4400024414062
"3975",76.4100036621094
"3976",74.9800033569336
"3977",74.1699981689453
"3978",75.2300033569336
"3979",74.9100036621094
"3980",76.9599990844727
"3981",75.8600006103516
"3982",75.5800018310547
"3983",75.9899978637695
"3984",76.8399963378906
"3985",78.3600006103516
"3986",76.2600021362305
"3987",76.9499969482422
"3988",73.5400009155273
"3989",72.6600036621094
"3990",74.2799987792969
"3991",76.129997253418
"3992",76.7099990844727
"3993",76.2900009155273
"3994",76.9499969482422
"3995",75.9599990844727
"3996",74.7900009155273
"3997",71.8399963378906
"3998",74.2900009155273
"3999",73.1999969482422
"4000",75.6699981689453
"4001",76.6100006103516
"4002",75.9000015258789
"4003",77.120002746582
"4004",74.1399993896484
"4005",73.8499984741211
"4006",74.1800003051758
"4007",72.2600021362305
"4008",74.0299987792969
"4009",74.3399963378906
"4010",74.9000015258789
"4011",74.6500015258789
"4012",76.6500015258789
"4013",76.5199966430664
"4014",78.4700012207031
"4015",77.6900024414062
"4016",79.4000015258789
"4017",80.1100006103516
"4018",81.3600006103516
"4019",79.870002746582
"4020",78.5
"4021",79.629997253418
"4022",79.4599990844727
"4023",79.6399993896484
"4024",81.0699996948242
"4025",82.7399978637695
"4026",83.6399993896484
"4027",82.9199981689453
"4028",84.2399978637695
"4029",84.9899978637695
"4030",85.5599975585938
"4031",84.9100036621094
"4032",83.1999969482422
"4033",85.1399993896484
"4034",86.2399978637695
"4035",85.3399963378906
"4036",86.1699981689453
"4037",87.5500030517578
"4038",86.4000015258789
"4039",86.8099975585938
"4040",86.2099990844727
"4041",84.8899993896484
"4042",83.4499969482422
"4043",84.120002746582
"4044",84.8000030517578
"4045",84.4599990844727
"4046",84.0299987792969
"4047",83.2099990844727
"4048",83.3600006103516
"4049",84.4800033569336
"4050",84.4199981689453
"4051",85.4899978637695
"4052",85.8600006103516
"4053",86.8600006103516
"4054",88.5500030517578
"4055",90.0400009155273
"4056",90.5999984741211
"4057",89.9199981689453
"4058",90.6500015258789
"4059",90.6399993896484
"4060",92.0599975585938
"4061",91.879997253418
"4062",93.6999969482422
"4063",93.9300003051758
"4064",94.4300003051758
"4065",94.3399963378906
"4066",93.5299987792969
"4067",93.3000030517578
"4068",93.2699966430664
"4069",93.2900009155273
"4070",93.9599990844727
"4071",96.5500030517578
"4072",95.379997253418
"4073",95.3099975585938
"4074",90.7099990844727
"4075",90.9199981689453
"4076",85.8099975585938
"4077",84.0699996948242
"4078",84.5800018310547
"4079",88.1500015258789
"4080",87.6500015258789
"4081",85.8199996948242
"4082",86
"4083",90.8899993896484
"4084",89.6500015258789
"4085",89.9000015258789
"4086",91.5
"4087",92.379997253418
"4088",92.1600036621094
"4089",89.8300018310547
"4090",88.0699996948242
"4091",90.129997253418
"4092",87.9300003051758
"4093",90.4800033569336
"4094",87.4499969482422
"4095",87.4100036621094
"4096",84.629997253418
"4097",86.8499984741211
"4098",84.8899993896484
"4099",85.1800003051758
"4100",81.6100006103516
"4101",79.5400009155273
"4102",80.0100021362305
"4103",81.4300003051758
"4104",82.5199966430664
"4105",82.4700012207031
"4106",81.1800003051758
"4107",77.4199981689453
"4108",80.6100006103516
"4109",82.3199996948242
"4110",82.4499969482422
"4111",81.9599990844727
"4112",81.370002746582
"4113",80.5800018310547
"4114",79.9800033569336
"4115",81.6800003051758
"4116",83.0999984741211
"4117",82.8300018310547
"4118",78.879997253418
"4119",78.0299987792969
"4120",77.1999969482422
"4121",74.3000030517578
"4122",74.0500030517578
"4123",75.8399963378906
"4124",76.0299987792969
"4125",73.2399978637695
"4126",74.2600021362305
"4127",76.6100006103516
"4128",76.5500030517578
"4129",77.9499969482422
"4130",79.2300033569336
"4131",79.6999969482422
"4132",79.3899993896484
"4133",79.0699996948242
"4134",NA
"4135",81.0699996948242
"4136",79.6500015258789
"4137",78.3899993896484
"4138",77.0400009155273
"4139",NA
"4140",75.8899993896484
"4141",78.25
"4142",77.5899963378906
"4143",78.7600021362305
"4144",76.120002746582
"4145",77.5899963378906
