"","CL=F.Adjusted"
"1",61.0499992370605
"2",58.3199996948242
"3",55.5900001525879
"4",56.310001373291
"5",56.0900001525879
"6",55.6399993896484
"7",54.0200004577637
"8",51.8800010681152
"9",52.9900016784668
"10",NA
"11",51.2099990844727
"12",52.2400016784668
"13",50.4799995422363
"14",51.9900016784668
"15",51.1300010681152
"16",55.0400009155273
"17",55.3699989318848
"18",54.2299995422363
"19",55.4199981689453
"20",54.0099983215332
"21",56.9700012207031
"22",58.1399993896484
"23",57.2999992370605
"24",59.0200004577637
"25",58.7400016784668
"26",58.8800010681152
"27",57.7099990844727
"28",59.7099990844727
"29",59.8899993896484
"30",57.810001373291
"31",59.060001373291
"32",58
"33",57.9900016784668
"34",59.3899993896484
"35",58.0699996948242
"36",60.0699996948242
"37",60.9500007629395
"38",61.1399993896484
"39",61.3899993896484
"40",61.4599990844727
"41",61.7900009155273
"42",62
"43",61.6399993896484
"44",60.0699996948242
"45",60.689998626709
"46",61.8199996948242
"47",61.6399993896484
"48",60.0499992370605
"49",58.9099998474121
"50",57.9300003051758
"51",58.1599998474121
"52",57.5499992370605
"53",57.1100006103516
"54",56.5900001525879
"55",56.7299995422363
"56",59.6100006103516
"57",61.689998626709
"58",62.2799987792969
"59",62.9099998474121
"60",62.9300003051758
"61",64.0800018310547
"62",66.0299987792969
"63",65.870002746582
"64",65.9400024414062
"65",64.6399993896484
"66",64.379997253418
"67",64.2799987792969
"68",61.5099983215332
"69",61.8899993896484
"70",62.0099983215332
"71",63.8499984741211
"72",63.6300010681152
"73",63.6100006103516
"74",63.0999984741211
"75",63.1300010681152
"76",61.8300018310547
"77",63.3800010681152
"78",65.8899993896484
"79",64.5800018310547
"80",65.8399963378906
"81",65.0599975585938
"82",66.4599990844727
"83",65.7099990844727
"84",64.4000015258789
"85",63.6800003051758
"86",63.189998626709
"87",61.9300003051758
"88",61.4700012207031
"89",62.2599983215332
"90",61.5499992370605
"91",61.810001373291
"92",62.3699989318848
"93",62.4599990844727
"94",63.1699981689453
"95",62.5499992370605
"96",64.8600006103516
"97",64.9400024414062
"98",66.2699966430664
"99",64.9700012207031
"100",65.7699966430664
"101",64.1800003051758
"102",65.1999969482422
"103",63.1500015258789
"104",63.4900016784668
"105",64.0100021362305
"106",65.0800018310547
"107",66.2099990844727
"108",65.6100006103516
"109",65.9599990844727
"110",66.9300003051758
"111",64.7600021362305
"112",65.9700012207031
"113",65.3499984741211
"114",66.2600021362305
"115",67.6500015258789
"116",68
"117",69.0899963378906
"118",69.0999984741211
"119",68.1900024414062
"120",68.6500015258789
"121",69.1399993896484
"122",69.1800003051758
"123",67.7699966430664
"124",68.9700012207031
"125",69.5699996948242
"126",70.6800003051758
"127",71.0899963378906
"128",71.4100036621094
"129",71.8099975585938
"130",72.8099975585938
"131",72.1900024414062
"132",72.8099975585938
"133",72.5599975585938
"134",72.5
"135",73.9300003051758
"136",74.1500015258789
"137",74.0199966430664
"138",75.0500030517578
"139",75.9199981689453
"140",75.5699996948242
"141",74.8899993896484
"142",73.5599975585938
"143",75.879997253418
"144",74.9499969482422
"145",77.0199966430664
"146",76.8300018310547
"147",78.2099990844727
"148",76.5299987792969
"149",76.8600006103516
"150",75.4800033569336
"151",72.0599975585938
"152",72.4199981689453
"153",72.1500015258789
"154",71.5899963378906
"155",71.4700012207031
"156",71.620002746582
"157",72.379997253418
"158",73.3300018310547
"159",71
"160",71.9800033569336
"161",71.120002746582
"162",69.4700012207031
"163",69.2600021362305
"164",69.8300018310547
"165",71.0899963378906
"166",71.9700012207031
"167",71.7300033569336
"168",73.5100021362305
"169",73.3600006103516
"170",74.0400009155273
"171",75.0800018310547
"172",75.7300033569336
"173",76.3000030517578
"174",76.6999969482422
"175",77.4899978637695
"176",78.2300033569336
"177",79.9100036621094
"178",80.0899963378906
"179",79.0999984741211
"180",80.5699996948242
"181",81.5100021362305
"182",81.9300003051758
"183",83.3199996948242
"184",81.620002746582
"185",80.9499969482422
"186",79.5299987792969
"187",80.3000030517578
"188",82.879997253418
"189",81.6600036621094
"190",80.2399978637695
"191",80.0500030517578
"192",79.9400024414062
"193",81.4400024414062
"194",81.2200012207031
"195",79.0199966430664
"196",80.2600021362305
"197",81.3000030517578
"198",83.0800018310547
"199",83.6900024414062
"200",86.129997253418
"201",87.6100006103516
"202",87.4000015258789
"203",89.4700012207031
"204",88.5999984741211
"205",87.5599975585938
"206",85.2699966430664
"207",87.0999984741211
"208",90.4599990844727
"209",91.8600006103516
"210",93.5299987792969
"211",90.379997253418
"212",94.5299987792969
"213",93.4899978637695
"214",95.9300003051758
"215",93.9800033569336
"216",96.6999969482422
"217",96.370002746582
"218",95.4599990844727
"219",96.3199996948242
"220",94.620002746582
"221",91.1699981689453
"222",94.0899963378906
"223",93.4300003051758
"224",95.0999984741211
"225",94.6399993896484
"226",98.0299987792969
"227",97.2900009155273
"228",98.1800003051758
"229",97.6999969482422
"230",94.4199981689453
"231",90.620002746582
"232",91.0100021362305
"233",88.7099990844727
"234",89.3099975585938
"235",88.3199996948242
"236",87.4899978637695
"237",90.2300033569336
"238",88.2799987792969
"239",87.8600006103516
"240",90.0199966430664
"241",94.3899993896484
"242",92.25
"243",91.2699966430664
"244",90.629997253418
"245",90.4899978637695
"246",91.2399978637695
"247",91.0599975585938
"248",93.3099975585938
"249",94.129997253418
"250",95.9700012207031
"251",96.620002746582
"252",96
"253",95.9800033569336
"254",99.620002746582
"255",99.1800003051758
"256",97.9100036621094
"257",95.0899963378906
"258",96.3300018310547
"259",95.6699981689453
"260",93.7099990844727
"261",92.6900024414062
"262",94.1999969482422
"263",91.9000015258789
"264",90.8399963378906
"265",90.129997253418
"266",90.5699996948242
"267",89.8499984741211
"268",86.9899978637695
"269",89.4100036621094
"270",90.7099990844727
"271",90.9899978637695
"272",91.6399993896484
"273",92.3300018310547
"274",91.75
"275",88.9599990844727
"276",90.0199966430664
"277",88.4100036621094
"278",87.1399993896484
"279",88.1100006103516
"280",91.7699966430664
"281",93.5899963378906
"282",92.7799987792969
"283",93.2699966430664
"284",95.4599990844727
"285",95.5
"286",100.01000213623
"287",100.73999786377
"288",98.2300033569336
"289",98.8099975585938
"290",99.2300033569336
"291",100.879997253418
"292",99.6399993896484
"293",102.589996337891
"294",101.839996337891
"295",102.449996948242
"296",99.5199966430664
"297",104.519996643066
"298",105.470001220703
"299",105.150001525879
"300",107.900001525879
"301",108.75
"302",109.919998168945
"303",110.330001831055
"304",110.209999084473
"305",105.680000305176
"306",109.419998168945
"307",104.480003356934
"308",101.839996337891
"309",100.860000610352
"310",101.220001220703
"311",105.900001525879
"312",107.580001831055
"313",105.620002746582
"314",101.580001831055
"315",100.980003356934
"316",104.830001831055
"317",103.830001831055
"318",106.230003356934
"319",109.089996337891
"320",108.5
"321",110.870002746582
"322",110.110000610352
"323",110.139999389648
"324",111.76000213623
"325",113.790000915527
"326",114.930000305176
"327",114.860000610352
"328",116.690002441406
"329",117.480003356934
"330",119.370002746582
"331",118.300003051758
"332",116.059997558594
"333",118.519996643066
"334",118.75
"335",115.629997253418
"336",113.459999084473
"337",112.519996643066
"338",116.319999694824
"339",119.970001220703
"340",121.839996337891
"341",123.529998779297
"342",123.690002441406
"343",125.959999084473
"344",124.230003356934
"345",125.800003051758
"346",124.220001220703
"347",124.120002746582
"348",126.290000915527
"349",127.050003051758
"350",129.070007324219
"351",133.169998168945
"352",130.809997558594
"353",132.190002441406
"354",128.850006103516
"355",131.029998779297
"356",126.620002746582
"357",127.349998474121
"358",127.76000213623
"359",124.309997558594
"360",122.300003051758
"361",127.790000915527
"362",138.539993286133
"363",134.350006103516
"364",131.309997558594
"365",136.380004882812
"366",136.740005493164
"367",134.860000610352
"368",134.610000610352
"369",134.009994506836
"370",136.679992675781
"371",131.929992675781
"372",134.619995117188
"373",136.740005493164
"374",137
"375",134.550003051758
"376",139.639999389648
"377",140.210006713867
"378",140
"379",140.970001220703
"380",143.570007324219
"381",145.289993286133
"382",141.369995117188
"383",136.039993286133
"384",136.050003051758
"385",141.649993896484
"386",145.080001831055
"387",145.179992675781
"388",138.740005493164
"389",134.600006103516
"390",129.289993286133
"391",128.880004882812
"392",131.039993286133
"393",127.949996948242
"394",124.440002441406
"395",125.48999786377
"396",123.26000213623
"397",124.730003356934
"398",122.190002441406
"399",126.769996643066
"400",124.080001831055
"401",125.099998474121
"402",121.410003662109
"403",119.169998168945
"404",118.580001831055
"405",120.019996643066
"406",115.199996948242
"407",114.449996948242
"408",113.01000213623
"409",116
"410",115.01000213623
"411",113.769996643066
"412",112.870002746582
"413",114.529998779297
"414",114.980003356934
"415",121.180000305176
"416",114.589996337891
"417",115.110000610352
"418",116.269996643066
"419",118.150001525879
"420",115.589996337891
"421",115.459999084473
"422",109.709999084473
"423",109.349998474121
"424",107.889999389648
"425",106.230003356934
"426",106.339996337891
"427",103.26000213623
"428",102.580001831055
"429",100.870002746582
"430",101.180000305176
"431",95.7099990844727
"432",91.1500015258789
"433",97.1600036621094
"434",97.879997253418
"435",104.550003051758
"436",120.919998168945
"437",106.610000610352
"438",105.730003356934
"439",108.019996643066
"440",106.889999389648
"441",96.370002746582
"442",100.639999389648
"443",98.5299987792969
"444",93.9700012207031
"445",93.879997253418
"446",87.8099975585938
"447",90.0599975585938
"448",88.9499969482422
"449",86.5899963378906
"450",77.6999969482422
"451",81.1900024414062
"452",78.629997253418
"453",74.5400009155273
"454",69.8499984741211
"455",71.8499984741211
"456",74.25
"457",70.8899993896484
"458",66.75
"459",67.8399963378906
"460",64.1500015258789
"461",63.2200012207031
"462",62.7299995422363
"463",67.5
"464",65.9599990844727
"465",67.8099975585938
"466",63.9099998474121
"467",70.5299987792969
"468",65.3000030517578
"469",60.7700004577637
"470",61.0400009155273
"471",62.4099998474121
"472",59.3300018310547
"473",56.1599998474121
"474",58.2400016784668
"475",57.0400009155273
"476",54.9500007629395
"477",54.3899993896484
"478",53.6199989318848
"479",49.6199989318848
"480",49.9300003051758
"481",54.5
"482",50.7700004577637
"483",54.439998626709
"484",54.4300003051758
"485",49.2799987792969
"486",46.9599990844727
"487",46.7900009155273
"488",43.6699981689453
"489",40.810001373291
"490",43.7099990844727
"491",42.0699996948242
"492",43.5200004577637
"493",47.9799995422363
"494",46.2799987792969
"495",44.5099983215332
"496",43.5999984741211
"497",40.060001373291
"498",36.2200012207031
"499",33.8699989318848
"500",39.9099998474121
"501",38.9799995422363
"502",35.3499984741211
"503",37.7099990844727
"504",40.0200004577637
"505",39.0299987792969
"506",44.5999984741211
"507",46.3400001525879
"508",48.810001373291
"509",48.5800018310547
"510",42.6300010681152
"511",41.7000007629395
"512",40.8300018310547
"513",37.5900001525879
"514",37.7799987792969
"515",37.2799987792969
"516",35.4000015258789
"517",36.5099983215332
"518",38.7400016784668
"519",43.5499992370605
"520",43.6699981689453
"521",46.4700012207031
"522",45.7299995422363
"523",41.5800018310547
"524",42.1599998474121
"525",41.439998626709
"526",41.6800003051758
"527",40.0800018310547
"528",40.7799987792969
"529",40.3199996948242
"530",41.1699981689453
"531",40.1699981689453
"532",39.560001373291
"533",37.5499992370605
"534",35.939998626709
"535",33.9799995422363
"536",37.5099983215332
"537",34.9300003051758
"538",34.6199989318848
"539",39.4799995422363
"540",38.939998626709
"541",38.439998626709
"542",39.9599990844727
"543",42.5
"544",45.2200012207031
"545",44.7599983215332
"546",40.1500015258789
"547",41.6500015258789
"548",45.3800010681152
"549",43.6100006103516
"550",45.5200004577637
"551",47.0699996948242
"552",45.7099990844727
"553",42.3300018310547
"554",47.0299987792969
"555",46.25
"556",47.3499984741211
"557",49.1599998474121
"558",48.1399993896484
"559",51.6100006103516
"560",51.060001373291
"561",53.7999992370605
"562",53.9799995422363
"563",52.7700004577637
"564",54.3400001525879
"565",52.3800010681152
"566",48.4099998474121
"567",49.6599998474121
"568",48.3899993896484
"569",52.6399993896484
"570",52.5099983215332
"571",51.0499992370605
"572",49.1500015258789
"573",49.3800010681152
"574",52.2400016784668
"575",50.0499992370605
"576",49.4099998474121
"577",49.25
"578",49.9799995422363
"579",50.3300018310547
"580",45.8800010681152
"581",46.5099983215332
"582",48.8499984741211
"583",49.6199989318848
"584",51.5499992370605
"585",50.1399993896484
"586",49.9199981689453
"587",50.9700012207031
"588",51.1199989318848
"589",53.2000007629395
"590",54.4700012207031
"591",53.8400001525879
"592",56.3400001525879
"593",56.7099990844727
"594",58.6300010681152
"595",58.5
"596",58.8499984741211
"597",58.0200004577637
"598",58.6199989318848
"599",56.3400001525879
"600",59.0299987792969
"601",59.6500015258789
"602",62.0400009155273
"603",61.0499992370605
"604",61.6699981689453
"605",62.4500007629395
"606",63.4500007629395
"607",65.0800018310547
"608",66.3099975585938
"609",68.5800018310547
"610",68.5500030517578
"611",66.120002746582
"612",68.8099975585938
"613",68.4400024414062
"614",68.0899963378906
"615",70.0100021362305
"616",71.3300018310547
"617",72.6800003051758
"618",72.0400009155273
"619",70.620002746582
"620",70.4700012207031
"621",71.0299987792969
"622",71.370002746582
"623",69.5500030517578
"624",66.9300003051758
"625",69.2399978637695
"626",68.6699981689453
"627",70.2300033569336
"628",69.1600036621094
"629",71.4899978637695
"630",69.8899993896484
"631",69.3099975585938
"632",66.7300033569336
"633",64.0500030517578
"634",62.9300003051758
"635",60.1399993896484
"636",60.4099998474121
"637",59.8899993896484
"638",59.689998626709
"639",59.5200004577637
"640",61.5400009155273
"641",62.0200004577637
"642",63.560001373291
"643",63.9799995422363
"644",64.7200012207031
"645",65.4000015258789
"646",67.1600036621094
"647",68.0500030517578
"648",68.379997253418
"649",67.2300033569336
"650",63.3499984741211
"651",66.9400024414062
"652",69.4499969482422
"653",71.5800018310547
"654",71.4199981689453
"655",71.9700012207031
"656",71.9400024414062
"657",70.9300003051758
"658",70.5999984741211
"659",69.4499969482422
"660",70.1600036621094
"661",70.5199966430664
"662",67.5100021362305
"663",66.75
"664",69.1900024414062
"665",72.4199981689453
"666",72.5400009155273
"667",73.8899993896484
"668",74.370002746582
"669",72.0500030517578
"670",71.4300003051758
"671",72.4899978637695
"672",72.7399978637695
"673",69.9599990844727
"674",68.0500030517578
"675",68.0500030517578
"676",67.9599990844727
"677",68.0199966430664
"678",71.0999984741211
"679",71.3099975585938
"680",71.9400024414062
"681",69.2900009155273
"682",68.8600006103516
"683",70.9300003051758
"684",72.5100021362305
"685",72.4700012207031
"686",72.0400009155273
"687",69.7099990844727
"688",71.5500030517578
"689",68.9700012207031
"690",65.8899993896484
"691",66.0199966430664
"692",66.8399963378906
"693",66.7099990844727
"694",70.6100006103516
"695",70.8199996948242
"696",69.9499969482422
"697",70.4100036621094
"698",70.879997253418
"699",69.5699996948242
"700",71.6900024414062
"701",71.7699966430664
"702",73.2699966430664
"703",74.1500015258789
"704",75.1800003051758
"705",77.5800018310547
"706",78.5299987792969
"707",79.6100006103516
"708",79.0899963378906
"709",81.370002746582
"710",81.1900024414062
"711",80.5
"712",78.6800003051758
"713",79.5500030517578
"714",77.4599990844727
"715",79.870002746582
"716",77
"717",78.129997253418
"718",79.5999984741211
"719",80.4000015258789
"720",79.620002746582
"721",77.4300003051758
"722",79.4300003051758
"723",79.0500030517578
"724",79.2799987792969
"725",76.9400024414062
"726",76.3499984741211
"727",78.9000015258789
"728",79.1399993896484
"729",79.5800018310547
"730",77.4599990844727
"731",76.7200012207031
"732",77.5599975585938
"733",76.0199966430664
"734",77.9599990844727
"735",76.0500030517578
"736",77.2799987792969
"737",78.370002746582
"738",76.5999984741211
"739",76.4599990844727
"740",75.4700012207031
"741",73.9300003051758
"742",72.620002746582
"743",70.6699981689453
"744",70.5400009155273
"745",69.870002746582
"746",69.5100021362305
"747",70.6900024414062
"748",72.6600036621094
"749",72.6500015258789
"750",73.3600006103516
"751",72.4700012207031
"752",74.4000015258789
"753",76.6699981689453
"754",78.0500030517578
"755",78.7699966430664
"756",78.870002746582
"757",79.2799987792969
"758",79.3600006103516
"759",81.5100021362305
"760",81.7699966430664
"761",83.1800003051758
"762",82.6600036621094
"763",82.75
"764",82.5199966430664
"765",80.7900009155273
"766",79.6500015258789
"767",79.3899993896484
"768",78
"769",79.0199966430664
"770",77.620002746582
"771",76.0800018310547
"772",74.5400009155273
"773",75.2600021362305
"774",74.7099990844727
"775",73.6699981689453
"776",73.6399993896484
"777",72.8899993896484
"778",74.4300003051758
"779",77.2300033569336
"780",76.9800033569336
"781",73.1399993896484
"782",71.1900024414062
"783",71.8899993896484
"784",73.75
"785",74.5199966430664
"786",75.2799987792969
"787",74.129997253418
"788",77.0100021362305
"789",77.3300018310547
"790",79.0599975585938
"791",79.8099975585938
"792",80.1600036621094
"793",78.8600006103516
"794",80
"795",78.1699981689453
"796",79.6600036621094
"797",78.6999969482422
"798",79.6800003051758
"799",80.870002746582
"800",80.2099990844727
"801",81.5
"802",81.870002746582
"803",81.4899978637695
"804",82.0899963378906
"805",82.1100006103516
"806",81.2399978637695
"807",79.8000030517578
"808",81.6999969482422
"809",82.9300003051758
"810",82.1999969482422
"811",80.6800003051758
"812",81.25
"813",81.9100036621094
"814",80.6100006103516
"815",80.5299987792969
"816",80
"817",82.1699981689453
"818",82.370002746582
"819",83.7600021362305
"820",84.870002746582
"821",86.620002746582
"822",86.8399963378906
"823",85.879997253418
"824",85.3899993896484
"825",84.9199981689453
"826",84.3399963378906
"827",84.0500030517578
"828",85.8399963378906
"829",85.5100021362305
"830",83.2399978637695
"831",81.4499969482422
"832",83.4499969482422
"833",83.6800003051758
"834",83.6999969482422
"835",85.120002746582
"836",84.1999969482422
"837",82.4400024414062
"838",83.2200012207031
"839",85.1699981689453
"840",86.1500015258789
"841",86.1900024414062
"842",82.7399978637695
"843",79.9700012207031
"844",77.1100006103516
"845",75.1100006103516
"846",76.8000030517578
"847",76.370002746582
"848",75.6500015258789
"849",74.4000015258789
"850",71.6100006103516
"851",70.0800018310547
"852",69.4100036621094
"853",69.870002746582
"854",68.0100021362305
"855",70.0400009155273
"856",70.2099990844727
"857",68.75
"858",71.5100021362305
"859",74.5500030517578
"860",73.9700012207031
"861",72.5800018310547
"862",72.8600006103516
"863",74.6100006103516
"864",71.5100021362305
"865",71.4400024414062
"866",71.9899978637695
"867",74.379997253418
"868",75.4800033569336
"869",73.7799987792969
"870",75.120002746582
"871",76.9400024414062
"872",77.6699981689453
"873",76.7900009155273
"874",77.1800003051758
"875",77.8199996948242
"876",77.2099990844727
"877",76.3499984741211
"878",76.5100021362305
"879",78.8600006103516
"880",78.25
"881",75.9400024414062
"882",75.629997253418
"883",72.9499969482422
"884",72.1399993896484
"885",71.9800033569336
"886",74.0699996948242
"887",75.4400024414062
"888",76.0899963378906
"889",74.9499969482422
"890",77.1500015258789
"891",77.0400009155273
"892",76.620002746582
"893",76.0100021362305
"894",76.5400009155273
"895",77.4400024414062
"896",76.5599975585938
"897",79.3000030517578
"898",78.9800033569336
"899",78.9800033569336
"900",77.5
"901",76.9899978637695
"902",78.3600006103516
"903",78.9499969482422
"904",81.3399963378906
"905",82.5500030517578
"906",82.4700012207031
"907",82.0100021362305
"908",80.6999969482422
"909",81.4800033569336
"910",80.25
"911",78.0199966430664
"912",75.7399978637695
"913",75.3899993896484
"914",75.2399978637695
"915",75.7699966430664
"916",75.4199981689453
"917",74.4300003051758
"918",73.4599990844727
"919",73.0999984741211
"920",71.629997253418
"921",72.5199966430664
"922",73.3600006103516
"923",75.1699981689453
"924",74.6999969482422
"925",71.9199981689453
"926",73.9100036621094
"927",75.0199966430664
"928",74.5999984741211
"929",74.0899963378906
"930",74.6699981689453
"931",74.25
"932",76.4499969482422
"933",77.1900024414062
"934",76.8000030517578
"935",76.0199966430664
"936",74.5699996948242
"937",73.6600036621094
"938",74.8600006103516
"939",73.5199966430664
"940",74.7099990844727
"941",75.1800003051758
"942",76.4899978637695
"943",76.5199966430664
"944",76.1800003051758
"945",77.8600006103516
"946",79.9700012207031
"947",81.5800018310547
"948",81.4700012207031
"949",82.8199996948242
"950",83.2300033569336
"951",81.6699981689453
"952",82.6600036621094
"953",82.2099990844727
"954",81.6699981689453
"955",83.0100021362305
"956",82.6900024414062
"957",81.25
"958",83.0800018310547
"959",79.4899978637695
"960",81.7699966430664
"961",80.5599975585938
"962",81.6900024414062
"963",82.5199966430664
"964",82.5500030517578
"965",81.9400024414062
"966",82.1800003051758
"967",81.4300003051758
"968",82.9499969482422
"969",83.9000015258789
"970",84.6900024414062
"971",86.4899978637695
"972",86.8499984741211
"973",87.0599975585938
"974",86.7200012207031
"975",87.8099975585938
"976",87.8099975585938
"977",84.879997253418
"978",84.8600006103516
"979",82.3399963378906
"980",80.4400024414062
"981",81.8499984741211
"982",81.5100021362305
"983",81.7399978637695
"984",81.25
"985",83.8600006103516
"986",83.7600021362305
"987",85.7300033569336
"988",84.1100006103516
"989",86.75
"990",88
"991",89.1900024414062
"992",89.379997253418
"993",88.6900024414062
"994",88.2799987792969
"995",88.370002746582
"996",87.7900009155273
"997",88.6100006103516
"998",88.2799987792969
"999",88.620002746582
"1000",87.6999969482422
"1001",88.0199966430664
"1002",88.8099975585938
"1003",89.8199996948242
"1004",90.4800033569336
"1005",91.5100021362305
"1006",91
"1007",91.4899978637695
"1008",91.120002746582
"1009",89.8399963378906
"1010",91.379997253418
"1011",91.5500030517578
"1012",89.379997253418
"1013",90.3000030517578
"1014",88.379997253418
"1015",88.0299987792969
"1016",89.25
"1017",91.1100006103516
"1018",91.8600006103516
"1019",91.4000015258789
"1020",91.5400009155273
"1021",91.379997253418
"1022",90.8600006103516
"1023",88.8600006103516
"1024",89.1100006103516
"1025",87.870002746582
"1026",86.1900024414062
"1027",87.3300018310547
"1028",85.6399993896484
"1029",89.3399963378906
"1030",92.1900024414062
"1031",90.7699966430664
"1032",90.8600006103516
"1033",90.5400009155273
"1034",89.0299987792969
"1035",87.4800033569336
"1036",86.9400024414062
"1037",86.7099990844727
"1038",86.7300033569336
"1039",85.5800018310547
"1040",84.8099975585938
"1041",84.3199996948242
"1042",84.9899978637695
"1043",86.3600006103516
"1044",86.1999969482422
"1045",93.5699996948242
"1046",98.0999984741211
"1047",97.2799987792969
"1048",97.879997253418
"1049",96.9700012207031
"1050",99.629997253418
"1051",102.230003356934
"1052",101.910003662109
"1053",104.419998168945
"1054",105.440002441406
"1055",105.019996643066
"1056",104.379997253418
"1057",102.699996948242
"1058",101.160003662109
"1059",101.190002441406
"1060",97.1800003051758
"1061",97.9800033569336
"1062",101.419998168945
"1063",101.069999694824
"1064",102.330001831055
"1065",104
"1066",105.75
"1067",105.599998474121
"1068",105.400001525879
"1069",103.980003356934
"1070",104.790000915527
"1071",104.269996643066
"1072",106.720001220703
"1073",107.940002441406
"1074",108.470001220703
"1075",108.339996337891
"1076",108.830001831055
"1077",110.300003051758
"1078",112.790000915527
"1079",109.919998168945
"1080",106.25
"1081",107.110000610352
"1082",108.110000610352
"1083",109.660003662109
"1084",107.120002746582
"1085",108.150001525879
"1086",111.449996948242
"1087",112.290000915527
"1088",112.279998779297
"1089",112.209999084473
"1090",112.76000213623
"1091",112.860000610352
"1092",113.930000305176
"1093",113.519996643066
"1094",111.050003051758
"1095",109.23999786377
"1096",99.8000030517578
"1097",97.1800003051758
"1098",102.550003051758
"1099",103.879997253418
"1100",98.2099990844727
"1101",98.9700012207031
"1102",99.6500015258789
"1103",97.370002746582
"1104",96.9100036621094
"1105",100.099998474121
"1106",98.4400024414062
"1107",99.4899978637695
"1108",97.6999969482422
"1109",99.5899963378906
"1110",101.319999694824
"1111",100.230003356934
"1112",100.589996337891
"1113",102.699996948242
"1114",100.290000915527
"1115",100.400001525879
"1116",100.220001220703
"1117",99.0100021362305
"1118",99.0899963378906
"1119",100.73999786377
"1120",101.930000305176
"1121",99.2900009155273
"1122",97.3000030517578
"1123",99.370002746582
"1124",94.8099975585938
"1125",94.9499969482422
"1126",93.0100021362305
"1127",93.2600021362305
"1128",93.4000015258789
"1129",95.4100036621094
"1130",91.0199966430664
"1131",91.1600036621094
"1132",90.6100006103516
"1133",92.8899993896484
"1134",94.7699966430664
"1135",95.4199981689453
"1136",94.9400024414062
"1137",96.8899993896484
"1138",96.6500015258789
"1139",98.6699981689453
"1140",96.1999969482422
"1141",95.1500015258789
"1142",97.4300003051758
"1143",98.0500030517578
"1144",95.6900024414062
"1145",97.2399978637695
"1146",95.9300003051758
"1147",97.5
"1148",98.1399993896484
"1149",99.129997253418
"1150",99.870002746582
"1151",99.1999969482422
"1152",99.5899963378906
"1153",97.4000015258789
"1154",97.4400024414062
"1155",95.6999969482422
"1156",94.8899993896484
"1157",93.7900009155273
"1158",91.9300003051758
"1159",86.629997253418
"1160",86.879997253418
"1161",81.3099975585938
"1162",79.3000030517578
"1163",82.8899993896484
"1164",85.7200012207031
"1165",85.379997253418
"1166",87.879997253418
"1167",86.6500015258789
"1168",87.5800018310547
"1169",82.379997253418
"1170",82.2600021362305
"1171",84.120002746582
"1172",85.4400024414062
"1173",85.1600036621094
"1174",85.3000030517578
"1175",85.370002746582
"1176",87.2699966430664
"1177",88.9000015258789
"1178",88.8099975585938
"1179",88.9300003051758
"1180",86.4499969482422
"1181",86.0199966430664
"1182",89.3399963378906
"1183",89.0500030517578
"1184",87.2399978637695
"1185",88.1900024414062
"1186",90.2099990844727
"1187",88.9100036621094
"1188",89.4000015258789
"1189",87.9599990844727
"1190",85.6999969482422
"1191",86.8899993896484
"1192",85.9199981689453
"1193",80.5100021362305
"1194",79.8499984741211
"1195",80.2399978637695
"1196",84.4499969482422
"1197",81.2099990844727
"1198",82.1399993896484
"1199",79.1999969482422
"1200",77.6100006103516
"1201",75.6699981689453
"1202",79.6800003051758
"1203",82.5899963378906
"1204",82.9800033569336
"1205",85.4100036621094
"1206",85.8099975585938
"1207",85.5699996948242
"1208",84.2300033569336
"1209",86.8000030517578
"1210",86.379997253418
"1211",88.3399963378906
"1212",86.1100006103516
"1213",85.3000030517578
"1214",87.4000015258789
"1215",91.2699966430664
"1216",93.1699981689453
"1217",90.1999969482422
"1218",93.9599990844727
"1219",93.3199996948242
"1220",93.1900024414062
"1221",92.1900024414062
"1222",92.5100021362305
"1223",94.0699996948242
"1224",94.2600021362305
"1225",95.5199966430664
"1226",96.8000030517578
"1227",95.7399978637695
"1228",97.7799987792969
"1229",98.9899978637695
"1230",98.1399993896484
"1231",99.370002746582
"1232",102.589996337891
"1233",98.8199996948242
"1234",97.4100036621094
"1235",96.9199981689453
"1236",98.0100021362305
"1237",96.1699981689453
"1238",96.7699966430664
"1239",98.2099990844727
"1240",99.7900009155273
"1241",100.360000610352
"1242",100.199996948242
"1243",100.959999084473
"1244",100.98999786377
"1245",101.279998779297
"1246",100.48999786377
"1247",98.3399963378906
"1248",99.4100036621094
"1249",97.7699966430664
"1250",100.139999389648
"1251",94.9499969482422
"1252",93.870002746582
"1253",93.5299987792969
"1254",93.879997253418
"1255",97.2200012207031
"1256",98.6699981689453
"1257",99.5299987792969
"1258",99.6800003051758
"1259",101.339996337891
"1260",99.3600006103516
"1261",99.6500015258789
"1262",98.8300018310547
"1263",102.959999084473
"1264",103.220001220703
"1265",101.809997558594
"1266",101.559997558594
"1267",101.309997558594
"1268",102.23999786377
"1269",100.870002746582
"1270",99.0999984741211
"1271",98.6999969482422
"1272",100.709999084473
"1273",100.589996337891
"1274",100.389999389648
"1275",98.4599990844727
"1276",99.5800018310547
"1277",98.9499969482422
"1278",99.4000015258789
"1279",99.6999969482422
"1280",99.5599975585938
"1281",98.7799987792969
"1282",98.4800033569336
"1283",97.6100006103516
"1284",96.3600006103516
"1285",97.8399963378906
"1286",96.9100036621094
"1287",98.4100036621094
"1288",98.7099990844727
"1289",99.8399963378906
"1290",98.6699981689453
"1291",100.910003662109
"1292",100.73999786377
"1293",101.800003051758
"1294",102.309997558594
"1295",103.23999786377
"1296",105.839996337891
"1297",106.279998779297
"1298",107.830001831055
"1299",109.769996643066
"1300",108.559997558594
"1301",106.550003051758
"1302",107.069999694824
"1303",108.839996337891
"1304",106.699996948242
"1305",106.720001220703
"1306",104.699996948242
"1307",106.160003662109
"1308",106.580001831055
"1309",107.400001525879
"1310",106.339996337891
"1311",106.709999084473
"1312",105.430000305176
"1313",105.110000610352
"1314",107.059997558594
"1315",108.089996337891
"1316",105.610000610352
"1317",107.269996643066
"1318",105.349998474121
"1319",106.870002746582
"1320",107.029998779297
"1321",107.330001831055
"1322",105.410003662109
"1323",102.779998779297
"1324",103.019996643066
"1325",105.230003356934
"1326",104.01000213623
"1327",101.470001220703
"1328",103.309997558594
"1329",102.459999084473
"1330",101.019996643066
"1331",102.699996948242
"1332",103.639999389648
"1333",102.830001831055
"1334",102.930000305176
"1335",104.199996948242
"1336",102.669998168945
"1337",102.269996643066
"1338",103.050003051758
"1339",103.110000610352
"1340",103.550003051758
"1341",104.120002746582
"1342",104.550003051758
"1343",104.930000305176
"1344",104.870002746582
"1345",106.160003662109
"1346",105.220001220703
"1347",102.540000915527
"1348",98.4899978637695
"1349",97.9400024414062
"1350",97.0100021362305
"1351",96.8099975585938
"1352",97.0800018310547
"1353",96.129997253418
"1354",94.7799987792969
"1355",93.9800033569336
"1356",92.8099975585938
"1357",92.5599975585938
"1358",91.4800033569336
"1359",92.5699996948242
"1360",91.6600036621094
"1361",89.9000015258789
"1362",90.6600036621094
"1363",90.8600006103516
"1364",90.7600021362305
"1365",87.8199996948242
"1366",86.5299987792969
"1367",83.2300033569336
"1368",83.9800033569336
"1369",84.2900009155273
"1370",85.0199966430664
"1371",84.8199996948242
"1372",84.0999984741211
"1373",82.6999969482422
"1374",83.3199996948242
"1375",82.620002746582
"1376",83.9100036621094
"1377",84.0299987792969
"1378",83.2699966430664
"1379",84.0299987792969
"1380",81.8000030517578
"1381",78.1999969482422
"1382",79.7600021362305
"1383",79.2099990844727
"1384",79.3600006103516
"1385",80.2099990844727
"1386",77.6900024414062
"1387",84.9599990844727
"1388",83.75
"1389",87.6600036621094
"1390",87.2200012207031
"1391",84.4499969482422
"1392",85.9899978637695
"1393",83.9100036621094
"1394",85.8099975585938
"1395",86.0800018310547
"1396",87.0999984741211
"1397",88.4300003051758
"1398",89.2200012207031
"1399",89.870002746582
"1400",92.6600036621094
"1401",91.4400024414062
"1402",88.1399993896484
"1403",88.5
"1404",88.9700012207031
"1405",89.3899993896484
"1406",90.129997253418
"1407",89.7799987792969
"1408",88.0599975585938
"1409",88.9100036621094
"1410",87.129997253418
"1411",91.4000015258789
"1412",92.1999969482422
"1413",93.6699981689453
"1414",93.3499984741211
"1415",93.3600006103516
"1416",92.870002746582
"1417",92.7300033569336
"1418",93.4300003051758
"1419",94.3300018310547
"1420",95.5999984741211
"1421",96.0100021362305
"1422",95.9700012207031
"1423",96.6800003051758
"1424",97.2600021362305
"1425",96.2699966430664
"1426",96.1500015258789
"1427",95.4700012207031
"1428",96.3300018310547
"1429",95.4899978637695
"1430",94.620002746582
"1431",96.4700012207031
"1432",95.3000030517578
"1433",95.3600006103516
"1434",95.5299987792969
"1435",96.4199981689453
"1436",96.5400009155273
"1437",97.1699981689453
"1438",97.0100021362305
"1439",98.3099975585938
"1440",99
"1441",96.620002746582
"1442",95.2900009155273
"1443",91.9800033569336
"1444",91.870002746582
"1445",92.8899993896484
"1446",91.9300003051758
"1447",91.370002746582
"1448",89.9800033569336
"1449",91.8499984741211
"1450",92.1900024414062
"1451",92.4800033569336
"1452",91.8899993896484
"1453",88.1399993896484
"1454",91.7099990844727
"1455",89.879997253418
"1456",89.3300018310547
"1457",92.3899993896484
"1458",91.25
"1459",92.0699996948242
"1460",91.8600006103516
"1461",91.8499984741211
"1462",92.0899963378906
"1463",92.120002746582
"1464",92.0999984741211
"1465",90.0500030517578
"1466",88.7300033569336
"1467",86.6699981689453
"1468",85.7300033569336
"1469",86.0500030517578
"1470",86.2799987792969
"1471",86.2399978637695
"1472",87.0899963378906
"1473",84.8600006103516
"1474",85.6500015258789
"1475",88.7099990844727
"1476",84.4400024414062
"1477",85.0899963378906
"1478",86.0699996948242
"1479",85.5699996948242
"1480",85.379997253418
"1481",86.3199996948242
"1482",85.4499969482422
"1483",86.6699981689453
"1484",89.2799987792969
"1485",86.75
"1486",87.379997253418
"1487",88.2799987792969
"1488",87.7399978637695
"1489",87.1800003051758
"1490",86.4899978637695
"1491",88.0699996948242
"1492",88.9100036621094
"1493",89.0899963378906
"1494",88.5
"1495",87.879997253418
"1496",86.2600021362305
"1497",85.9300003051758
"1498",85.5599975585938
"1499",85.7900009155273
"1500",86.7699966430664
"1501",85.8899993896484
"1502",86.7300033569336
"1503",87.1999969482422
"1504",87.9300003051758
"1505",89.5100021362305
"1506",90.129997253418
"1507",88.6600036621094
"1508",88.6100006103516
"1509",90.9800033569336
"1510",90.870002746582
"1511",90.8000030517578
"1512",91.8199996948242
"1513",93.120002746582
"1514",92.9199981689453
"1515",93.0899963378906
"1516",93.1900024414062
"1517",93.1500015258789
"1518",93.0999984741211
"1519",93.8199996948242
"1520",93.5599975585938
"1521",94.1399993896484
"1522",93.2799987792969
"1523",94.2399978637695
"1524",95.4899978637695
"1525",95.5599975585938
"1526",96.2399978637695
"1527",95.2300033569336
"1528",95.9499969482422
"1529",95.879997253418
"1530",96.4400024414062
"1531",97.5699996948242
"1532",97.9400024414062
"1533",97.4899978637695
"1534",97.7699966430664
"1535",96.1699981689453
"1536",96.6399993896484
"1537",96.620002746582
"1538",95.8300018310547
"1539",95.7200012207031
"1540",97.0299987792969
"1541",97.5100021362305
"1542",97.0100021362305
"1543",97.3099975585938
"1544",95.8600006103516
"1545",96.6600036621094
"1546",94.4599990844727
"1547",92.8399963378906
"1548",93.129997253418
"1549",93.1100006103516
"1550",92.629997253418
"1551",92.7600021362305
"1552",92.0500030517578
"1553",90.6800003051758
"1554",90.120002746582
"1555",90.8199996948242
"1556",90.4300003051758
"1557",91.5599975585938
"1558",91.9499969482422
"1559",92.0599975585938
"1560",92.5400009155273
"1561",92.5199966430664
"1562",93.0299987792969
"1563",93.4499969482422
"1564",93.7399978637695
"1565",92.1600036621094
"1566",92.9599990844727
"1567",92.4499969482422
"1568",93.7099990844727
"1569",94.8099975585938
"1570",96.3399963378906
"1571",96.5800018310547
"1572",97.2300033569336
"1573",NA
"1574",97.0699996948242
"1575",97.1900024414062
"1576",94.4499969482422
"1577",93.2600021362305
"1578",92.6999969482422
"1579",93.3600006103516
"1580",94.1999969482422
"1581",94.6399993896484
"1582",93.5100021362305
"1583",91.2900009155273
"1584",88.7099990844727
"1585",88.7200012207031
"1586",86.6800003051758
"1587",87.7300033569336
"1588",88.0100021362305
"1589",88.7600021362305
"1590",89.1800003051758
"1591",91.4300003051758
"1592",93.6399993896484
"1593",93
"1594",94.5
"1595",93.4599990844727
"1596",91.0299987792969
"1597",93.9899978637695
"1598",95.6100006103516
"1599",96.1600036621094
"1600",95.620002746582
"1601",96.620002746582
"1602",96.3899993896484
"1603",96.0400009155273
"1604",95.1699981689453
"1605",94.2099990844727
"1606",94.3000030517578
"1607",95.1600036621094
"1608",96.0199966430664
"1609",96.7099990844727
"1610",96.1600036621094
"1611",94.2799987792969
"1612",94.25
"1613",94.1500015258789
"1614",95.0100021362305
"1615",93.129997253418
"1616",93.6100006103516
"1617",91.9700012207031
"1618",93.4499969482422
"1619",93.3099975585938
"1620",93.7399978637695
"1621",94.7600021362305
"1622",96.0299987792969
"1623",95.7699966430664
"1624",95.379997253418
"1625",95.879997253418
"1626",96.6900024414062
"1627",97.8499984741211
"1628",97.7699966430664
"1629",98.4400024414062
"1630",98.2399978637695
"1631",95.4000015258789
"1632",93.6900024414062
"1633",95.1800003051758
"1634",95.3199996948242
"1635",95.5
"1636",97.0500030517578
"1637",96.5599975585938
"1638",97.9899978637695
"1639",99.5999984741211
"1640",101.23999786377
"1641",103.220001220703
"1642",103.139999389648
"1643",103.529998779297
"1644",106.519996643066
"1645",104.910003662109
"1646",105.949996948242
"1647",106.319999694824
"1648",106
"1649",106.480003356934
"1650",108.040000915527
"1651",108.050003051758
"1652",106.910003662109
"1653",107.230003356934
"1654",105.389999389648
"1655",105.48999786377
"1656",104.699996948242
"1657",104.550003051758
"1658",103.080001831055
"1659",105.029998779297
"1660",107.889999389648
"1661",106.940002441406
"1662",106.559997558594
"1663",105.300003051758
"1664",104.370002746582
"1665",103.400001525879
"1666",105.970001220703
"1667",106.110000610352
"1668",106.830001831055
"1669",106.849998474121
"1670",107.330001831055
"1671",107.459999084473
"1672",107.099998474121
"1673",104.970001220703
"1674",103.849998474121
"1675",105.029998779297
"1676",106.419998168945
"1677",105.919998168945
"1678",109.01000213623
"1679",110.099998474121
"1680",108.800003051758
"1681",107.650001525879
"1682",108.540000915527
"1683",107.230003356934
"1684",108.370002746582
"1685",110.529998779297
"1686",109.519996643066
"1687",107.389999389648
"1688",107.559997558594
"1689",108.599998474121
"1690",108.209999084473
"1691",106.589996337891
"1692",105.419998168945
"1693",108.069999694824
"1694",106.389999389648
"1695",104.680000305176
"1696",103.589996337891
"1697",103.129997253418
"1698",102.660003662109
"1699",103.029998779297
"1700",102.870002746582
"1701",102.330001831055
"1702",102.040000915527
"1703",104.099998474121
"1704",103.309997558594
"1705",103.839996337891
"1706",103.029998779297
"1707",103.48999786377
"1708",101.610000610352
"1709",103.01000213623
"1710",102.019996643066
"1711",102.410003662109
"1712",101.209999084473
"1713",102.290000915527
"1714",100.669998168945
"1715",100.809997558594
"1716",99.2200012207031
"1717",97.8000030517578
"1718",96.8600006103516
"1719",97.1100006103516
"1720",97.8499984741211
"1721",98.6800003051758
"1722",98.1999969482422
"1723",96.7699966430664
"1724",96.379997253418
"1725",94.6100006103516
"1726",94.620002746582
"1727",93.370002746582
"1728",94.8000030517578
"1729",94.1999969482422
"1730",94.5999984741211
"1731",95.1399993896484
"1732",93.0400009155273
"1733",93.879997253418
"1734",93.7600021362305
"1735",93.8399963378906
"1736",93.0299987792969
"1737",93.3399963378906
"1738",93.3300018310547
"1739",95.4400024414062
"1740",94.8399963378906
"1741",94.0899963378906
"1742",93.6800003051758
"1743",92.3000030517578
"1744",92.7200012207031
"1745",93.8199996948242
"1746",96.0400009155273
"1747",97.1999969482422
"1748",97.379997253418
"1749",97.6500015258789
"1750",97.3399963378906
"1751",98.5100021362305
"1752",97.4400024414062
"1753",97.5
"1754",96.5999984741211
"1755",97.4800033569336
"1756",97.2200012207031
"1757",97.8000030517578
"1758",98.7699966430664
"1759",99.3199996948242
"1760",98.9100036621094
"1761",99.2200012207031
"1762",99.5500030517578
"1763",100.319999694824
"1764",99.2900009155273
"1765",98.4199981689453
"1766",95.4400024414062
"1767",93.9599990844727
"1768",93.4300003051758
"1769",93.6699981689453
"1770",92.3300018310547
"1771",91.6600036621094
"1772",92.7200012207031
"1773",91.8000030517578
"1774",92.5899963378906
"1775",94.1699981689453
"1776",93.9599990844727
"1777",94.370002746582
"1778",94.9899978637695
"1779",96.7300033569336
"1780",97.3199996948242
"1781",96.6399993896484
"1782",95.7200012207031
"1783",97.4100036621094
"1784",97.3600006103516
"1785",98.2300033569336
"1786",97.4899978637695
"1787",96.4300003051758
"1788",97.1900024414062
"1789",97.379997253418
"1790",97.8399963378906
"1791",99.879997253418
"1792",100.059997558594
"1793",99.9400024414062
"1794",100.370002746582
"1795",100.349998474121
"1796",100.300003051758
"1797",102.430000305176
"1798",103.309997558594
"1799",102.919998168945
"1800",102.199996948242
"1801",102.819999694824
"1802",101.830001831055
"1803",102.589996337891
"1804",102.400001525879
"1805",102.589996337891
"1806",104.919998168945
"1807",103.330001831055
"1808",101.449996948242
"1809",101.559997558594
"1810",102.580001831055
"1811",101.120002746582
"1812",100.029998779297
"1813",97.9899978637695
"1814",98.1999969482422
"1815",98.8899993896484
"1816",98.0800018310547
"1817",99.6999969482422
"1818",100.370002746582
"1819",99.4300003051758
"1820",99.4599990844727
"1821",99.5999984741211
"1822",99.1900024414062
"1823",100.26000213623
"1824",101.279998779297
"1825",101.669998168945
"1826",101.580001831055
"1827",99.7399978637695
"1828",99.620002746582
"1829",100.290000915527
"1830",101.139999389648
"1831",100.440002441406
"1832",102.559997558594
"1833",103.599998474121
"1834",103.400001525879
"1835",103.73999786377
"1836",104.050003051758
"1837",103.75
"1838",103.76000213623
"1839",104.300003051758
"1840",104.370002746582
"1841",102.129997253418
"1842",101.440002441406
"1843",101.940002441406
"1844",100.599998474121
"1845",100.839996337891
"1846",101.279998779297
"1847",99.7399978637695
"1848",99.4199981689453
"1849",99.7600021362305
"1850",99.4800033569336
"1851",99.5
"1852",100.769996643066
"1853",100.26000213623
"1854",99.9899978637695
"1855",100.589996337891
"1856",101.699996948242
"1857",102.370002746582
"1858",101.5
"1859",102.019996643066
"1860",102.610000610352
"1861",102.440002441406
"1862",104.069999694824
"1863",103.73999786377
"1864",104.349998474121
"1865",104.110000610352
"1866",102.720001220703
"1867",103.580001831055
"1868",102.709999084473
"1869",102.470001220703
"1870",102.660003662109
"1871",102.639999389648
"1872",102.480003356934
"1873",102.660003662109
"1874",104.410003662109
"1875",104.349998474121
"1876",104.400001525879
"1877",106.529998779297
"1878",106.910003662109
"1879",106.900001525879
"1880",106.360000610352
"1881",105.970001220703
"1882",106.430000305176
"1883",107.26000213623
"1884",106.169998168945
"1885",106.029998779297
"1886",106.5
"1887",105.839996337891
"1888",105.73999786377
"1889",105.370002746582
"1890",105.339996337891
"1891",104.480003356934
"1892",104.059997558594
"1893",103.529998779297
"1894",103.400001525879
"1895",102.290000915527
"1896",102.930000305176
"1897",100.830001831055
"1898",100.910003662109
"1899",99.9599990844727
"1900",101.199996948242
"1901",103.190002441406
"1902",103.129997253418
"1903",104.589996337891
"1904",104.419998168945
"1905",103.120002746582
"1906",102.069999694824
"1907",102.089996337891
"1908",101.669998168945
"1909",100.970001220703
"1910",100.269996643066
"1911",98.1699981689453
"1912",97.879997253418
"1913",98.2900009155273
"1914",97.379997253418
"1915",96.9199981689453
"1916",97.3399963378906
"1917",97.6500015258789
"1918",98.0800018310547
"1919",97.370002746582
"1920",97.5899963378906
"1921",95.5800018310547
"1922",97.3499984741211
"1923",96.4100036621094
"1924",94.4800033569336
"1925",96.0699996948242
"1926",93.9599990844727
"1927",93.6500015258789
"1928",93.3499984741211
"1929",93.8600006103516
"1930",93.879997253418
"1931",94.5500030517578
"1932",95.9599990844727
"1933",92.879997253418
"1934",95.5400009155273
"1935",94.4499969482422
"1936",93.2900009155273
"1937",92.6600036621094
"1938",92.75
"1939",91.6699981689453
"1940",92.8300018310547
"1941",92.2699966430664
"1942",92.9199981689453
"1943",94.879997253418
"1944",94.4199981689453
"1945",93.0699996948242
"1946",92.4100036621094
"1947",91.5199966430664
"1948",91.5599975585938
"1949",92.8000030517578
"1950",92.5299987792969
"1951",93.5400009155273
"1952",94.5699996948242
"1953",91.1600036621094
"1954",90.7300033569336
"1955",91.0100021362305
"1956",89.7399978637695
"1957",90.3399963378906
"1958",88.8499984741211
"1959",87.3099975585938
"1960",85.7699966430664
"1961",85.8199996948242
"1962",85.7399978637695
"1963",81.8399963378906
"1964",81.7799987792969
"1965",82.6999969482422
"1966",82.75
"1967",82.7099990844727
"1968",82.8099975585938
"1969",80.5199966430664
"1970",82.0899963378906
"1971",81.0100021362305
"1972",81
"1973",81.4199981689453
"1974",82.1999969482422
"1975",81.120002746582
"1976",80.5400009155273
"1977",78.7799987792969
"1978",77.1900024414062
"1979",78.6800003051758
"1980",77.9100036621094
"1981",78.6500015258789
"1982",77.4000015258789
"1983",77.9400024414062
"1984",77.1800003051758
"1985",74.2099990844727
"1986",75.8199996948242
"1987",75.6399993896484
"1988",74.6100006103516
"1989",74.5800018310547
"1990",75.5800018310547
"1991",76.5100021362305
"1992",75.7799987792969
"1993",74.0899963378906
"1994",73.6900024414062
"1995",66.1500015258789
"1996",69
"1997",66.879997253418
"1998",67.379997253418
"1999",66.8099975585938
"2000",65.8399963378906
"2001",63.0499992370605
"2002",63.8199996948242
"2003",60.939998626709
"2004",59.9500007629395
"2005",57.810001373291
"2006",55.9099998474121
"2007",55.9300003051758
"2008",56.4700012207031
"2009",54.1100006103516
"2010",56.5200004577637
"2011",55.2599983215332
"2012",57.1199989318848
"2013",55.8400001525879
"2014",54.7299995422363
"2015",53.6100006103516
"2016",54.1199989318848
"2017",53.2700004577637
"2018",52.689998626709
"2019",50.0400009155273
"2020",47.9300003051758
"2021",48.6500015258789
"2022",48.7900009155273
"2023",48.3600006103516
"2024",46.0699996948242
"2025",45.8899993896484
"2026",48.4799995422363
"2027",46.25
"2028",48.689998626709
"2029",46.3899993896484
"2030",47.7799987792969
"2031",46.310001373291
"2032",45.5900001525879
"2033",45.1500015258789
"2034",46.2299995422363
"2035",44.4500007629395
"2036",44.5299987792969
"2037",48.2400016784668
"2038",49.5699996948242
"2039",53.0499992370605
"2040",48.4500007629395
"2041",50.4799995422363
"2042",51.689998626709
"2043",52.8600006103516
"2044",50.0200004577637
"2045",48.8400001525879
"2046",51.2099990844727
"2047",52.7799987792969
"2048",53.5299987792969
"2049",52.1399993896484
"2050",51.1599998474121
"2051",50.3400001525879
"2052",49.4500007629395
"2053",49.2799987792969
"2054",50.9900016784668
"2055",48.1699981689453
"2056",49.7599983215332
"2057",49.5900001525879
"2058",50.5200004577637
"2059",51.5299987792969
"2060",50.7599983215332
"2061",49.6100006103516
"2062",50
"2063",48.2900009155273
"2064",48.1699981689453
"2065",47.0499992370605
"2066",44.8400001525879
"2067",43.8800010681152
"2068",43.4599990844727
"2069",44.6599998474121
"2070",43.9599990844727
"2071",45.7200012207031
"2072",47.4500007629395
"2073",47.5099983215332
"2074",49.2099990844727
"2075",51.4300003051758
"2076",48.8699989318848
"2077",48.6800003051758
"2078",47.5999984741211
"2079",50.0900001525879
"2080",49.1399993896484
"2081",52.1399993896484
"2082",53.9799995422363
"2083",50.4199981689453
"2084",50.7900009155273
"2085",51.6399993896484
"2086",51.9099998474121
"2087",53.2900009155273
"2088",56.3899993896484
"2089",56.7099990844727
"2090",55.7400016784668
"2091",56.3800010681152
"2092",55.2599983215332
"2093",56.1599998474121
"2094",57.7400016784668
"2095",57.1500015258789
"2096",56.9900016784668
"2097",57.060001373291
"2098",58.5800018310547
"2099",59.6300010681152
"2100",59.1500015258789
"2101",58.9300003051758
"2102",60.4000015258789
"2103",60.9300003051758
"2104",58.939998626709
"2105",59.3899993896484
"2106",59.25
"2107",60.75
"2108",60.5
"2109",59.8800010681152
"2110",59.689998626709
"2111",59.4300003051758
"2112",57.2599983215332
"2113",58.9799995422363
"2114",60.7200012207031
"2115",59.7200012207031
"2116",58.0299987792969
"2117",57.5099983215332
"2118",57.6800003051758
"2119",60.2999992370605
"2120",60.2000007629395
"2121",61.2599983215332
"2122",59.6399993896484
"2123",58
"2124",59.1300010681152
"2125",58.1399993896484
"2126",60.1399993896484
"2127",61.4300003051758
"2128",60.7700004577637
"2129",59.9599990844727
"2130",59.5200004577637
"2131",59.9700012207031
"2132",59.9199981689453
"2133",60.4500007629395
"2134",59.6100006103516
"2135",59.6800003051758
"2136",61.0099983215332
"2137",60.2700004577637
"2138",59.7000007629395
"2139",59.6300010681152
"2140",58.3300018310547
"2141",59.4700012207031
"2142",56.9599990844727
"2143",56.9300003051758
"2144",52.5299987792969
"2145",52.3300018310547
"2146",51.6500015258789
"2147",52.7799987792969
"2148",52.7400016784668
"2149",52.2000007629395
"2150",53.0400009155273
"2151",51.4099998474121
"2152",50.9099998474121
"2153",50.8899993896484
"2154",50.1500015258789
"2155",50.3600006103516
"2156",49.189998626709
"2157",48.4500007629395
"2158",48.1399993896484
"2159",47.3899993896484
"2160",47.9799995422363
"2161",48.7900009155273
"2162",48.5200004577637
"2163",47.1199989318848
"2164",45.1699981689453
"2165",45.7400016784668
"2166",45.1500015258789
"2167",44.6599998474121
"2168",43.8699989318848
"2169",44.9599990844727
"2170",43.0800018310547
"2171",43.2999992370605
"2172",42.2299995422363
"2173",42.5
"2174",41.8699989318848
"2175",42.6199989318848
"2176",40.7999992370605
"2177",41.1399993896484
"2178",40.4500007629395
"2179",38.2400016784668
"2180",39.310001373291
"2181",38.5999984741211
"2182",42.560001373291
"2183",45.2200012207031
"2184",49.2000007629395
"2185",45.4099998474121
"2186",46.25
"2187",46.75
"2188",46.0499992370605
"2189",45.939998626709
"2190",44.1500015258789
"2191",45.9199981689453
"2192",44.6300010681152
"2193",44
"2194",44.5900001525879
"2195",47.1500015258789
"2196",46.9000015258789
"2197",44.6800003051758
"2198",46.6800003051758
"2199",45.8300018310547
"2200",44.4799995422363
"2201",44.9099998474121
"2202",45.7000007629395
"2203",44.4300003051758
"2204",45.2299995422363
"2205",45.0900001525879
"2206",44.7400016784668
"2207",45.5400009155273
"2208",46.2599983215332
"2209",48.5299987792969
"2210",47.810001373291
"2211",49.4300003051758
"2212",49.6300010681152
"2213",47.0999984741211
"2214",46.6599998474121
"2215",46.6399993896484
"2216",46.3800010681152
"2217",47.2599983215332
"2218",45.8899993896484
"2219",45.5499992370605
"2220",45.2000007629395
"2221",45.3800010681152
"2222",44.5999984741211
"2223",43.9799995422363
"2224",43.2000007629395
"2225",45.939998626709
"2226",46.060001373291
"2227",46.5900001525879
"2228",46.1399993896484
"2229",47.9000015258789
"2230",46.3199996948242
"2231",45.2000007629395
"2232",44.2900009155273
"2233",43.8699989318848
"2234",44.2099990844727
"2235",42.9300003051758
"2236",41.75
"2237",40.7400016784668
"2238",41.7400016784668
"2239",40.6699981689453
"2240",40.75
"2241",40.5400009155273
"2242",40.3899993896484
"2243",41.75
"2244",42.8699989318848
"2245",43.0400009155273
"2246",41.7099990844727
"2247",41.6500015258789
"2248",41.8499984741211
"2249",39.939998626709
"2250",41.0800018310547
"2251",39.9700012207031
"2252",37.6500015258789
"2253",37.5099983215332
"2254",37.1599998474121
"2255",36.7599983215332
"2256",35.6199989318848
"2257",36.310001373291
"2258",37.3499984741211
"2259",35.5200004577637
"2260",34.9500007629395
"2261",34.7299995422363
"2262",34.7400016784668
"2263",36.1399993896484
"2264",37.5
"2265",38.0999984741211
"2266",36.810001373291
"2267",37.8699989318848
"2268",36.5999984741211
"2269",37.0400009155273
"2270",36.7599983215332
"2271",35.9700012207031
"2272",33.9700012207031
"2273",33.2700004577637
"2274",33.1599998474121
"2275",31.4099998474121
"2276",30.4400005340576
"2277",30.4799995422363
"2278",31.2000007629395
"2279",29.4200000762939
"2280",NA
"2281",28.4599990844727
"2282",26.5499992370605
"2283",29.5300006866455
"2284",32.189998626709
"2285",30.3400001525879
"2286",31.4500007629395
"2287",32.2999992370605
"2288",33.2200012207031
"2289",33.6199989318848
"2290",31.6200008392334
"2291",29.8799991607666
"2292",32.2799987792969
"2293",31.7199993133545
"2294",30.8899993896484
"2295",29.6900005340576
"2296",27.9400005340576
"2297",27.4500007629395
"2298",26.2099990844727
"2299",29.4400005340576
"2300",NA
"2301",29.0400009155273
"2302",30.6599998474121
"2303",30.7700004577637
"2304",29.6399993896484
"2305",31.4799995422363
"2306",31.8700008392334
"2307",32.1500015258789
"2308",33.0699996948242
"2309",32.7799987792969
"2310",33.75
"2311",34.4000015258789
"2312",34.6599998474121
"2313",34.5699996948242
"2314",35.9199981689453
"2315",37.9000015258789
"2316",36.5
"2317",38.2900009155273
"2318",37.8400001525879
"2319",38.5
"2320",37.1800003051758
"2321",36.3400001525879
"2322",38.4599990844727
"2323",40.2000007629395
"2324",39.439998626709
"2325",39.9099998474121
"2326",41.4500007629395
"2327",39.7900009155273
"2328",39.4599990844727
"2329",39.3899993896484
"2330",38.2799987792969
"2331",38.3199996948242
"2332",38.3400001525879
"2333",36.7900009155273
"2334",35.7000007629395
"2335",35.8899993896484
"2336",37.75
"2337",37.2599983215332
"2338",39.7200012207031
"2339",40.3600006103516
"2340",42.1699981689453
"2341",41.7599983215332
"2342",41.5
"2343",40.3600006103516
"2344",39.7799987792969
"2345",41.0800018310547
"2346",42.6300010681152
"2347",43.1800003051758
"2348",43.7299995422363
"2349",42.6399993896484
"2350",44.0400009155273
"2351",45.3300018310547
"2352",46.0299987792969
"2353",45.9199981689453
"2354",44.7799987792969
"2355",43.6500015258789
"2356",43.7799987792969
"2357",44.3199996948242
"2358",44.6599998474121
"2359",43.439998626709
"2360",44.6599998474121
"2361",46.2299995422363
"2362",46.7000007629395
"2363",46.2099990844727
"2364",47.7200012207031
"2365",48.310001373291
"2366",48.189998626709
"2367",48.1599998474121
"2368",47.75
"2369",48.0800018310547
"2370",48.6199989318848
"2371",49.560001373291
"2372",49.4799995422363
"2373",49.3300018310547
"2374",49.0999984741211
"2375",49.0099983215332
"2376",49.1699981689453
"2377",48.6199989318848
"2378",49.689998626709
"2379",50.3600006103516
"2380",51.2299995422363
"2381",50.560001373291
"2382",49.0699996948242
"2383",48.8800010681152
"2384",48.4900016784668
"2385",48.0099983215332
"2386",46.2099990844727
"2387",47.9799995422363
"2388",49.3699989318848
"2389",48.8499984741211
"2390",49.1300010681152
"2391",50.1100006103516
"2392",47.6399993896484
"2393",46.3300018310547
"2394",47.8499984741211
"2395",49.8800010681152
"2396",48.3300018310547
"2397",48.9900016784668
"2398",46.5999984741211
"2399",47.4300003051758
"2400",45.1399993896484
"2401",45.4099998474121
"2402",44.7599983215332
"2403",46.7999992370605
"2404",44.75
"2405",45.6800003051758
"2406",45.9500007629395
"2407",45.2400016784668
"2408",44.6500015258789
"2409",44.939998626709
"2410",44.75
"2411",44.189998626709
"2412",43.1300010681152
"2413",42.9199981689453
"2414",41.9199981689453
"2415",41.1399993896484
"2416",41.5999984741211
"2417",40.060001373291
"2418",39.5099983215332
"2419",40.8300018310547
"2420",41.9300003051758
"2421",41.7999992370605
"2422",43.0200004577637
"2423",42.7700004577637
"2424",41.7099990844727
"2425",43.4900016784668
"2426",44.4900016784668
"2427",45.7400016784668
"2428",46.5800018310547
"2429",46.7900009155273
"2430",48.2200012207031
"2431",48.5200004577637
"2432",47.0499992370605
"2433",48.0999984741211
"2434",46.7700004577637
"2435",47.3300018310547
"2436",47.6399993896484
"2437",46.9799995422363
"2438",46.3499984741211
"2439",44.7000007629395
"2440",43.1599998474121
"2441",44.439998626709
"2442",44.8300018310547
"2443",45.5
"2444",47.6199989318848
"2445",45.8800010681152
"2446",46.2900009155273
"2447",44.9000015258789
"2448",43.5800018310547
"2449",43.9099998474121
"2450",43.0299987792969
"2451",43.2999992370605
"2452",43.439998626709
"2453",45.3400001525879
"2454",46.3199996948242
"2455",44.4799995422363
"2456",45.9300003051758
"2457",44.6699981689453
"2458",47.0499992370605
"2459",47.8300018310547
"2460",48.2400016784668
"2461",48.810001373291
"2462",48.689998626709
"2463",49.8300018310547
"2464",50.439998626709
"2465",49.810001373291
"2466",50.7900009155273
"2467",50.1800003051758
"2468",50.439998626709
"2469",50.3499984741211
"2470",49.939998626709
"2471",50.2900009155273
"2472",51.5999984741211
"2473",50.4300003051758
"2474",50.8499984741211
"2475",50.5200004577637
"2476",49.9599990844727
"2477",49.1800003051758
"2478",49.7200012207031
"2479",48.7000007629395
"2480",46.8600006103516
"2481",46.6699981689453
"2482",45.3400001525879
"2483",44.6599998474121
"2484",44.0699996948242
"2485",44.8899993896484
"2486",44.9799995422363
"2487",45.2700004577637
"2488",44.6599998474121
"2489",43.3199996948242
"2490",45.810001373291
"2491",45.5699996948242
"2492",45.4199981689453
"2493",45.689998626709
"2494",47.4900016784668
"2495",48.0299987792969
"2496",47.9599990844727
"2497",46.060001373291
"2498",47.0800018310547
"2499",45.2299995422363
"2500",49.439998626709
"2501",51.060001373291
"2502",51.6800003051758
"2503",51.7900009155273
"2504",50.9300003051758
"2505",49.7700004577637
"2506",50.8400001525879
"2507",51.5
"2508",52.8300018310547
"2509",52.9799995422363
"2510",51.0400009155273
"2511",50.9000015258789
"2512",51.9000015258789
"2513",52.1199989318848
"2514",52.2299995422363
"2515",52.4900016784668
"2516",52.9500007629395
"2517",53.0200004577637
"2518",53.9000015258789
"2519",54.060001373291
"2520",53.7700004577637
"2521",53.7200012207031
"2522",52.3300018310547
"2523",53.2599983215332
"2524",53.7599983215332
"2525",53.9900016784668
"2526",51.9599990844727
"2527",50.8199996948242
"2528",52.25
"2529",53.0099983215332
"2530",52.3699989318848
"2531",52.4799995422363
"2532",51.0800018310547
"2533",51.3699989318848
"2534",52.4199981689453
"2535",52.75
"2536",53.1800003051758
"2537",52.75
"2538",53.7799987792969
"2539",53.1699981689453
"2540",52.6300010681152
"2541",52.810001373291
"2542",53.8800010681152
"2543",53.5400009155273
"2544",53.8300018310547
"2545",53.0099983215332
"2546",52.1699981689453
"2547",52.3400001525879
"2548",53
"2549",53.8600006103516
"2550",52.9300003051758
"2551",53.2000007629395
"2552",53.1100006103516
"2553",53.3600006103516
"2554",53.4000015258789
"2555",54.060001373291
"2556",53.5900001525879
"2557",54.4500007629395
"2558",53.9900016784668
"2559",54.0499992370605
"2560",54.0099983215332
"2561",53.8300018310547
"2562",52.6100006103516
"2563",53.3300018310547
"2564",53.2000007629395
"2565",53.1399993896484
"2566",50.2799987792969
"2567",49.2799987792969
"2568",48.4900016784668
"2569",48.4000015258789
"2570",47.7200012207031
"2571",48.8600006103516
"2572",48.75
"2573",48.7799987792969
"2574",48.2200012207031
"2575",47.3400001525879
"2576",48.0400009155273
"2577",47.7000007629395
"2578",47.9700012207031
"2579",47.7299995422363
"2580",48.3699989318848
"2581",49.5099983215332
"2582",50.3499984741211
"2583",50.5999984741211
"2584",50.2400016784668
"2585",51.0299987792969
"2586",51.1500015258789
"2587",51.7000007629395
"2588",52.2400016784668
"2589",53.0800018310547
"2590",53.4000015258789
"2591",53.1100006103516
"2592",53.1800003051758
"2593",52.6500015258789
"2594",52.4099998474121
"2595",50.439998626709
"2596",50.2700004577637
"2597",49.6199989318848
"2598",49.2299995422363
"2599",49.560001373291
"2600",49.6199989318848
"2601",48.9700012207031
"2602",49.3300018310547
"2603",48.8400001525879
"2604",47.6599998474121
"2605",47.8199996948242
"2606",45.5200004577637
"2607",46.2200012207031
"2608",46.4300003051758
"2609",45.8800010681152
"2610",47.3300018310547
"2611",47.8300018310547
"2612",47.8400001525879
"2613",48.8499984741211
"2614",48.6599998474121
"2615",49.0699996948242
"2616",49.3499984741211
"2617",50.3300018310547
"2618",50.7299995422363
"2619",51.4700012207031
"2620",51.3600006103516
"2621",48.9000015258789
"2622",49.7999992370605
"2623",49.6599998474121
"2624",48.3199996948242
"2625",48.3600006103516
"2626",47.6599998474121
"2627",47.4000015258789
"2628",48.189998626709
"2629",45.7200012207031
"2630",45.6399993896484
"2631",45.8300018310547
"2632",46.0800018310547
"2633",46.4599990844727
"2634",44.7299995422363
"2635",44.4599990844727
"2636",44.7400016784668
"2637",44.2000007629395
"2638",43.2299995422363
"2639",42.5299987792969
"2640",42.7400016784668
"2641",43.0099983215332
"2642",43.3800010681152
"2643",44.2400016784668
"2644",44.7400016784668
"2645",44.9300003051758
"2646",46.0400009155273
"2647",47.0699996948242
"2648",45.1300010681152
"2649",45.5200004577637
"2650",44.2299995422363
"2651",44.4000015258789
"2652",45.0400009155273
"2653",45.4900016784668
"2654",46.0800018310547
"2655",46.5400009155273
"2656",46.0200004577637
"2657",46.4000015258789
"2658",47.1199989318848
"2659",46.7900009155273
"2660",45.7700004577637
"2661",46.3400001525879
"2662",47.8899993896484
"2663",48.75
"2664",49.0400009155273
"2665",49.7099990844727
"2666",50.1699981689453
"2667",49.1599998474121
"2668",49.5900001525879
"2669",49.0299987792969
"2670",49.5800018310547
"2671",49.3899993896484
"2672",49.1699981689453
"2673",49.560001373291
"2674",48.5900001525879
"2675",48.8199996948242
"2676",47.5900001525879
"2677",47.5499992370605
"2678",46.7799987792969
"2679",47.0900001525879
"2680",48.5099983215332
"2681",47.3699989318848
"2682",47.6399993896484
"2683",48.4099998474121
"2684",47.4300003051758
"2685",47.8699989318848
"2686",46.5699996948242
"2687",46.439998626709
"2688",45.9599990844727
"2689",47.2299995422363
"2690",47.2900009155273
"2691",48.6599998474121
"2692",49.1599998474121
"2693",49.0900001525879
"2694",47.4799995422363
"2695",48.0699996948242
"2696",48.2299995422363
"2697",49.2999992370605
"2698",49.8899993896484
"2699",49.8899993896484
"2700",49.9099998474121
"2701",49.4799995422363
"2702",50.4099998474121
"2703",50.5499992370605
"2704",50.6599998474121
"2705",52.2200012207031
"2706",51.8800010681152
"2707",52.1399993896484
"2708",51.560001373291
"2709",51.6699981689453
"2710",50.5800018310547
"2711",50.4199981689453
"2712",49.9799995422363
"2713",50.7900009155273
"2714",49.2900009155273
"2715",49.5800018310547
"2716",50.9199981689453
"2717",51.2999992370605
"2718",50.5999984741211
"2719",51.4500007629395
"2720",51.8699989318848
"2721",51.8800010681152
"2722",52.0400009155273
"2723",51.2900009155273
"2724",51.4700012207031
"2725",51.9000015258789
"2726",52.4700012207031
"2727",52.1800003051758
"2728",52.6399993896484
"2729",53.9000015258789
"2730",54.1500015258789
"2731",54.3800010681152
"2732",54.2999992370605
"2733",54.5400009155273
"2734",55.6399993896484
"2735",57.3499984741211
"2736",57.2000007629395
"2737",56.810001373291
"2738",57.1699981689453
"2739",56.7400016784668
"2740",56.7599983215332
"2741",55.7000007629395
"2742",55.3300018310547
"2743",55.1399993896484
"2744",56.5499992370605
"2745",56.0900001525879
"2746",56.8300018310547
"2747",58.0200004577637
"2748",58.9500007629395
"2749",58.1100006103516
"2750",57.9900016784668
"2751",57.2999992370605
"2752",57.4000015258789
"2753",58.3600006103516
"2754",57.4700012207031
"2755",57.6199989318848
"2756",55.9599990844727
"2757",56.689998626709
"2758",57.3600006103516
"2759",57.9900016784668
"2760",57.1399993896484
"2761",56.5999984741211
"2762",57.0400009155273
"2763",57.2999992370605
"2764",57.1599998474121
"2765",57.4599990844727
"2766",58.0900001525879
"2767",58.3600006103516
"2768",58.4700012207031
"2769",59.9700012207031
"2770",59.6399993896484
"2771",59.8400001525879
"2772",60.4199981689453
"2773",60.3699989318848
"2774",61.6300010681152
"2775",62.0099983215332
"2776",61.439998626709
"2777",61.7299995422363
"2778",62.9599990844727
"2779",63.5699996948242
"2780",63.7999992370605
"2781",64.3000030517578
"2782",63.7299995422363
"2783",63.9700012207031
"2784",63.9500007629395
"2785",63.3699989318848
"2786",63.4900016784668
"2787",64.4700012207031
"2788",65.6100006103516
"2789",65.5100021362305
"2790",66.1399993896484
"2791",65.5599975585938
"2792",64.5
"2793",64.7300033569336
"2794",65.8000030517578
"2795",65.4499969482422
"2796",64.1500015258789
"2797",63.3899993896484
"2798",61.7900009155273
"2799",61.1500015258789
"2800",59.2000007629395
"2801",59.2900009155273
"2802",59.189998626709
"2803",60.5999984741211
"2804",61.3400001525879
"2805",61.6800003051758
"2806",61.9000015258789
"2807",61.6800003051758
"2808",62.7700004577637
"2809",63.5499992370605
"2810",63.9099998474121
"2811",63.0099983215332
"2812",61.6399993896484
"2813",60.9900016784668
"2814",61.25
"2815",62.5699996948242
"2816",62.5999984741211
"2817",61.1500015258789
"2818",60.1199989318848
"2819",62.0400009155273
"2820",61.3600006103516
"2821",60.7099990844727
"2822",60.9599990844727
"2823",61.189998626709
"2824",62.3400001525879
"2825",62.060001373291
"2826",63.4000015258789
"2827",65.1699981689453
"2828",64.3000030517578
"2829",65.879997253418
"2830",65.5500030517578
"2831",65.25
"2832",64.379997253418
"2833",64.9400024414062
"2834",63.0099983215332
"2835",63.5099983215332
"2836",63.3699989318848
"2837",63.5400009155273
"2838",62.060001373291
"2839",63.4199981689453
"2840",65.5100021362305
"2841",66.8199996948242
"2842",67.0699996948242
"2843",67.3899993896484
"2844",66.2200012207031
"2845",66.5199966430664
"2846",68.4700012207031
"2847",68.2900009155273
"2848",68.379997253418
"2849",68.6399993896484
"2850",67.6999969482422
"2851",68.0500030517578
"2852",68.1900024414062
"2853",68.0999984741211
"2854",68.5699996948242
"2855",67.25
"2856",67.9300003051758
"2857",68.4300003051758
"2858",69.7200012207031
"2859",70.7300033569336
"2860",69.0599975585938
"2861",71.1399993896484
"2862",71.3600006103516
"2863",70.6999969482422
"2864",70.9599990844727
"2865",71.3099975585938
"2866",71.4899978637695
"2867",71.4899978637695
"2868",71.2799987792969
"2869",72.2399978637695
"2870",72.129997253418
"2871",71.8399963378906
"2872",70.7099990844727
"2873",67.879997253418
"2874",66.7300033569336
"2875",68.2099990844727
"2876",67.0400009155273
"2877",65.8099975585938
"2878",64.75
"2879",65.5199966430664
"2880",64.7300033569336
"2881",65.9499969482422
"2882",65.7399978637695
"2883",66.0999984741211
"2884",66.3600006103516
"2885",66.6399993896484
"2886",66.8899993896484
"2887",65.0599975585938
"2888",65.8499984741211
"2889",65.0699996948242
"2890",66.2200012207031
"2891",65.5400009155273
"2892",68.5800018310547
"2893",68.0800018310547
"2894",70.5299987792969
"2895",72.7600021362305
"2896",73.4499969482422
"2897",74.1500015258789
"2898",73.9400024414062
"2899",74.1399993896484
"2900",72.9400024414062
"2901",73.8000030517578
"2902",73.8499984741211
"2903",74.1100006103516
"2904",70.379997253418
"2905",70.3300018310547
"2906",71.0100021362305
"2907",68.0599975585938
"2908",68.0800018310547
"2909",68.7600021362305
"2910",69.4599990844727
"2911",70.4599990844727
"2912",67.8899993896484
"2913",68.5199966430664
"2914",69.3000030517578
"2915",69.6100006103516
"2916",68.6900024414062
"2917",70.129997253418
"2918",68.7600021362305
"2919",67.6600036621094
"2920",68.9599990844727
"2921",68.4899978637695
"2922",69.0100021362305
"2923",69.1699981689453
"2924",66.9400024414062
"2925",66.8099975585938
"2926",67.629997253418
"2927",67.1999969482422
"2928",67.0400009155273
"2929",65.0100021362305
"2930",65.4599990844727
"2931",65.9100036621094
"2932",66.4300003051758
"2933",67.3499984741211
"2934",67.8600006103516
"2935",67.8300018310547
"2936",68.7200012207031
"2937",68.870002746582
"2938",68.5299987792969
"2939",69.5100021362305
"2940",70.25
"2941",69.8000030517578
"2942",69.870002746582
"2943",68.7200012207031
"2944",67.7699966430664
"2945",67.75
"2946",67.5400009155273
"2947",69.25
"2948",70.370002746582
"2949",68.5899963378906
"2950",68.9899978637695
"2951",68.9100036621094
"2952",69.8499984741211
"2953",71.120002746582
"2954",70.8000030517578
"2955",70.7799987792969
"2956",72.0800018310547
"2957",72.2799987792969
"2958",71.5699996948242
"2959",72.120002746582
"2960",73.25
"2961",75.3000030517578
"2962",75.2300033569336
"2963",76.4100036621094
"2964",74.3300018310547
"2965",74.3399963378906
"2966",74.2900009155273
"2967",74.9599990844727
"2968",73.1699981689453
"2969",70.9700012207031
"2970",71.3399963378906
"2971",71.7799987792969
"2972",71.9199981689453
"2973",69.75
"2974",68.6500015258789
"2975",69.120002746582
"2976",69.1699981689453
"2977",66.4300003051758
"2978",66.8199996948242
"2979",67.3300018310547
"2980",67.5899963378906
"2981",67.0400009155273
"2982",66.1800003051758
"2983",65.3099975585938
"2984",63.689998626709
"2985",63.1399993896484
"2986",63.0999984741211
"2987",62.2099990844727
"2988",61.6699981689453
"2989",60.6699981689453
"2990",60.189998626709
"2991",59.9300003051758
"2992",55.689998626709
"2993",56.25
"2994",56.4599990844727
"2995",56.4599990844727
"2996",56.7599983215332
"2997",53.4300003051758
"2998",54.6300010681152
"2999",50.4199981689453
"3000",51.6300010681152
"3001",51.560001373291
"3002",50.2900009155273
"3003",51.4500007629395
"3004",50.9300003051758
"3005",52.9500007629395
"3006",53.25
"3007",51.4900016784668
"3008",52.6100006103516
"3009",51
"3010",51.6500015258789
"3011",51.1500015258789
"3012",52.5800018310547
"3013",51.2000007629395
"3014",49.8800010681152
"3015",46.2400016784668
"3016",47.2000007629395
"3017",45.8800010681152
"3018",45.5900001525879
"3019",42.5299987792969
"3020",46.2200012207031
"3021",44.6100006103516
"3022",45.3300018310547
"3023",45.4099998474121
"3024",46.5400009155273
"3025",47.0900001525879
"3026",47.9599990844727
"3027",48.5200004577637
"3028",49.7799987792969
"3029",52.3600006103516
"3030",52.5900001525879
"3031",51.5900001525879
"3032",50.5099983215332
"3033",52.1100006103516
"3034",52.310001373291
"3035",52.0699996948242
"3036",53.7999992370605
"3037",52.5699996948242
"3038",52.6199989318848
"3039",53.1300010681152
"3040",53.689998626709
"3041",51.9900016784668
"3042",53.310001373291
"3043",54.2299995422363
"3044",53.7900009155273
"3045",55.2599983215332
"3046",54.560001373291
"3047",53.6599998474121
"3048",54.0099983215332
"3049",52.6399993896484
"3050",52.7200012207031
"3051",52.4099998474121
"3052",53.0999984741211
"3053",53.9000015258789
"3054",54.4099998474121
"3055",55.5900001525879
"3056",56.0900001525879
"3057",56.9199981689453
"3058",56.9599990844727
"3059",57.2599983215332
"3060",55.4799995422363
"3061",55.5
"3062",56.939998626709
"3063",57.2200012207031
"3064",55.7999992370605
"3065",56.5900001525879
"3066",56.560001373291
"3067",56.2200012207031
"3068",56.6599998474121
"3069",56.0699996948242
"3070",56.7900009155273
"3071",56.8699989318848
"3072",58.2599983215332
"3073",58.6100006103516
"3074",58.5200004577637
"3075",59.0900001525879
"3076",59.0299987792969
"3077",59.8300018310547
"3078",59.9799995422363
"3079",59.0400009155273
"3080",58.8199996948242
"3081",59.939998626709
"3082",59.4099998474121
"3083",59.2999992370605
"3084",60.1399993896484
"3085",61.5900001525879
"3086",62.5800018310547
"3087",62.4599990844727
"3088",62.0999984741211
"3089",63.0800018310547
"3090",64.4000015258789
"3091",63.9799995422363
"3092",64.6100006103516
"3093",63.5800018310547
"3094",63.8899993896484
"3095",63.4000015258789
"3096",64.0500030517578
"3097",63.7599983215332
"3098",64
"3099",65.6999969482422
"3100",66.3000030517578
"3101",65.8899993896484
"3102",65.2099990844727
"3103",63.2999992370605
"3104",63.5
"3105",63.9099998474121
"3106",63.5999984741211
"3107",61.810001373291
"3108",61.939998626709
"3109",62.25
"3110",61.4000015258789
"3111",62.1199989318848
"3112",61.7000007629395
"3113",61.6599998474121
"3114",61.0400009155273
"3115",61.7799987792969
"3116",62.0200004577637
"3117",62.8699989318848
"3118",62.7599983215332
"3119",63.0999984741211
"3120",62.9900016784668
"3121",61.4199981689453
"3122",57.9099998474121
"3123",58.6300010681152
"3124",59.1399993896484
"3125",58.810001373291
"3126",56.5900001525879
"3127",53.5
"3128",53.25
"3129",53.4799995422363
"3130",51.6800003051758
"3131",52.5900001525879
"3132",53.9900016784668
"3133",53.2599983215332
"3134",53.2700004577637
"3135",51.1399993896484
"3136",52.2799987792969
"3137",52.5099983215332
"3138",51.9300003051758
"3139",53.9000015258789
"3140",53.7599983215332
"3141",56.6500015258789
"3142",57.4300003051758
"3143",57.9000015258789
"3144",57.8300018310547
"3145",59.3800010681152
"3146",59.4300003051758
"3147",58.4700012207031
"3148",59.0900001525879
"3149",56.25
"3150",57.3400001525879
"3151",57.5099983215332
"3152",57.6599998474121
"3153",57.8300018310547
"3154",60.4300003051758
"3155",60.2000007629395
"3156",60.2099990844727
"3157",59.5800018310547
"3158",57.6199989318848
"3159",56.7799987792969
"3160",55.2999992370605
"3161",55.6300010681152
"3162",56.2200012207031
"3163",56.7700004577637
"3164",55.8800010681152
"3165",56.0200004577637
"3166",56.2000007629395
"3167",56.8699989318848
"3168",58.0499992370605
"3169",58.5800018310547
"3170",53.9500007629395
"3171",55.6599998474121
"3172",54.689998626709
"3173",53.6300010681152
"3174",51.0900001525879
"3175",52.5400009155273
"3176",54.5
"3177",54.9300003051758
"3178",57.0999984741211
"3179",55.2299995422363
"3180",54.4700012207031
"3181",54.8699989318848
"3182",56.2099990844727
"3183",56.3400001525879
"3184",55.6800003051758
"3185",55.3499984741211
"3186",54.1699981689453
"3187",53.6399993896484
"3188",54.9300003051758
"3189",55.7799987792969
"3190",56.7099990844727
"3191",55.0999984741211
"3192",53.939998626709
"3193",56.2599983215332
"3194",56.2999992370605
"3195",56.5200004577637
"3196",57.8499984741211
"3197",57.4000015258789
"3198",55.75
"3199",55.0900001525879
"3200",54.8499984741211
"3201",62.9000015258789
"3202",59.3400001525879
"3203",58.1100006103516
"3204",58.1300010681152
"3205",58.0900001525879
"3206",58.6399993896484
"3207",57.2900009155273
"3208",56.4900016784668
"3209",56.4099998474121
"3210",55.9099998474121
"3211",54.0699996948242
"3212",53.6199989318848
"3213",52.6399993896484
"3214",52.4500007629395
"3215",52.810001373291
"3216",52.75
"3217",52.6300010681152
"3218",52.5900001525879
"3219",53.5499992370605
"3220",54.7000007629395
"3221",53.5900001525879
"3222",52.810001373291
"3223",53.3600006103516
"3224",53.9300003051758
"3225",53.7799987792969
"3226",53.310001373291
"3227",54.1599998474121
"3228",55.9700012207031
"3229",56.2299995422363
"3230",56.6599998474121
"3231",55.810001373291
"3232",55.5400009155273
"3233",55.060001373291
"3234",54.1800003051758
"3235",56.2000007629395
"3236",56.5400009155273
"3237",57.2299995422363
"3238",56.3499984741211
"3239",57.1500015258789
"3240",57.2400016784668
"3241",56.8600006103516
"3242",56.7999992370605
"3243",57.1199989318848
"3244",56.7700004577637
"3245",57.7200012207031
"3246",57.0499992370605
"3247",55.2099990844727
"3248",57.1100006103516
"3249",58.5800018310547
"3250",57.7700004577637
"3251",58.0099983215332
"3252",58.4099998474121
"3253",58.1100006103516
"3254",55.1699981689453
"3255",55.9599990844727
"3256",56.0999984741211
"3257",58.4300003051758
"3258",58.4300003051758
"3259",59.2000007629395
"3260",59.0200004577637
"3261",59.2400016784668
"3262",58.7599983215332
"3263",59.1800003051758
"3264",60.0699996948242
"3265",60.2099990844727
"3266",60.939998626709
"3267",60.9300003051758
"3268",61.2200012207031
"3269",60.439998626709
"3270",60.5200004577637
"3271",61.1100006103516
"3272",61.6800003051758
"3273",61.7200012207031
"3274",61.6800003051758
"3275",61.060001373291
"3276",61.1800003051758
"3277",63.0499992370605
"3278",63.2700004577637
"3279",62.7000007629395
"3280",59.6100006103516
"3281",59.560001373291
"3282",59.0400009155273
"3283",58.0800018310547
"3284",58.2299995422363
"3285",57.810001373291
"3286",58.5200004577637
"3287",58.5400009155273
"3288",58.3400001525879
"3289",56.7400016784668
"3290",55.5900001525879
"3291",54.189998626709
"3292",53.1399993896484
"3293",53.4799995422363
"3294",53.3300018310547
"3295",52.1399993896484
"3296",51.560001373291
"3297",50.1100006103516
"3298",49.6100006103516
"3299",50.75
"3300",50.9500007629395
"3301",50.3199996948242
"3302",49.5699996948242
"3303",49.939998626709
"3304",51.1699981689453
"3305",51.4199981689453
"3306",52.0499992370605
"3307",52.0499992370605
"3308",53.2900009155273
"3309",53.7799987792969
"3310",53.3800010681152
"3311",51.4300003051758
"3312",49.9000015258789
"3313",48.7299995422363
"3314",47.0900001525879
"3315",44.7599983215332
"3316",46.75
"3317",47.1800003051758
"3318",46.7799987792969
"3319",45.9000015258789
"3320",41.2799987792969
"3321",31.1299991607666
"3322",34.3600006103516
"3323",32.9799995422363
"3324",31.5
"3325",31.7299995422363
"3326",28.7000007629395
"3327",26.9500007629395
"3328",20.3700008392334
"3329",25.2199993133545
"3330",22.4300003051758
"3331",23.3600006103516
"3332",24.0100002288818
"3333",24.4899997711182
"3334",22.6000003814697
"3335",21.5100002288818
"3336",20.0900001525879
"3337",20.4799995422363
"3338",20.3099994659424
"3339",25.3199996948242
"3340",28.3400001525879
"3341",26.0799999237061
"3342",23.6299991607666
"3343",25.0900001525879
"3344",22.7600002288818
"3345",22.4099998474121
"3346",20.1100006103516
"3347",19.8700008392334
"3348",19.8700008392334
"3349",18.2700004577637
"3350",-37.6300010681152
"3351",10.0100002288818
"3352",13.7799997329712
"3353",16.5
"3354",16.9400005340576
"3355",12.7799997329712
"3356",12.3400001525879
"3357",15.0600004196167
"3358",18.8400001525879
"3359",19.7800006866455
"3360",20.3899993896484
"3361",24.5599994659424
"3362",23.9899997711182
"3363",23.5499992370605
"3364",24.7399997711182
"3365",24.1399993896484
"3366",25.7800006866455
"3367",25.2900009155273
"3368",27.5599994659424
"3369",29.4300003051758
"3370",31.8199996948242
"3371",32.5
"3372",33.4900016784668
"3373",33.9199981689453
"3374",33.25
"3375",34.3499984741211
"3376",32.810001373291
"3377",33.7099990844727
"3378",35.4900016784668
"3379",35.439998626709
"3380",36.810001373291
"3381",37.2900009155273
"3382",37.4099998474121
"3383",39.5499992370605
"3384",38.189998626709
"3385",38.939998626709
"3386",39.5999984741211
"3387",36.3400001525879
"3388",36.2599983215332
"3389",37.1199989318848
"3390",38.3800010681152
"3391",37.9599990844727
"3392",38.8400001525879
"3393",39.75
"3394",40.4599990844727
"3395",40.3699989318848
"3396",38.0099983215332
"3397",38.7200012207031
"3398",38.4900016784668
"3399",39.7000007629395
"3400",39.2700004577637
"3401",39.8199996948242
"3402",40.6500015258789
"3403",40.6300010681152
"3404",40.6199989318848
"3405",40.9000015258789
"3406",39.6199989318848
"3407",40.5499992370605
"3408",40.0999984741211
"3409",40.2900009155273
"3410",41.2000007629395
"3411",40.75
"3412",40.5900001525879
"3413",40.810001373291
"3414",41.9599990844727
"3415",41.9000015258789
"3416",41.0699996948242
"3417",41.2900009155273
"3418",41.5999984741211
"3419",41.0400009155273
"3420",41.2700004577637
"3421",39.9199981689453
"3422",40.2700004577637
"3423",41.0099983215332
"3424",41.7000007629395
"3425",42.189998626709
"3426",41.9500007629395
"3427",41.2200012207031
"3428",41.939998626709
"3429",41.6100006103516
"3430",42.6699981689453
"3431",42.2400016784668
"3432",42.0099983215332
"3433",42.8899993896484
"3434",42.8899993896484
"3435",42.9300003051758
"3436",42.5800018310547
"3437",42.3400001525879
"3438",42.6199989318848
"3439",43.3499984741211
"3440",43.3899993896484
"3441",43.0400009155273
"3442",42.9700012207031
"3443",42.6100006103516
"3444",42.7599983215332
"3445",41.5099983215332
"3446",41.3699989318848
"3447",39.7700004577637
"3448",36.7599983215332
"3449",38.0499992370605
"3450",37.2999992370605
"3451",37.3300018310547
"3452",37.2599983215332
"3453",38.2799987792969
"3454",40.1599998474121
"3455",40.9700012207031
"3456",41.1100006103516
"3457",39.310001373291
"3458",39.5999984741211
"3459",39.9300003051758
"3460",40.310001373291
"3461",40.25
"3462",40.5999984741211
"3463",39.2900009155273
"3464",40.2200012207031
"3465",38.7200012207031
"3466",37.0499992370605
"3467",39.2200012207031
"3468",40.6699981689453
"3469",39.9500007629395
"3470",41.189998626709
"3471",40.5999984741211
"3472",39.4300003051758
"3473",40.2000007629395
"3474",41.0400009155273
"3475",40.9599990844727
"3476",40.8800010681152
"3477",40.8300018310547
"3478",41.4599990844727
"3479",40.0299987792969
"3480",40.6399993896484
"3481",39.8499984741211
"3482",38.560001373291
"3483",39.5699996948242
"3484",37.3899993896484
"3485",36.1699981689453
"3486",35.7900009155273
"3487",36.810001373291
"3488",37.6599998474121
"3489",39.1500015258789
"3490",38.7900009155273
"3491",37.1399993896484
"3492",40.2900009155273
"3493",41.3600006103516
"3494",41.4500007629395
"3495",41.1199989318848
"3496",40.1300010681152
"3497",41.3400001525879
"3498",41.4300003051758
"3499",41.8199996948242
"3500",41.7400016784668
"3501",42.1500015258789
"3502",43.060001373291
"3503",44.9099998474121
"3504",45.7099990844727
"3505",45.5299987792969
"3506",45.3400001525879
"3507",44.5499992370605
"3508",45.2799987792969
"3509",45.6399993896484
"3510",46.2599983215332
"3511",45.7599983215332
"3512",45.5999984741211
"3513",45.5200004577637
"3514",46.7799987792969
"3515",46.5699996948242
"3516",46.9900016784668
"3517",47.6199989318848
"3518",47.8199996948242
"3519",48.3600006103516
"3520",49.0999984741211
"3521",47.7400016784668
"3522",47.0200004577637
"3523",48.1199989318848
"3524",48.2299995422363
"3525",47.6199989318848
"3526",48
"3527",48.4000015258789
"3528",48.5200004577637
"3529",47.6199989318848
"3530",49.9300003051758
"3531",50.6300010681152
"3532",50.8300018310547
"3533",52.2400016784668
"3534",52.25
"3535",53.2099990844727
"3536",52.9099998474121
"3537",53.5699996948242
"3538",52.3600006103516
"3539",52.9799995422363
"3540",53.2400016784668
"3541",53.1300010681152
"3542",52.2700004577637
"3543",52.7700004577637
"3544",52.6100006103516
"3545",52.8499984741211
"3546",52.3400001525879
"3547",52.2000007629395
"3548",53.5499992370605
"3549",54.7599983215332
"3550",55.689998626709
"3551",56.2299995422363
"3552",56.8499984741211
"3553",57.9700012207031
"3554",58.3600006103516
"3555",58.6800003051758
"3556",58.2400016784668
"3557",59.4700012207031
"3558",60.0499992370605
"3559",61.1399993896484
"3560",60.5200004577637
"3561",59.2400016784668
"3562",61.4900016784668
"3563",61.6699981689453
"3564",63.2200012207031
"3565",63.5299987792969
"3566",61.5
"3567",60.6399993896484
"3568",59.75
"3569",61.2799987792969
"3570",63.8300018310547
"3571",66.0899963378906
"3572",65.0500030517578
"3573",64.0100021362305
"3574",64.4400024414062
"3575",66.0199966430664
"3576",65.6100006103516
"3577",65.3899993896484
"3578",64.8000030517578
"3579",64.5999984741211
"3580",60
"3581",61.4199981689453
"3582",61.5499992370605
"3583",57.7599983215332
"3584",61.1800003051758
"3585",58.560001373291
"3586",60.9700012207031
"3587",61.560001373291
"3588",60.5499992370605
"3589",59.1599998474121
"3590",61.4500007629395
"3591",58.6500015258789
"3592",59.3300018310547
"3593",59.7700004577637
"3594",59.5999984741211
"3595",59.3199996948242
"3596",59.7000007629395
"3597",60.1800003051758
"3598",63.1500015258789
"3599",63.4599990844727
"3600",63.1300010681152
"3601",63.3800010681152
"3602",62.439998626709
"3603",61.3499984741211
"3604",61.4300003051758
"3605",62.1399993896484
"3606",61.9099998474121
"3607",62.939998626709
"3608",63.8600006103516
"3609",65.0100021362305
"3610",63.5800018310547
"3611",64.4899978637695
"3612",65.6900024414062
"3613",65.629997253418
"3614",64.7099990844727
"3615",64.9000015258789
"3616",64.9199981689453
"3617",65.2799987792969
"3618",66.0800018310547
"3619",63.8199996948242
"3620",65.370002746582
"3621",66.2699966430664
"3622",65.4899978637695
"3623",63.3600006103516
"3624",62.0499992370605
"3625",63.5800018310547
"3626",66.0500030517578
"3627",66.0699996948242
"3628",66.2099990844727
"3629",66.8499984741211
"3630",66.3199996948242
"3631",67.7200012207031
"3632",68.8300018310547
"3633",68.8099975585938
"3634",69.620002746582
"3635",69.2300033569336
"3636",70.0500030517578
"3637",69.9599990844727
"3638",70.2900009155273
"3639",70.9100036621094
"3640",70.879997253418
"3641",72.120002746582
"3642",72.1500015258789
"3643",71.0400009155273
"3644",71.6399993896484
"3645",73.6600036621094
"3646",73.0599975585938
"3647",73.0800018310547
"3648",73.3000030517578
"3649",74.0500030517578
"3650",72.9100036621094
"3651",72.9800033569336
"3652",73.4700012207031
"3653",75.2300033569336
"3654",75.1600036621094
"3655",73.370002746582
"3656",72.1999969482422
"3657",72.9400024414062
"3658",74.5599975585938
"3659",74.0999984741211
"3660",75.25
"3661",73.129997253418
"3662",71.6500015258789
"3663",71.8099975585938
"3664",66.4199981689453
"3665",67.4199981689453
"3666",70.3000030517578
"3667",71.9100036621094
"3668",72.0699996948242
"3669",71.9100036621094
"3670",71.6500015258789
"3671",72.3899993896484
"3672",73.620002746582
"3673",73.9499969482422
"3674",71.2600021362305
"3675",70.5599975585938
"3676",68.1500015258789
"3677",69.0899963378906
"3678",68.2799987792969
"3679",66.4800033569336
"3680",68.2900009155273
"3681",69.25
"3682",69.0899963378906
"3683",68.4400024414062
"3684",67.2900009155273
"3685",66.5899963378906
"3686",65.4599990844727
"3687",63.689998626709
"3688",62.3199996948242
"3689",65.6399993896484
"3690",67.5400009155273
"3691",68.3600006103516
"3692",67.4199981689453
"3693",68.7399978637695
"3694",69.2099990844727
"3695",68.5
"3696",68.5899963378906
"3697",69.9899978637695
"3698",69.2900009155273
"3699",68.3499984741211
"3700",69.3000030517578
"3701",68.1399993896484
"3702",69.7200012207031
"3703",70.4499969482422
"3704",70.4599990844727
"3705",72.6100006103516
"3706",72.6100006103516
"3707",71.9700012207031
"3708",70.2900009155273
"3709",70.5599975585938
"3710",72.2300033569336
"3711",73.3000030517578
"3712",73.9800033569336
"3713",75.4499969482422
"3714",75.2900009155273
"3715",74.8300018310547
"3716",75.0299987792969
"3717",75.879997253418
"3718",77.620002746582
"3719",78.9300003051758
"3720",77.4300003051758
"3721",78.3000030517578
"3722",79.3499984741211
"3723",80.5199966430664
"3724",80.6399993896484
"3725",80.4400024414062
"3726",81.3099975585938
"3727",82.2799987792969
"3728",82.4400024414062
"3729",82.9599990844727
"3730",83.870002746582
"3731",82.5
"3732",83.7600021362305
"3733",83.7600021362305
"3734",84.6500015258789
"3735",82.6600036621094
"3736",82.8099975585938
"3737",83.5699996948242
"3738",84.0500030517578
"3739",83.9100036621094
"3740",80.8600006103516
"3741",78.8099975585938
"3742",81.2699966430664
"3743",81.9300003051758
"3744",84.1500015258789
"3745",81.3399963378906
"3746",81.5899963378906
"3747",80.7900009155273
"3748",80.879997253418
"3749",80.7600021362305
"3750",78.3600006103516
"3751",79.0100021362305
"3752",76.0999984741211
"3753",76.75
"3754",78.5
"3755",78.3899993896484
"3756",68.1500015258789
"3757",69.9499969482422
"3758",66.1800003051758
"3759",65.5699996948242
"3760",66.5
"3761",66.2600021362305
"3762",69.4899978637695
"3763",72.0500030517578
"3764",72.3600006103516
"3765",70.9400024414062
"3766",71.6699981689453
"3767",71.2900009155273
"3768",70.7300033569336
"3769",70.870002746582
"3770",72.379997253418
"3771",70.8600006103516
"3772",68.2300033569336
"3773",71.120002746582
"3774",72.7600021362305
"3775",73.7900009155273
"3776",75.5699996948242
"3777",75.9800033569336
"3778",76.5599975585938
"3779",76.9899978637695
"3780",75.2099990844727
"3781",76.0800018310547
"3782",76.9899978637695
"3783",77.8499984741211
"3784",79.4599990844727
"3785",78.9000015258789
"3786",78.2300033569336
"3787",81.2200012207031
"3788",82.6399993896484
"3789",82.120002746582
"3790",83.8199996948242
"3791",85.4300003051758
"3792",86.9599990844727
"3793",86.9000015258789
"3794",85.1399993896484
"3795",83.3099975585938
"3796",85.5999984741211
"3797",87.3499984741211
"3798",86.6100006103516
"3799",86.8199996948242
"3800",88.1500015258789
"3801",88.1999969482422
"3802",88.2600021362305
"3803",90.2699966430664
"3804",92.3099975585938
"3805",91.3199996948242
"3806",89.3600006103516
"3807",89.6600036621094
"3808",89.879997253418
"3809",93.0999984741211
"3810",95.4599990844727
"3811",92.0699996948242
"3812",93.6600036621094
"3813",91.7600021362305
"3814",91.0699996948242
"3815",92.3499984741211
"3816",92.0999984741211
"3817",92.8099975585938
"3818",91.5899963378906
"3819",95.7200012207031
"3820",103.410003662109
"3821",110.599998474121
"3822",107.669998168945
"3823",115.680000305176
"3824",119.400001525879
"3825",123.699996948242
"3826",108.699996948242
"3827",106.019996643066
"3828",109.330001831055
"3829",103.01000213623
"3830",96.4400024414062
"3831",95.0400009155273
"3832",102.980003356934
"3833",104.699996948242
"3834",112.120002746582
"3835",111.76000213623
"3836",114.930000305176
"3837",112.339996337891
"3838",113.900001525879
"3839",105.959999084473
"3840",104.23999786377
"3841",107.819999694824
"3842",100.279998779297
"3843",99.2699966430664
"3844",103.279998779297
"3845",101.959999084473
"3846",96.2300033569336
"3847",96.0299987792969
"3848",98.2600021362305
"3849",94.2900009155273
"3850",100.599998474121
"3851",104.25
"3852",106.949996948242
"3853",108.209999084473
"3854",102.559997558594
"3855",102.75
"3856",103.790000915527
"3857",102.069999694824
"3858",98.5400009155273
"3859",101.699996948242
"3860",102.019996643066
"3861",105.360000610352
"3862",104.690002441406
"3863",105.169998168945
"3864",102.410003662109
"3865",107.809997558594
"3866",108.26000213623
"3867",109.769996643066
"3868",103.089996337891
"3869",99.7600021362305
"3870",105.709999084473
"3871",106.129997253418
"3872",110.48999786377
"3873",114.199996948242
"3874",112.400001525879
"3875",109.589996337891
"3876",112.209999084473
"3877",113.230003356934
"3878",110.290000915527
"3879",109.769996643066
"3880",110.330001831055
"3881",114.089996337891
"3882",115.069999694824
"3883",114.669998168945
"3884",115.26000213623
"3885",116.870002746582
"3886",118.870002746582
"3887",118.5
"3888",119.410003662109
"3889",122.110000610352
"3890",121.51000213623
"3891",120.669998168945
"3892",120.930000305176
"3893",118.930000305176
"3894",115.309997558594
"3895",117.589996337891
"3896",109.559997558594
"3897",110.650001525879
"3898",106.190002441406
"3899",104.269996643066
"3900",107.620002746582
"3901",109.569999694824
"3902",111.76000213623
"3903",109.779998779297
"3904",105.76000213623
"3905",108.430000305176
"3906",99.5
"3907",98.5299987792969
"3908",102.730003356934
"3909",104.790000915527
"3910",104.089996337891
"3911",95.8399963378906
"3912",96.3000030517578
"3913",95.7799987792969
"3914",97.5899963378906
"3915",102.599998474121
"3916",104.220001220703
"3917",102.26000213623
"3918",96.3499984741211
"3919",94.6999969482422
"3920",96.6999969482422
"3921",94.9800033569336
"3922",97.2600021362305
"3923",96.4199981689453
"3924",98.620002746582
"3925",93.8899993896484
"3926",94.4199981689453
"3927",90.6600036621094
"3928",88.5400009155273
"3929",89.0100021362305
"3930",90.7600021362305
"3931",90.5
"3932",91.9300003051758
"3933",94.3399963378906
"3934",92.0899963378906
"3935",89.4100036621094
"3936",86.5299987792969
"3937",88.1100006103516
"3938",90.5
"3939",90.7699966430664
"3940",90.2300033569336
"3941",93.7399978637695
"3942",94.8899993896484
"3943",92.5199966430664
"3944",93.0599975585938
"3945",97.0100021362305
"3946",91.6399993896484
"3947",89.5500030517578
"3948",86.6100006103516
"3949",86.870002746582
"3950",86.879997253418
"3951",81.9400024414062
"3952",83.5400009155273
"3953",86.7900009155273
"3954",87.7799987792969
"3955",87.3099975585938
"3956",88.4800033569336
"3957",85.0999984741211
"3958",85.1100006103516
"3959",85.7300033569336
"3960",84.4499969482422
"3961",82.9400024414062
"3962",83.4899978637695
"3963",78.7399978637695
"3964",76.7099990844727
"3965",78.5
"3966",82.1500015258789
"3967",81.2300033569336
"3968",79.4899978637695
"3969",83.629997253418
"3970",86.5199966430664
"3971",87.7600021362305
"3972",88.4499969482422
"3973",92.6399993896484
"3974",91.129997253418
"3975",89.3499984741211
"3976",87.2699966430664
"3977",89.1100006103516
"3978",85.6100006103516
"3979",85.4599990844727
"3980",82.8199996948242
"3981",85.5500030517578
"3982",85.9800033569336
"3983",85.0500030517578
"3984",84.5800018310547
"3985",85.3199996948242
"3986",87.9100036621094
"3987",89.0800018310547
"3988",87.9000015258789
"3989",86.5299987792969
"3990",88.370002746582
"3991",90
"3992",88.1699981689453
"3993",92.6100006103516
"3994",91.7900009155273
"3995",88.9100036621094
"3996",85.8300018310547
"3997",86.4700012207031
"3998",88.9599990844727
"3999",85.870002746582
"4000",86.9199981689453
"4001",85.5899963378906
"4002",81.6399993896484
"4003",80.0800018310547
"4004",79.7300033569336
"4005",80.9499969482422
"4006",77.9400024414062
"4007",76.2799987792969
"4008",77.2399978637695
"4009",78.1999969482422
"4010",80.5500030517578
"4011",81.2200012207031
"4012",79.9800033569336
"4013",76.9300003051758
"4014",74.25
"4015",72.0100021362305
"4016",71.4599990844727
"4017",71.0199966430664
"4018",73.1699981689453
"4019",75.3899993896484
"4020",77.2799987792969
"4021",76.1100006103516
"4022",74.2900009155273
"4023",75.1900024414062
"4024",76.0899963378906
"4025",78.2900009155273
"4026",77.4899978637695
"4027",79.5599975585938
"4028",79.5299987792969
"4029",78.9599990844727
"4030",78.4000015258789
"4031",80.2600021362305
"4032",76.9300003051758
"4033",72.8399963378906
"4034",73.6699981689453
"4035",73.7699966430664
"4036",74.629997253418
"4037",75.120002746582
"4038",77.4100036621094
"4039",78.3899993896484
"4040",79.8600006103516
"4041",80.1800003051758
"4042",79.4800033569336
"4043",80.3300018310547
"4044",81.3099975585938
"4045",81.620002746582
"4046",80.129997253418
"4047",80.1500015258789
"4048",81.0100021362305
"4049",79.6800003051758
"4050",77.9000015258789
"4051",78.870002746582
"4052",76.4100036621094
"4053",75.879997253418
"4054",73.3899993896484
"4055",74.1100006103516
"4056",77.1399993896484
"4057",78.4700012207031
"4058",78.0599975585938
"4059",79.7200012207031
"4060",80.1399993896484
"4061",79.0599975585938
"4062",78.5899963378906
"4063",78.4899978637695
"4064",76.3399963378906
"4065",76.1600036621094
"4066",73.9499969482422
"4067",75.3899993896484
"4068",76.3199996948242
"4069",75.6800003051758
"4070",77.0500030517578
"4071",77.6900024414062
"4072",78.1600036621094
"4073",79.6800003051758
"4074",80.4599990844727
"4075",77.5800018310547
"4076",76.6600036621094
"4077",75.7200012207031
"4078",76.6800003051758
"4079",74.8000030517578
"4080",71.3300018310547
"4081",67.6100006103516
"4082",68.3499984741211
"4083",66.7399978637695
"4084",67.6399993896484
"4085",69.3300018310547
"4086",70.9000015258789
"4087",69.9599990844727
"4088",69.2600021362305
"4089",72.8099975585938
"4090",73.1999969482422
"4091",72.9700012207031
"4092",74.370002746582
"4093",75.6699981689453
"4094",80.4199981689453
"4095",80.7099990844727
"4096",80.6100006103516
"4097",80.6999969482422
"4098",79.7399978637695
"4099",81.5299987792969
"4100",83.2600021362305
"4101",82.1600036621094
"4102",82.5199966430664
"4103",80.8300018310547
"4104",80.8600006103516
"4105",79.1600036621094
"4106",77.2900009155273
"4107",77.870002746582
"4108",78.7600021362305
"4109",77.0699996948242
"4110",74.3000030517578
"4111",74.7600021362305
"4112",76.7799987792969
"4113",75.6600036621094
"4114",71.6600036621094
"4115",68.5999984741211
"4116",68.5599975585938
"4117",71.3399963378906
"4118",73.1600036621094
"4119",73.7099990844727
"4120",72.5599975585938
"4121",70.870002746582
"4122",70.0400009155273
"4123",71.1100006103516
"4124",70.8600006103516
"4125",72.8300018310547
"4126",71.8600006103516
"4127",71.5500030517578
"4128",71.9899978637695
"4129",72.9100036621094
"4130",74.3399963378906
"4131",71.8300018310547
"4132",72.6699981689453
"4133",69.4599990844727
"4134",68.0899963378906
"4135",70.0999984741211
"4136",71.7399978637695
"4137",72.1500015258789
"4138",71.7399978637695
"4139",72.5299987792969
"4140",71.2900009155273
"4141",70.1699981689453
"4142",67.120002746582
"4143",69.4199981689453
"4144",68.2699966430664
"4145",70.620002746582
"4146",71.7799987792969
"4147",70.5
"4148",72.5299987792969
"4149",69.5100021362305
"4150",69.1600036621094
"4151",69.370002746582
"4152",67.6999969482422
"4153",69.5599975585938
"4154",69.8600006103516
"4155",70.6399993896484
"4156",69.7900009155273
"4157",71.7900009155273
"4158",71.8000030517578
"4159",73.8600006103516
"4160",72.9899978637695
"4161",74.8300018310547
"4162",75.75
"4163",76.8899993896484
"4164",75.4199981689453
"4165",74.1500015258789
"4166",75.75
"4167",75.3499984741211
"4168",75.629997253418
"4169",77.0699996948242
"4170",78.7399978637695
"4171",79.629997253418
"4172",78.7799987792969
"4173",80.0899963378906
"4174",80.5800018310547
"4175",81.8000030517578
"4176",81.370002746582
"4177",79.4899978637695
"4178",81.5500030517578
"4179",82.8199996948242
"4180",81.9400024414062
"4181",82.9199981689453
"4182",84.4000015258789
"4183",82.8199996948242
"4184",83.1900024414062
"4185",82.5100021362305
"4186",80.9899978637695
"4187",79.379997253418
"4188",80.3899993896484
"4189",81.25
"4190",80.7200012207031
"4191",80.3499984741211
"4192",78.8899993896484
"4193",79.0500030517578
"4194",79.8300018310547
"4195",80.0999984741211
"4196",81.1600036621094
"4197",81.629997253418
"4198",83.629997253418
"4199",85.5500030517578
"4200",86.6900024414062
"4201",87.5400009155273
"4202",86.870002746582
"4203",87.5100021362305
"4204",87.2900009155273
"4205",88.8399963378906
"4206",88.5199966430664
"4207",90.1600036621094
"4208",90.7699966430664
"4209",91.4800033569336
"4210",91.1999969482422
"4211",90.2799987792969
"4212",89.629997253418
"4213",90.0299987792969
"4214",89.6800003051758
"4215",90.3899993896484
"4216",93.6800003051758
"4217",91.7099990844727
"4218",90.7900009155273
"4219",88.8199996948242
"4220",89.2300033569336
"4221",84.2200012207031
"4222",82.3099975585938
"4223",82.7900009155273
"4224",86.379997253418
"4225",85.9700012207031
"4226",83.4899978637695
"4227",82.9100036621094
"4228",87.6900024414062
"4229",86.6600036621094
"4230",86.6600036621094
"4231",88.3199996948242
"4232",89.370002746582
"4233",88.75
"4234",85.4899978637695
"4235",83.7399978637695
"4236",85.3899993896484
"4237",83.2099990844727
"4238",85.5400009155273
"4239",82.3099975585938
"4240",81.0199966430664
"4241",80.4400024414062
"4242",82.4599990844727
"4243",80.5100021362305
"4244",80.8199996948242
"4245",77.370002746582
"4246",75.3300018310547
"4247",75.7399978637695
"4248",77.1699981689453
"4249",78.2600021362305
"4250",78.2600021362305
"4251",76.6600036621094
"4252",72.9000015258789
"4253",75.8899993896484
"4254",77.5999984741211
"4255",77.7699966430664
"4256",77.0999984741211
"4257",76.3499984741211
"4258",75.5400009155273
"4259",74.8600006103516
"4260",76.4100036621094
"4261",77.8600006103516
"4262",75.9599990844727
"4263",74.0699996948242
"4264",73.0400009155273
"4265",72.3199996948242
"4266",69.379997253418
"4267",69.3399963378906
"4268",71.2300033569336
"4269",71.3199996948242
"4270",68.6100006103516
"4271",69.4700012207031
"4272",71.5800018310547
"4273",71.4300003051758
"4274",72.4700012207031
"4275",73.4400024414062
"4276",74.2200012207031
"4277",73.8899993896484
"4278",73.5599975585938
"4279",NA
"4280",75.5699996948242
"4281",74.1100006103516
"4282",71.7699966430664
"4283",71.6500015258789
"4284",NA
"4285",70.379997253418
"4286",72.6999969482422
"4287",72.1900024414062
"4288",73.8099975585938
"4289",70.7699966430664
"4290",72.2399978637695
