"","GC=F.Adjusted"
"1",635.200012207031
"2",627.099975585938
"3",623.900024414062
"4",604.900024414062
"5",607.5
"6",613.099975585938
"7",611.599975585938
"8",612.400024414062
"9",625.5
"10",NA
"11",624.599975585938
"12",632.099975585938
"13",627.099975585938
"14",635.5
"15",633.299987792969
"16",645.200012207031
"17",647.599975585938
"18",647.799987792969
"19",644.5
"20",643.099975585938
"21",644.200012207031
"22",652
"23",657.400024414062
"24",646.200012207031
"25",650.900024414062
"26",653.599975585938
"27",652.299987792969
"28",658
"29",667.5
"30",662.599975585938
"31",663.900024414062
"32",667.400024414062
"33",667.299987792969
"34",668.799987792969
"35",657.099975585938
"36",680.200012207031
"37",679.400024414062
"38",683.099975585938
"39",686.5
"40",683.900024414062
"41",669.400024414062
"42",662.299987792969
"43",641.5
"44",636.700012207031
"45",643.799987792969
"46",650.599975585938
"47",653.400024414062
"48",650
"49",648.400024414062
"50",647.599975585938
"51",640.900024414062
"52",645.700012207031
"53",652.599975585938
"54",653.099975585938
"55",657.900024414062
"56",659
"57",663.400024414062
"58",656.700012207031
"59",663.400024414062
"60",662.099975585938
"61",666.5
"62",661.5
"63",663
"64",665.700012207031
"65",664
"66",672.099975585938
"67",674.200012207031
"68",671.900024414062
"69",676.5
"70",676.799987792969
"71",675.099975585938
"72",685.400024414062
"73",690.099975585938
"74",688.200012207031
"75",689.099975585938
"76",684.299987792969
"77",692
"78",690.599975585938
"79",684.200012207031
"80",684.099975585938
"81",674.900024414062
"82",678.700012207031
"83",680.5
"84",674.400024414062
"85",672.299987792969
"86",681.799987792969
"87",687.200012207031
"88",688
"89",685.099975585938
"90",680.299987792969
"91",665.099975585938
"92",670.599975585938
"93",668.5
"94",673
"95",660.200012207031
"96",656.200012207031
"97",661
"98",662.900024414062
"99",659.099975585938
"100",661.900024414062
"101",653
"102",655.099975585938
"103",657.099975585938
"104",653.099975585938
"105",661
"106",671.200012207031
"107",670.700012207031
"108",669.599975585938
"109",669.299987792969
"110",660.099975585938
"111",645.5
"112",654.299987792969
"113",648.5
"114",648.200012207031
"115",651.599975585938
"116",654.5
"117",655.799987792969
"118",660.700012207031
"119",656.099975585938
"120",650.599975585938
"121",653.5
"122",651.299987792969
"123",642.099975585938
"124",641.700012207031
"125",647.5
"126",648.099975585938
"127",656.5
"128",652.900024414062
"129",648.400024414062
"130",652.700012207031
"131",660.5
"132",662.5
"133",660.299987792969
"134",666.700012207031
"135",665.799987792969
"136",665
"137",664.700012207031
"138",672.599975585938
"139",677.200012207031
"140",683.900024414062
"141",680.799987792969
"142",684.200012207031
"143",673.299987792969
"144",662.5
"145",660
"146",664.099975585938
"147",666.900024414062
"148",663.599975585938
"149",664.599975585938
"150",672.5
"151",671.5
"152",670.599975585938
"153",674.5
"154",661.400024414062
"155",670.299987792969
"156",669.700012207031
"157",668.599975585938
"158",668.900024414062
"159",648.299987792969
"160",656.900024414062
"161",656.700012207031
"162",656.700012207031
"163",659.099975585938
"164",658.900024414062
"165",668
"166",666.799987792969
"167",664.400024414062
"168",666.299987792969
"169",665
"170",673
"171",682.5
"172",681.700012207031
"173",695.599975585938
"174",700.799987792969
"175",703.299987792969
"176",712.200012207031
"177",711.900024414062
"178",709.5
"179",709.599975585938
"180",715.799987792969
"181",715.799987792969
"182",722
"183",732.400024414062
"184",731.400024414062
"185",732.099975585938
"186",731.599975585938
"187",728.299987792969
"188",732.700012207031
"189",742.799987792969
"190",747.200012207031
"191",729.799987792969
"192",729.299987792969
"193",737.799987792969
"194",741.299987792969
"195",732.799987792969
"196",737.400024414062
"197",740.400024414062
"198",751.299987792969
"199",748.700012207031
"200",757.099975585938
"201",757
"202",757.5
"203",764.099975585938
"204",764
"205",755.799987792969
"206",759
"207",761.599975585938
"208",767.299987792969
"209",783.900024414062
"210",789.099975585938
"211",784.299987792969
"212",792
"213",790.700012207031
"214",805.700012207031
"215",808.099975585938
"216",820.799987792969
"217",831
"218",835.200012207031
"219",832.5
"220",805.799987792969
"221",797.200012207031
"222",813
"223",785.900024414062
"224",785.700012207031
"225",776.799987792969
"226",790.299987792969
"227",797.599975585938
"228",824
"229",826
"230",813.700012207031
"231",800.099975585938
"232",795.299987792969
"233",782.200012207031
"234",788.299987792969
"235",801.299987792969
"236",797.5
"237",801.200012207031
"238",794.400024414062
"239",807.700012207031
"240",811.400024414062
"241",813.5
"242",799
"243",793.299987792969
"244",794.799987792969
"245",803
"246",801.099975585938
"247",799.200012207031
"248",811.599975585938
"249",812.799987792969
"250",826
"251",828.599975585938
"252",839.599975585938
"253",834.900024414062
"254",857
"255",866.400024414062
"256",863.099975585938
"257",859.599975585938
"258",878
"259",879.5
"260",891.700012207031
"261",896.099975585938
"262",901.599975585938
"263",901
"264",880.599975585938
"265",879.5
"266",880.799987792969
"267",889.599975585938
"268",882.5
"269",905.5
"270",910.5
"271",927.099975585938
"272",925.099975585938
"273",920.599975585938
"274",922.700012207031
"275",908.700012207031
"276",904.900024414062
"277",885.900024414062
"278",900.700012207031
"279",906.099975585938
"280",918.400024414062
"281",922.900024414062
"282",907.400024414062
"283",906.5
"284",907.400024414062
"285",902.799987792969
"286",926.599975585938
"287",934.599975585938
"288",946.099975585938
"289",944.700012207031
"290",937.599975585938
"291",946.099975585938
"292",958.200012207031
"293",964.5
"294",972.099975585938
"295",981.5
"296",963.900024414062
"297",986.200012207031
"298",975
"299",972.200012207031
"300",969.900024414062
"301",974.200012207031
"302",978.799987792969
"303",992.299987792969
"304",998.200012207031
"305",1001.40002441406
"306",1003.20001220703
"307",944.700012207031
"308",919.599975585938
"309",918.299987792969
"310",934.599975585938
"311",949
"312",948.799987792969
"313",930.599975585938
"314",916.200012207031
"315",882.900024414062
"316",895.200012207031
"317",905
"318",909
"319",922.700012207031
"320",914
"321",933.599975585938
"322",928.299987792969
"323",923.599975585938
"324",925.400024414062
"325",928.700012207031
"326",945.099975585938
"327",939.799987792969
"328",912.200012207031
"329",914.700012207031
"330",922.299987792969
"331",906.200012207031
"332",886.799987792969
"333",887.200012207031
"334",892.900024414062
"335",874.200012207031
"336",862.799987792969
"337",848.900024414062
"338",856.099975585938
"339",872.299987792969
"340",876
"341",869.599975585938
"342",880.599975585938
"343",884.5
"344",883.700012207031
"345",868.5
"346",865.400024414062
"347",879
"348",899
"349",905
"350",919.5
"351",928
"352",917.900024414062
"353",925.599975585938
"354",907.700012207031
"355",900.5
"356",877.200012207031
"357",887.299987792969
"358",892.900024414062
"359",881.599975585938
"360",879.900024414062
"361",871.799987792969
"362",895.400024414062
"363",894.700012207031
"364",867.900024414062
"365",879.700012207031
"366",869.200012207031
"367",870.299987792969
"368",883.599975585938
"369",884.299987792969
"370",890.900024414062
"371",901.700012207031
"372",901.299987792969
"373",884.799987792969
"374",889.200012207031
"375",880
"376",913.099975585938
"377",929.299987792969
"378",926.200012207031
"379",942.5
"380",944.799987792969
"381",931.900024414062
"382",927.299987792969
"383",921.900024414062
"384",927.299987792969
"385",940.900024414062
"386",959.5
"387",972.700012207031
"388",977.700012207031
"389",961.799987792969
"390",970
"391",957.299987792969
"392",963.099975585938
"393",948
"394",922.400024414062
"395",922
"396",926.599975585938
"397",927.599975585938
"398",916.400024414062
"399",902.900024414062
"400",913.900024414062
"401",909
"402",900.099975585938
"403",878.599975585938
"404",875.599975585938
"405",870.700012207031
"406",857.799987792969
"407",821.5
"408",808.200012207031
"409",825
"410",808.200012207031
"411",786
"412",799.700012207031
"413",811.099975585938
"414",810.299987792969
"415",833
"416",827.400024414062
"417",819.799987792969
"418",822.200012207031
"419",828.099975585938
"420",830.900024414062
"421",829.299987792969
"422",805
"423",802.700012207031
"424",797.900024414062
"425",797.599975585938
"426",797.5
"427",787.099975585938
"428",757.900024414062
"429",741.299987792969
"430",760.299987792969
"431",783.099975585938
"432",776.5
"433",846.599975585938
"434",892.700012207031
"435",860.599975585938
"436",903.900024414062
"437",885.5
"438",889
"439",877.700012207031
"440",882.900024414062
"441",888.200012207031
"442",874.200012207031
"443",880.700012207031
"444",839
"445",828.900024414062
"446",862.700012207031
"447",878.400024414062
"448",903.099975585938
"449",883.099975585938
"450",855.400024414062
"451",838.900024414062
"452",836.299987792969
"453",835.5
"454",801.5
"455",785.099975585938
"456",787.599975585938
"457",766.099975585938
"458",733.299987792969
"459",713.299987792969
"460",729.099975585938
"461",741.700012207031
"462",739.299987792969
"463",752.799987792969
"464",737.200012207031
"465",716.799987792969
"466",725.400024414062
"467",756
"468",741.299987792969
"469",731.200012207031
"470",733.200012207031
"471",745.599975585938
"472",732
"473",717.700012207031
"474",704.900024414062
"475",742.400024414062
"476",741.900024414062
"477",732.599975585938
"478",735.900024414062
"479",748.599975585938
"480",791.700012207031
"481",819.400024414062
"482",818.400024414062
"483",808.5
"484",816.200012207031
"485",774.599975585938
"486",781.299987792969
"487",768.799987792969
"488",763.799987792969
"489",750.5
"490",767.400024414062
"491",772.400024414062
"492",807.099975585938
"493",824.900024414062
"494",818.900024414062
"495",835.400024414062
"496",841.700012207031
"497",867.5
"498",859.599975585938
"499",836.400024414062
"500",846.200012207031
"501",837.200012207031
"502",847.099975585938
"503",870.400024414062
"504",874.599975585938
"505",869.299987792969
"506",883.599975585938
"507",878.799987792969
"508",857.200012207031
"509",865.400024414062
"510",841.099975585938
"511",853.900024414062
"512",854.299987792969
"513",820.299987792969
"514",820.099975585938
"515",808.200012207031
"516",806.700012207031
"517",839.299987792969
"518",854.599975585938
"519",849.599975585938
"520",858.200012207031
"521",895.299987792969
"522",908.5
"523",899.200012207031
"524",888.099975585938
"525",905.099975585938
"526",927.299987792969
"527",906.700012207031
"528",892
"529",901.599975585938
"530",913.599975585938
"531",913.900024414062
"532",892.400024414062
"533",913.700012207031
"534",943.799987792969
"535",948.5
"536",941.5
"537",967
"538",977.700012207031
"539",976.099975585938
"540",1001.79998779297
"541",994.599975585938
"542",969.099975585938
"543",965.700012207031
"544",941.799987792969
"545",941.5
"546",939
"547",912.900024414062
"548",906
"549",927
"550",942.099975585938
"551",917.700012207031
"552",895.599975585938
"553",910.400024414062
"554",923.700012207031
"555",929.799987792969
"556",921.599975585938
"557",916.400024414062
"558",888.700012207031
"559",958.299987792969
"560",955.799987792969
"561",952.099975585938
"562",923.299987792969
"563",935.400024414062
"564",939.599975585938
"565",923
"566",915.5
"567",922.599975585938
"568",926.099975585938
"569",907.400024414062
"570",895.599975585938
"571",871.5
"572",882.200012207031
"573",884.799987792969
"574",882.200012207031
"575",894.700012207031
"576",890.900024414062
"577",892.799987792969
"578",879.299987792969
"579",867.400024414062
"580",887
"581",882.099975585938
"582",891.799987792969
"583",905.900024414062
"584",913.599975585938
"585",907.400024414062
"586",892.799987792969
"587",899.799987792969
"588",890.700012207031
"589",887.599975585938
"590",901.599975585938
"591",903.700012207031
"592",910.5
"593",915
"594",914.400024414062
"595",913
"596",923.5
"597",925.5
"598",928
"599",930.900024414062
"600",921.299987792969
"601",926.299987792969
"602",937
"603",950.799987792969
"604",958.5
"605",953.099975585938
"606",953.200012207031
"607",961.5
"608",978.799987792969
"609",978.599975585938
"610",983.200012207031
"611",964.5
"612",981.200012207031
"613",961.700012207031
"614",951.700012207031
"615",954
"616",954
"617",961.299987792969
"618",940.099975585938
"619",926.900024414062
"620",931.599975585938
"621",935.400024414062
"622",934
"623",935.599975585938
"624",920.599975585938
"625",923.900024414062
"626",934.099975585938
"627",939.099975585938
"628",940.700012207031
"629",940.400024414062
"630",927.099975585938
"631",941
"632",930.700012207031
"633",924
"634",928.799987792969
"635",909
"636",915.900024414062
"637",912.200012207031
"638",922.200012207031
"639",922.5
"640",939.099975585938
"641",935.099975585938
"642",937.200012207031
"643",948.5
"644",946.599975585938
"645",953
"646",954.5
"647",952.799987792969
"648",953.299987792969
"649",939
"650",927.200012207031
"651",934.900024414062
"652",953.700012207031
"653",956.599975585938
"654",967.5
"655",964.200012207031
"656",960.700012207031
"657",957.299987792969
"658",945
"659",945.799987792969
"660",950.700012207031
"661",954.700012207031
"662",947
"663",934.299987792969
"664",937.700012207031
"665",943.299987792969
"666",940.299987792969
"667",953.200012207031
"668",942.299987792969
"669",944.5
"670",944.299987792969
"671",945.5
"672",957
"673",951.700012207031
"674",954.700012207031
"675",976.599975585938
"676",995.799987792969
"677",994.900024414062
"678",997.900024414062
"679",995.299987792969
"680",995.400024414062
"681",1004.90002441406
"682",999.900024414062
"683",1005
"684",1018.90002441406
"685",1012.29998779297
"686",1009.20001220703
"687",1003.70001220703
"688",1014.20001220703
"689",1013
"690",997.5
"691",990.200012207031
"692",992.5
"693",993.099975585938
"694",1008
"695",999.5
"696",1003.20001220703
"697",1016.70001220703
"698",1038.59997558594
"699",1043.30004882812
"700",1055.40002441406
"701",1047.80004882812
"702",1056.69995117188
"703",1064.19995117188
"704",1063.90002441406
"705",1049.80004882812
"706",1050.69995117188
"707",1057.30004882812
"708",1057.80004882812
"709",1063.69995117188
"710",1057.80004882812
"711",1055.59997558594
"712",1042.09997558594
"713",1034.69995117188
"714",1029.90002441406
"715",1046.40002441406
"716",1039.69995117188
"717",1053.40002441406
"718",1084.30004882812
"719",1086.69995117188
"720",1088.69995117188
"721",1095.09997558594
"722",1100.80004882812
"723",1101.90002441406
"724",1114
"725",1106
"726",1116.09997558594
"727",1138.59997558594
"728",1138.80004882812
"729",1140.69995117188
"730",1141.40002441406
"731",1146.40002441406
"732",1164.30004882812
"733",1165.5
"734",1186.90002441406
"735",1174.19995117188
"736",1181.09997558594
"737",1199.09997558594
"738",1212
"739",1217.40002441406
"740",1168.80004882812
"741",1163.40002441406
"742",1142.80004882812
"743",1120.40002441406
"744",1125.69995117188
"745",1119.40002441406
"746",1123.30004882812
"747",1122.40002441406
"748",1135.5
"749",1106.80004882812
"750",1110.80004882812
"751",1095.40002441406
"752",1086
"753",1093.30004882812
"754",1104.09997558594
"755",1107.19995117188
"756",1097
"757",1091.5
"758",1095.19995117188
"759",1117.69995117188
"760",1118.09997558594
"761",1135.90002441406
"762",1133.09997558594
"763",1138.19995117188
"764",1150.69995117188
"765",1128.90002441406
"766",1136.40002441406
"767",1142.59997558594
"768",1130.09997558594
"769",1139.69995117188
"770",1112.30004882812
"771",1102.69995117188
"772",1089.19995117188
"773",1095.19995117188
"774",1097.90002441406
"775",1084.40002441406
"776",1083.59997558594
"777",1083
"778",1104.30004882812
"779",1117.40002441406
"780",1111.40002441406
"781",1062.40002441406
"782",1052.19995117188
"783",1065.69995117188
"784",1076.69995117188
"785",1075.80004882812
"786",1094.19995117188
"787",1089.5
"788",1119.30004882812
"789",1119.5
"790",1118
"791",1121.30004882812
"792",1112.59997558594
"793",1102.69995117188
"794",1096.5
"795",1107.80004882812
"796",1118.30004882812
"797",1117.80004882812
"798",1136.90002441406
"799",1142.69995117188
"800",1132.59997558594
"801",1134.80004882812
"802",1123.59997558594
"803",1122
"804",1107.80004882812
"805",1108
"806",1101.5
"807",1105.09997558594
"808",1122.19995117188
"809",1124
"810",1127.40002441406
"811",1107.40002441406
"812",1099.30004882812
"813",1103.5
"814",1088.59997558594
"815",1092.69995117188
"816",1104.19995117188
"817",1110.30004882812
"818",1104.5
"819",1113.30004882812
"820",1125.09997558594
"821",1132.90002441406
"822",1135.09997558594
"823",1152.30004882812
"824",1152.19995117188
"825",1161.09997558594
"826",1161.59997558594
"827",1152.80004882812
"828",1159
"829",1159.69995117188
"830",1136.30004882812
"831",1135.19995117188
"832",1138.59997558594
"833",1148.19995117188
"834",1142.30004882812
"835",1153.09997558594
"836",1153.5
"837",1161.69995117188
"838",1171.30004882812
"839",1168.40002441406
"840",1180.09997558594
"841",1182.69995117188
"842",1168.59997558594
"843",1174.59997558594
"844",1196.90002441406
"845",1210
"846",1200.40002441406
"847",1219.90002441406
"848",1242.69995117188
"849",1228.80004882812
"850",1227.40002441406
"851",1227.69995117188
"852",1214.30004882812
"853",1192.59997558594
"854",1187.80004882812
"855",1175.69995117188
"856",1193.80004882812
"857",1197.80004882812
"858",1213.30004882812
"859",1211.90002441406
"860",1212.19995117188
"861",1224.80004882812
"862",1220.59997558594
"863",1208.30004882812
"864",1216.19995117188
"865",1239.30004882812
"866",1244
"867",1228.5
"868",1220.80004882812
"869",1228.90002441406
"870",1223.30004882812
"871",1233.19995117188
"872",1229.30004882812
"873",1247.5
"874",1257.19995117188
"875",1239.69995117188
"876",1239.90002441406
"877",1234.09997558594
"878",1245.5
"879",1255.80004882812
"880",1238.19995117188
"881",1242
"882",1245.5
"883",1206.30004882812
"884",1207.40002441406
"885",1194.80004882812
"886",1198.59997558594
"887",1195.80004882812
"888",1209.59997558594
"889",1198.5
"890",1213.30004882812
"891",1206.80004882812
"892",1208.09997558594
"893",1188
"894",1181.69995117188
"895",1191.5
"896",1191.59997558594
"897",1195.5
"898",1187.69995117188
"899",1183
"900",1158
"901",1160.40002441406
"902",1168.40002441406
"903",1181.69995117188
"904",1183.40002441406
"905",1185.19995117188
"906",1193.69995117188
"907",1197.19995117188
"908",1203.40002441406
"909",1200.69995117188
"910",1196.19995117188
"911",1197.5
"912",1214.80004882812
"913",1214.90002441406
"914",1224.5
"915",1226.59997558594
"916",1229.69995117188
"917",1233.80004882812
"918",1227.19995117188
"919",1226.90002441406
"920",1231.80004882812
"921",1239.5
"922",1235.40002441406
"923",1236
"924",1237.09997558594
"925",1248.30004882812
"926",1246.30004882812
"927",1251.5
"928",1249.19995117188
"929",1257.30004882812
"930",1255.59997558594
"931",1248.90002441406
"932",1244.5
"933",1245.09997558594
"934",1269.69995117188
"935",1266.69995117188
"936",1271.90002441406
"937",1275.59997558594
"938",1279
"939",1272.40002441406
"940",1290.19995117188
"941",1294.30004882812
"942",1296
"943",1296.69995117188
"944",1306.59997558594
"945",1308.5
"946",1307.80004882812
"947",1316.09997558594
"948",1315.40002441406
"949",1338.90002441406
"950",1346.40002441406
"951",1333.90002441406
"952",1344.19995117188
"953",1353.30004882812
"954",1345.69995117188
"955",1369.5
"956",1376.69995117188
"957",1371.09997558594
"958",1371.19995117188
"959",1335.09997558594
"960",1343.30004882812
"961",1324.69995117188
"962",1324.40002441406
"963",1338.30004882812
"964",1338
"965",1322.19995117188
"966",1342.09997558594
"967",1357.09997558594
"968",1350.19995117188
"969",1356.40002441406
"970",1337.09997558594
"971",1382.69995117188
"972",1397.30004882812
"973",1402.80004882812
"974",1409.80004882812
"975",1399.09997558594
"976",1403.09997558594
"977",1365.40002441406
"978",1368.40002441406
"979",1338.30004882812
"980",1336.80004882812
"981",1352.90002441406
"982",1352.19995117188
"983",1357.69995117188
"984",1377.5
"985",1372.90002441406
"986",1362.30004882812
"987",1366
"988",1385
"989",1387.30004882812
"990",1388.5
"991",1405.40002441406
"992",1415.30004882812
"993",1408.30004882812
"994",1382.5
"995",1392.09997558594
"996",1384.30004882812
"997",1397.30004882812
"998",1403.59997558594
"999",1385.5
"1000",1370.40002441406
"1001",1378.59997558594
"1002",1385.5
"1003",1388.19995117188
"1004",1386.80004882812
"1005",1380
"1006",1382.40002441406
"1007",1405.19995117188
"1008",1413.09997558594
"1009",1405.59997558594
"1010",1421.09997558594
"1011",1422.59997558594
"1012",1378.5
"1013",1373.40002441406
"1014",1371.40002441406
"1015",1368.5
"1016",1373.69995117188
"1017",1384
"1018",1385.69995117188
"1019",1386.90002441406
"1020",1360.40002441406
"1021",1368.09997558594
"1022",1370.19995117188
"1023",1346.5
"1024",1341
"1025",1344.5
"1026",1332.30004882812
"1027",1333
"1028",1318.40002441406
"1029",1340.69995117188
"1030",1333.80004882812
"1031",1339.59997558594
"1032",1331.5
"1033",1352.30004882812
"1034",1348.30004882812
"1035",1347.59997558594
"1036",1363.40002441406
"1037",1364.80004882812
"1038",1361.90002441406
"1039",1359.90002441406
"1040",1364.59997558594
"1041",1373.59997558594
"1042",1374.69995117188
"1043",1384.69995117188
"1044",1388.19995117188
"1045",1400.5
"1046",1413.40002441406
"1047",1415.30004882812
"1048",1408.69995117188
"1049",1409.30004882812
"1050",1430.69995117188
"1051",1437.19995117188
"1052",1416
"1053",1428.19995117188
"1054",1434.09997558594
"1055",1426.90002441406
"1056",1429.30004882812
"1057",1412.19995117188
"1058",1421.5
"1059",1424.59997558594
"1060",1392.59997558594
"1061",1396
"1062",1404
"1063",1415.90002441406
"1064",1426.19995117188
"1065",1427.5
"1066",1437.90002441406
"1067",1434.80004882812
"1068",1426.09997558594
"1069",1419.80004882812
"1070",1416
"1071",1423.80004882812
"1072",1438.90002441406
"1073",1428.09997558594
"1074",1432.19995117188
"1075",1451.80004882812
"1076",1457.69995117188
"1077",1458.5
"1078",1473.40002441406
"1079",1467.40002441406
"1080",1452.90002441406
"1081",1454.90002441406
"1082",1471.69995117188
"1083",1485.30004882812
"1084",1492.30004882812
"1085",1494.5
"1086",1498.30004882812
"1087",1503.19995117188
"1088",1508.59997558594
"1089",1503
"1090",1516.69995117188
"1091",1530.80004882812
"1092",1556
"1093",1556.69995117188
"1094",1540.09997558594
"1095",1514.90002441406
"1096",1480.90002441406
"1097",1491.19995117188
"1098",1502.90002441406
"1099",1516.59997558594
"1100",1501.09997558594
"1101",1506.59997558594
"1102",1493.40002441406
"1103",1490.40002441406
"1104",1479.80004882812
"1105",1495.59997558594
"1106",1492.19995117188
"1107",1508.80004882812
"1108",1515.30004882812
"1109",1523.19995117188
"1110",1526.59997558594
"1111",1522.80004882812
"1112",1536.30004882812
"1113",1535.90002441406
"1114",1542.40002441406
"1115",1532
"1116",1541.69995117188
"1117",1546.5
"1118",1543.30004882812
"1119",1538.09997558594
"1120",1542.09997558594
"1121",1528.59997558594
"1122",1515
"1123",1523.80004882812
"1124",1525.59997558594
"1125",1529.30004882812
"1126",1538.59997558594
"1127",1541.5
"1128",1546
"1129",1552.90002441406
"1130",1520.09997558594
"1131",1500.5
"1132",1496
"1133",1499.69995117188
"1134",1509.90002441406
"1135",1502.30004882812
"1136",1482.30004882812
"1137",1512.30004882812
"1138",1528.69995117188
"1139",1530.19995117188
"1140",1541.19995117188
"1141",1548.80004882812
"1142",1561.90002441406
"1143",1585.19995117188
"1144",1589
"1145",1589.80004882812
"1146",1602.09997558594
"1147",1600.90002441406
"1148",1596.69995117188
"1149",1586.80004882812
"1150",1601.30004882812
"1151",1612
"1152",1616.59997558594
"1153",1615
"1154",1613.40002441406
"1155",1628.30004882812
"1156",1619
"1157",1641.90002441406
"1158",1663.40002441406
"1159",1656.19995117188
"1160",1648.80004882812
"1161",1710.19995117188
"1162",1740
"1163",1781.30004882812
"1164",1748.80004882812
"1165",1740.19995117188
"1166",1755.5
"1167",1782.40002441406
"1168",1791.19995117188
"1169",1818.90002441406
"1170",1848.90002441406
"1171",1888.69995117188
"1172",1858.30004882812
"1173",1754.09997558594
"1174",1759.80004882812
"1175",1794.09997558594
"1176",1788.40002441406
"1177",1826.69995117188
"1178",1828.5
"1179",1826
"1180",1873.69995117188
"1181",1869.90002441406
"1182",1814.19995117188
"1183",1854.40002441406
"1184",1856.40002441406
"1185",1809.90002441406
"1186",1826.80004882812
"1187",1823.5
"1188",1778.5
"1189",1812.09997558594
"1190",1776.40002441406
"1191",1806.59997558594
"1192",1805.5
"1193",1739.19995117188
"1194",1637.5
"1195",1592.5
"1196",1650.59997558594
"1197",1616.30004882812
"1198",1615.5
"1199",1620.40002441406
"1200",1656
"1201",1614.69995117188
"1202",1640.30004882812
"1203",1651.90002441406
"1204",1634.5
"1205",1669.59997558594
"1206",1659.69995117188
"1207",1681.30004882812
"1208",1667.30004882812
"1209",1681.80004882812
"1210",1675.5
"1211",1651.69995117188
"1212",1646
"1213",1611.90002441406
"1214",1635.09997558594
"1215",1651.5
"1216",1699.59997558594
"1217",1722.69995117188
"1218",1746.69995117188
"1219",1746.19995117188
"1220",1724.19995117188
"1221",1711
"1222",1728.69995117188
"1223",1764.19995117188
"1224",1755.30004882812
"1225",1790.30004882812
"1226",1798.40002441406
"1227",1790.90002441406
"1228",1758.90002441406
"1229",1787.5
"1230",1777.80004882812
"1231",1781.69995117188
"1232",1773.80004882812
"1233",1719.80004882812
"1234",1724.69995117188
"1235",1678.30004882812
"1236",1702.19995117188
"1237",1695.69995117188
"1238",1685.5
"1239",1710.80004882812
"1240",1713.40002441406
"1241",1745.5
"1242",1735.30004882812
"1243",1747
"1244",1730.69995117188
"1245",1727.90002441406
"1246",1740.90002441406
"1247",1709.80004882812
"1248",1712.80004882812
"1249",1664.19995117188
"1250",1659.90002441406
"1251",1584.30004882812
"1252",1574.59997558594
"1253",1595.59997558594
"1254",1594.40002441406
"1255",1615.59997558594
"1256",1611.90002441406
"1257",1608.90002441406
"1258",1604.69995117188
"1259",1594.19995117188
"1260",1562.90002441406
"1261",1539.90002441406
"1262",1565.80004882812
"1263",1599.69995117188
"1264",1611.90002441406
"1265",1619.40002441406
"1266",1616.09997558594
"1267",1607.5
"1268",1631
"1269",1639.19995117188
"1270",1647.30004882812
"1271",1630.40002441406
"1272",1655.19995117188
"1273",1659.5
"1274",1654.09997558594
"1275",1663.69995117188
"1276",1678
"1277",1664.19995117188
"1278",1699.80004882812
"1279",1726.30004882812
"1280",1731.80004882812
"1281",1731
"1282",1737.80004882812
"1283",1747.09997558594
"1284",1756.80004882812
"1285",1737.90002441406
"1286",1722.80004882812
"1287",1746.40002441406
"1288",1729.30004882812
"1289",1739
"1290",1723.30004882812
"1291",1723
"1292",1715.90002441406
"1293",1726.30004882812
"1294",1726.80004882812
"1295",1724.5
"1296",1757.09997558594
"1297",1770
"1298",1784.90002441406
"1299",1775.09997558594
"1300",1773.59997558594
"1301",1787
"1302",1709.90002441406
"1303",1721.09997558594
"1304",1708.80004882812
"1305",1703
"1306",1671.40002441406
"1307",1683.30004882812
"1308",1698.09997558594
"1309",1710.90002441406
"1310",1699.19995117188
"1311",1693.69995117188
"1312",1642.5
"1313",1659.09997558594
"1314",1655.5
"1315",1666.90002441406
"1316",1646.69995117188
"1317",1650
"1318",1642.30004882812
"1319",1662.30004882812
"1320",1685.5
"1321",1684.80004882812
"1322",1657.90002441406
"1323",1652.19995117188
"1324",1669.30004882812
"1325",1677.5
"1326",1670
"1327",1612.30004882812
"1328",1628.5
"1329",1642.5
"1330",1659.5
"1331",1659
"1332",1679.5
"1333",1659.09997558594
"1334",1648.69995117188
"1335",1650.30004882812
"1336",1638.80004882812
"1337",1640.59997558594
"1338",1642.09997558594
"1339",1631.90002441406
"1340",1643
"1341",1641.40002441406
"1342",1659.59997558594
"1343",1664
"1344",1663.40002441406
"1345",1661.69995117188
"1346",1653.40002441406
"1347",1634.19995117188
"1348",1644.69995117188
"1349",1638.59997558594
"1350",1604
"1351",1593.69995117188
"1352",1595.09997558594
"1353",1583.59997558594
"1354",1560.59997558594
"1355",1556.80004882812
"1356",1536.19995117188
"1357",1574.5
"1358",1591.59997558594
"1359",1588.40002441406
"1360",1576.30004882812
"1361",1548.09997558594
"1362",1557.30004882812
"1363",1568.80004882812
"1364",1548.59997558594
"1365",1563.40002441406
"1366",1562.59997558594
"1367",1620.5
"1368",1612.19995117188
"1369",1615.19995117188
"1370",1632.80004882812
"1371",1586.59997558594
"1372",1590.09997558594
"1373",1595.5
"1374",1612.69995117188
"1375",1618.09997558594
"1376",1618.40002441406
"1377",1627
"1378",1625.69995117188
"1379",1622.19995117188
"1380",1614.80004882812
"1381",1564.5
"1382",1566
"1383",1587.5
"1384",1574
"1385",1577.5
"1386",1549.69995117188
"1387",1603.5
"1388",1597.19995117188
"1389",1621.30004882812
"1390",1608.90002441406
"1391",1578.40002441406
"1392",1588.59997558594
"1393",1579.30004882812
"1394",1575.19995117188
"1395",1564.90002441406
"1396",1591.59997558594
"1397",1591.19995117188
"1398",1589.09997558594
"1399",1570.40002441406
"1400",1580.09997558594
"1401",1582.5
"1402",1577.09997558594
"1403",1576
"1404",1608
"1405",1615
"1406",1617.90002441406
"1407",1619.69995117188
"1408",1610.5
"1409",1603.69995117188
"1410",1587.40002441406
"1411",1606
"1412",1612.90002441406
"1413",1609.69995117188
"1414",1612.90002441406
"1415",1617.09997558594
"1416",1619.69995117188
"1417",1609.59997558594
"1418",1599.40002441406
"1419",1603.69995117188
"1420",1616.09997558594
"1421",1616.30004882812
"1422",1620.09997558594
"1423",1639.90002441406
"1424",1637.40002441406
"1425",1669.59997558594
"1426",1669.80004882812
"1427",1672.40002441406
"1428",1666.5
"1429",1659.80004882812
"1430",1653.5
"1431",1684.59997558594
"1432",1692.90002441406
"1433",1690.80004882812
"1434",1702.59997558594
"1435",1737.5
"1436",1728.69995117188
"1437",1731.80004882812
"1438",1730.59997558594
"1439",1769.09997558594
"1440",1769.80004882812
"1441",1767.69995117188
"1442",1768.40002441406
"1443",1769
"1444",1767.69995117188
"1445",1775.5
"1446",1762.09997558594
"1447",1763.80004882812
"1448",1750.59997558594
"1449",1777.59997558594
"1450",1771.09997558594
"1451",1780.5
"1452",1772.69995117188
"1453",1777.30004882812
"1454",1794.09997558594
"1455",1778.59997558594
"1456",1773.5
"1457",1763
"1458",1763.19995117188
"1459",1768.80004882812
"1460",1758
"1461",1736
"1462",1744.69995117188
"1463",1751.5
"1464",1743.30004882812
"1465",1722.80004882812
"1466",1725.09997558594
"1467",1708.30004882812
"1468",1700.5
"1469",1712
"1470",1710.90002441406
"1471",1717.5
"1472",1714.09997558594
"1473",1674.09997558594
"1474",1682.19995117188
"1475",1714.09997558594
"1476",1713.19995117188
"1477",1725.40002441406
"1478",1730.30004882812
"1479",1730.30004882812
"1480",1724.19995117188
"1481",1729.5
"1482",1713.30004882812
"1483",1714.30004882812
"1484",1734
"1485",1723.19995117188
"1486",1727.90002441406
"1487",1751.30004882812
"1488",1749.5
"1489",1742.19995117188
"1490",1716.5
"1491",1727.19995117188
"1492",1710.90002441406
"1493",1719.59997558594
"1494",1694.40002441406
"1495",1692.40002441406
"1496",1700.30004882812
"1497",1704
"1498",1713
"1499",1708.19995117188
"1500",1716.59997558594
"1501",1695.59997558594
"1502",1695.80004882812
"1503",1697
"1504",1669.5
"1505",1666.5
"1506",1644.90002441406
"1507",1659.09997558594
"1508",1658.59997558594
"1509",1659.80004882812
"1510",1662.59997558594
"1511",1654.90002441406
"1512",1674.80004882812
"1513",1687.90002441406
"1514",1673.69995117188
"1515",1648.09997558594
"1516",1645.5
"1517",1661.5
"1518",1654.80004882812
"1519",1677.30004882812
"1520",1660
"1521",1668.90002441406
"1522",1683.40002441406
"1523",1682.69995117188
"1524",1690.40002441406
"1525",1686.59997558594
"1526",1692.80004882812
"1527",1686.30004882812
"1528",1669.5
"1529",1656.40002441406
"1530",1652.40002441406
"1531",1660.69995117188
"1532",1679.90002441406
"1533",1660.59997558594
"1534",1669.40002441406
"1535",1675.30004882812
"1536",1672.40002441406
"1537",1677.69995117188
"1538",1670.40002441406
"1539",1666
"1540",1648.19995117188
"1541",1648.69995117188
"1542",1644.19995117188
"1543",1634.69995117188
"1544",1608.80004882812
"1545",1603.59997558594
"1546",1577.59997558594
"1547",1578.19995117188
"1548",1572.40002441406
"1549",1586.19995117188
"1550",1615.19995117188
"1551",1595.19995117188
"1552",1577.69995117188
"1553",1571.90002441406
"1554",1572.09997558594
"1555",1574.59997558594
"1556",1574.59997558594
"1557",1574.80004882812
"1558",1576.59997558594
"1559",1577.80004882812
"1560",1591.5
"1561",1588.30004882812
"1562",1590.59997558594
"1563",1592.5
"1564",1604.59997558594
"1565",1611.30004882812
"1566",1607.5
"1567",1613.80004882812
"1568",1606.19995117188
"1569",1604.59997558594
"1570",1595.80004882812
"1571",1606.19995117188
"1572",1594.80004882812
"1573",NA
"1574",1600
"1575",1575.09997558594
"1576",1552.80004882812
"1577",1551.80004882812
"1578",1575.40002441406
"1579",1572
"1580",1586.19995117188
"1581",1558.30004882812
"1582",1564.30004882812
"1583",1501
"1584",1360.59997558594
"1585",1386.80004882812
"1586",1382.19995117188
"1587",1392
"1588",1395.30004882812
"1589",1421
"1590",1408.59997558594
"1591",1423.40002441406
"1592",1461.80004882812
"1593",1453.59997558594
"1594",1467.40002441406
"1595",1472.19995117188
"1596",1446.30004882812
"1597",1467.69995117188
"1598",1464.30004882812
"1599",1468.09997558594
"1600",1449
"1601",1473.90002441406
"1602",1468.80004882812
"1603",1436.80004882812
"1604",1434.5
"1605",1424.69995117188
"1606",1396.5
"1607",1387.09997558594
"1608",1364.90002441406
"1609",1384.30004882812
"1610",1377.80004882812
"1611",1367.59997558594
"1612",1392
"1613",1386.80004882812
"1614",1379.09997558594
"1615",1391.30004882812
"1616",1411.5
"1617",1392.59997558594
"1618",1411.69995117188
"1619",1397.09997558594
"1620",1398.40002441406
"1621",1415.69995117188
"1622",1383
"1623",1386.19995117188
"1624",1377
"1625",1391.80004882812
"1626",1377.59997558594
"1627",1387.30004882812
"1628",1382.80004882812
"1629",1366.59997558594
"1630",1373.59997558594
"1631",1285.90002441406
"1632",1291.59997558594
"1633",1276.80004882812
"1634",1274.80004882812
"1635",1229.59997558594
"1636",1211.40002441406
"1637",1223.80004882812
"1638",1255.90002441406
"1639",1243.59997558594
"1640",1252.09997558594
"1641",1212.90002441406
"1642",1234.90002441406
"1643",1245.90002441406
"1644",1247.40002441406
"1645",1280.09997558594
"1646",1277.80004882812
"1647",1283.80004882812
"1648",1290.80004882812
"1649",1277.90002441406
"1650",1284.59997558594
"1651",1293.30004882812
"1652",1336.40002441406
"1653",1335.09997558594
"1654",1319.69995117188
"1655",1329
"1656",1321.69995117188
"1657",1328.40002441406
"1658",1324
"1659",1312.40002441406
"1660",1311
"1661",1310.59997558594
"1662",1302.59997558594
"1663",1283.19995117188
"1664",1286.09997558594
"1665",1310.69995117188
"1666",1312.90002441406
"1667",1334.69995117188
"1668",1321.19995117188
"1669",1334
"1670",1361.59997558594
"1671",1371.69995117188
"1672",1366.19995117188
"1673",1373.09997558594
"1674",1370.59997558594
"1675",1371.19995117188
"1676",1395.69995117188
"1677",1393
"1678",1420.59997558594
"1679",1419
"1680",1412.90002441406
"1681",1396.09997558594
"1682",1412
"1683",1389.90002441406
"1684",1373.09997558594
"1685",1386.69995117188
"1686",1386.80004882812
"1687",1364.09997558594
"1688",1363.90002441406
"1689",1330.40002441406
"1690",1308.40002441406
"1691",1317.90002441406
"1692",1309.5
"1693",1307.80004882812
"1694",1369.40002441406
"1695",1332.5
"1696",1326.90002441406
"1697",1316
"1698",1335.90002441406
"1699",1323.59997558594
"1700",1338.40002441406
"1701",1326.5
"1702",1286
"1703",1320.59997558594
"1704",1317.40002441406
"1705",1309.69995117188
"1706",1324.80004882812
"1707",1324.19995117188
"1708",1306.90002441406
"1709",1296.59997558594
"1710",1268
"1711",1276.40002441406
"1712",1273
"1713",1282
"1714",1322.69995117188
"1715",1314.40002441406
"1716",1315.69995117188
"1717",1342.5
"1718",1333.90002441406
"1719",1350.19995117188
"1720",1352.40002441406
"1721",1352
"1722",1345.19995117188
"1723",1349
"1724",1323.59997558594
"1725",1313.09997558594
"1726",1314.59997558594
"1727",1308
"1728",1317.69995117188
"1729",1308.40002441406
"1730",1284.5
"1731",1281
"1732",1271.09997558594
"1733",1268.30004882812
"1734",1286.19995117188
"1735",1287.30004882812
"1736",1272.19995117188
"1737",1273.40002441406
"1738",1257.90002441406
"1739",1243.5
"1740",1244
"1741",1241.09997558594
"1742",1241.40002441406
"1743",1237.80004882812
"1744",1250.59997558594
"1745",1222.30004882812
"1746",1221.69995117188
"1747",1248.19995117188
"1748",1233.19995117188
"1749",1230.30004882812
"1750",1235.30004882812
"1751",1262.40002441406
"1752",1258.5
"1753",1226
"1754",1235.69995117188
"1755",1245.5
"1756",1231.19995117188
"1757",1236.09997558594
"1758",1195
"1759",1205.09997558594
"1760",1198.40002441406
"1761",1205.09997558594
"1762",1214.09997558594
"1763",1216.09997558594
"1764",1203.09997558594
"1765",1201.90002441406
"1766",1225
"1767",1238.40002441406
"1768",1237.80004882812
"1769",1229.40002441406
"1770",1225.30004882812
"1771",1229.30004882812
"1772",1246.69995117188
"1773",1250.90002441406
"1774",1245.19995117188
"1775",1238.09997558594
"1776",1240
"1777",1251.69995117188
"1778",1242.30004882812
"1779",1239
"1780",1262.59997558594
"1781",1264.5
"1782",1263.59997558594
"1783",1251
"1784",1262.19995117188
"1785",1242.19995117188
"1786",1240.09997558594
"1787",1260.40002441406
"1788",1251.69995117188
"1789",1257.30004882812
"1790",1257.59997558594
"1791",1263.30004882812
"1792",1274.80004882812
"1793",1290.09997558594
"1794",1295.30004882812
"1795",1300.40002441406
"1796",1319
"1797",1324.69995117188
"1798",1320.59997558594
"1799",1317.09997558594
"1800",1323.90002441406
"1801",1338.30004882812
"1802",1343
"1803",1328.19995117188
"1804",1331.59997558594
"1805",1321.40002441406
"1806",1350.09997558594
"1807",1337.80004882812
"1808",1340.19995117188
"1809",1351.69995117188
"1810",1338.09997558594
"1811",1341.40002441406
"1812",1346.5
"1813",1370.30004882812
"1814",1372.19995117188
"1815",1379
"1816",1372.90002441406
"1817",1359
"1818",1341.40002441406
"1819",1330.5
"1820",1336
"1821",1311.19995117188
"1822",1311.40002441406
"1823",1303.40002441406
"1824",1294.69995117188
"1825",1293.80004882812
"1826",1283.40002441406
"1827",1279.59997558594
"1828",1290.5
"1829",1284.40002441406
"1830",1303.19995117188
"1831",1298
"1832",1308.69995117188
"1833",1305.5
"1834",1320.09997558594
"1835",1318.69995117188
"1836",1327.19995117188
"1837",1300
"1838",1303.09997558594
"1839",1293.40002441406
"1840",1288
"1841",1280.59997558594
"1842",1284.19995117188
"1843",1290.5
"1844",1300.69995117188
"1845",1298.90002441406
"1846",1296
"1847",1295.59997558594
"1848",1283.09997558594
"1849",1302.59997558594
"1850",1309
"1851",1308.30004882812
"1852",1288.59997558594
"1853",1287.40002441406
"1854",1287.30004882812
"1855",1295.59997558594
"1856",1294.59997558594
"1857",1305.69995117188
"1858",1293.5
"1859",1293.30004882812
"1860",1293.69995117188
"1861",1294.5
"1862",1288
"1863",1294.90002441406
"1864",1291.59997558594
"1865",1265.40002441406
"1866",1259.30004882812
"1867",1256.30004882812
"1868",1245.59997558594
"1869",1243.69995117188
"1870",1244.30004882812
"1871",1244
"1872",1253
"1873",1252.09997558594
"1874",1253.5
"1875",1259.80004882812
"1876",1260.80004882812
"1877",1273.59997558594
"1878",1273.69995117188
"1879",1274.90002441406
"1880",1271.69995117188
"1881",1272.40002441406
"1882",1313.69995117188
"1883",1316.19995117188
"1884",1318
"1885",1320.90002441406
"1886",1322.19995117188
"1887",1316.09997558594
"1888",1319
"1889",1321.80004882812
"1890",1326.40002441406
"1891",1330.69995117188
"1892",1320.40002441406
"1893",1316.5
"1894",1316
"1895",1323.80004882812
"1896",1338.69995117188
"1897",1337
"1898",1306.30004882812
"1899",1296.90002441406
"1900",1299.59997558594
"1901",1316.69995117188
"1902",1309.19995117188
"1903",1313.69995117188
"1904",1306.09997558594
"1905",1304.5
"1906",1290.59997558594
"1907",1303.09997558594
"1908",1303.30004882812
"1909",1298.30004882812
"1910",1294.90002441406
"1911",1281.30004882812
"1912",1293.59997558594
"1913",1287.69995117188
"1914",1284
"1915",1306.69995117188
"1916",1310.80004882812
"1917",1308.90002441406
"1918",1308.5
"1919",1308.80004882812
"1920",1312.80004882812
"1921",1313.90002441406
"1922",1304.5
"1923",1297.69995117188
"1924",1295.09997558594
"1925",1293.40002441406
"1926",1273.69995117188
"1927",1278.59997558594
"1928",1277.30004882812
"1929",1283.80004882812
"1930",1281.90002441406
"1931",1288.69995117188
"1932",1285.80004882812
"1933",1263.69995117188
"1934",1268.90002441406
"1935",1265.09997558594
"1936",1265.80004882812
"1937",1252.69995117188
"1938",1246.80004882812
"1939",1243.5
"1940",1237.40002441406
"1941",1229.90002441406
"1942",1233.59997558594
"1943",1235.19995117188
"1944",1234.40002441406
"1945",1225.69995117188
"1946",1215.30004882812
"1947",1216.80004882812
"1948",1221
"1949",1218.59997558594
"1950",1221.19995117188
"1951",1214.09997558594
"1952",1217.5
"1953",1210.5
"1954",1214.59997558594
"1955",1214.19995117188
"1956",1192.19995117188
"1957",1206.69995117188
"1958",1211.69995117188
"1959",1205.30004882812
"1960",1224.59997558594
"1961",1221
"1962",1229.30004882812
"1963",1233.59997558594
"1964",1244.09997558594
"1965",1240.5
"1966",1238.30004882812
"1967",1244
"1968",1251
"1969",1244.80004882812
"1970",1228.5
"1971",1231.19995117188
"1972",1229.09997558594
"1973",1229.19995117188
"1974",1224.30004882812
"1975",1198.09997558594
"1976",1171.09997558594
"1977",1169.40002441406
"1978",1167.40002441406
"1979",1145.40002441406
"1980",1142.30004882812
"1981",1169.59997558594
"1982",1159.59997558594
"1983",1162.80004882812
"1984",1158.90002441406
"1985",1161.09997558594
"1986",1185
"1987",1183
"1988",1196.69995117188
"1989",1193.59997558594
"1990",1190.69995117188
"1991",1197.5
"1992",1195.5
"1993",1197.09997558594
"1994",1196.59997558594
"1995",1175.19995117188
"1996",1218
"1997",1199.19995117188
"1998",1208.5
"1999",1207.5
"2000",1190.09997558594
"2001",1194.69995117188
"2002",1231.5
"2003",1228.90002441406
"2004",1225.09997558594
"2005",1222
"2006",1207.19995117188
"2007",1193.90002441406
"2008",1194.30004882812
"2009",1194.69995117188
"2010",1195.90002441406
"2011",1179.69995117188
"2012",1177.90002441406
"2013",1173.5
"2014",1195.30004882812
"2015",1181.69995117188
"2016",1200.19995117188
"2017",1183.90002441406
"2018",1186
"2019",1203.90002441406
"2020",1219.30004882812
"2021",1210.59997558594
"2022",1208.40002441406
"2023",1216
"2024",1232.69995117188
"2025",1234.30004882812
"2026",1234.40002441406
"2027",1264.69995117188
"2028",1276.90002441406
"2029",1294.19995117188
"2030",1293.69995117188
"2031",1300.69995117188
"2032",1292.59997558594
"2033",1279.40002441406
"2034",1291.69995117188
"2035",1285.90002441406
"2036",1254.59997558594
"2037",1278.5
"2038",1276.19995117188
"2039",1259.69995117188
"2040",1263.80004882812
"2041",1262
"2042",1233.90002441406
"2043",1240.80004882812
"2044",1231.59997558594
"2045",1219
"2046",1220.09997558594
"2047",1226.5
"2048",1208.09997558594
"2049",1199.69995117188
"2050",1207.09997558594
"2051",1204.40002441406
"2052",1200.30004882812
"2053",1196.90002441406
"2054",1201
"2055",1209.59997558594
"2056",1212.59997558594
"2057",1207.69995117188
"2058",1204
"2059",1200.59997558594
"2060",1195.90002441406
"2061",1164.09997558594
"2062",1166.40002441406
"2063",1160.09997558594
"2064",1150.69995117188
"2065",1152.09997558594
"2066",1152.59997558594
"2067",1153.30004882812
"2068",1148.30004882812
"2069",1151.40002441406
"2070",1169.09997558594
"2071",1184.80004882812
"2072",1188
"2073",1191.69995117188
"2074",1197.30004882812
"2075",1205.09997558594
"2076",1199.80004882812
"2077",1184.80004882812
"2078",1183.09997558594
"2079",1208.09997558594
"2080",1200.90002441406
"2081",1218.59997558594
"2082",1210.59997558594
"2083",1203.09997558594
"2084",1193.59997558594
"2085",1204.59997558594
"2086",1199.30004882812
"2087",1192.80004882812
"2088",1201.5
"2089",1198
"2090",1202.90002441406
"2091",1193.5
"2092",1202.90002441406
"2093",1186.90002441406
"2094",1194.40002441406
"2095",1175.19995117188
"2096",1203.30004882812
"2097",1214
"2098",1209.80004882812
"2099",1182.40002441406
"2100",1174.5
"2101",1186.80004882812
"2102",1193.19995117188
"2103",1190.30004882812
"2104",1182.40002441406
"2105",1189.09997558594
"2106",1183.19995117188
"2107",1192.59997558594
"2108",1218.40002441406
"2109",1225.40002441406
"2110",1225.5
"2111",1227.80004882812
"2112",1206.90002441406
"2113",1208.90002441406
"2114",1204.40002441406
"2115",1204.30004882812
"2116",1187.19995117188
"2117",1185.90002441406
"2118",1188.09997558594
"2119",1189.40002441406
"2120",1188.30004882812
"2121",1194.09997558594
"2122",1184.69995117188
"2123",1174.90002441406
"2124",1167.80004882812
"2125",1173.19995117188
"2126",1177.30004882812
"2127",1186.09997558594
"2128",1179.90002441406
"2129",1178.80004882812
"2130",1185.30004882812
"2131",1180.5
"2132",1176.40002441406
"2133",1201.5
"2134",1201.5
"2135",1183.69995117188
"2136",1176.19995117188
"2137",1172.59997558594
"2138",1171.5
"2139",1172.90002441406
"2140",1178.5
"2141",1171.5
"2142",1169
"2143",1163
"2144",1172.90002441406
"2145",1152.40002441406
"2146",1163.30004882812
"2147",1159
"2148",1157.69995117188
"2149",1155.19995117188
"2150",1153.30004882812
"2151",1147.19995117188
"2152",1143.80004882812
"2153",1131.80004882812
"2154",1106.69995117188
"2155",1103.40002441406
"2156",1091.40002441406
"2157",1094
"2158",1085.59997558594
"2159",1096.5
"2160",1096.30004882812
"2161",1092.69995117188
"2162",1088.40002441406
"2163",1094.90002441406
"2164",1089.40002441406
"2165",1090.69995117188
"2166",1085.69995117188
"2167",1090.19995117188
"2168",1094.09997558594
"2169",1104.19995117188
"2170",1107.59997558594
"2171",1123.19995117188
"2172",1115.69995117188
"2173",1112.90002441406
"2174",1118.59997558594
"2175",1117.09997558594
"2176",1128.09997558594
"2177",1153
"2178",1159.59997558594
"2179",1153.40002441406
"2180",1138.19995117188
"2181",1124.59997558594
"2182",1122.40002441406
"2183",1133.09997558594
"2184",1131.59997558594
"2185",1138.69995117188
"2186",1132.5
"2187",1123.69995117188
"2188",1120.59997558594
"2189",1120.40002441406
"2190",1102.19995117188
"2191",1109.5
"2192",1103.5
"2193",1107.69995117188
"2194",1102.80004882812
"2195",1119.19995117188
"2196",1117.30004882812
"2197",1138.09997558594
"2198",1133.09997558594
"2199",1125
"2200",1131.59997558594
"2201",1153.80004882812
"2202",1146
"2203",1132
"2204",1127.09997558594
"2205",1115.5
"2206",1114.19995117188
"2207",1137.09997558594
"2208",1138.09997558594
"2209",1146.80004882812
"2210",1149
"2211",1144.69995117188
"2212",1156.30004882812
"2213",1164.90002441406
"2214",1165.80004882812
"2215",1180.09997558594
"2216",1187.90002441406
"2217",1183.59997558594
"2218",1173.30004882812
"2219",1178
"2220",1167.59997558594
"2221",1166.59997558594
"2222",1163.30004882812
"2223",1167
"2224",1166.80004882812
"2225",1177.09997558594
"2226",1147.19995117188
"2227",1141.5
"2228",1135.80004882812
"2229",1114.19995117188
"2230",1106.5
"2231",1104.40002441406
"2232",1087.59997558594
"2233",1087.90002441406
"2234",1088.19995117188
"2235",1084.69995117188
"2236",1080.80004882812
"2237",1080.80004882812
"2238",1083.69995117188
"2239",1068.69995117188
"2240",1068.80004882812
"2241",1078
"2242",1076.40002441406
"2243",1066.80004882812
"2244",1074.30004882812
"2245",1070.5
"2246",1056.19995117188
"2247",1065.80004882812
"2248",1063.80004882812
"2249",1054.19995117188
"2250",1061.69995117188
"2251",1084.5
"2252",1076.40002441406
"2253",1076.30004882812
"2254",1077.59997558594
"2255",1073.09997558594
"2256",1076.90002441406
"2257",1064.69995117188
"2258",1062.90002441406
"2259",1078
"2260",1050.80004882812
"2261",1066.19995117188
"2262",1081.90002441406
"2263",1074.80004882812
"2264",1069.40002441406
"2265",1077.19995117188
"2266",1070.5
"2267",1077.5
"2268",1060.09997558594
"2269",1060.30004882812
"2270",1075.09997558594
"2271",1078.40002441406
"2272",1091.90002441406
"2273",1107.69995117188
"2274",1097.80004882812
"2275",1096.5
"2276",1085.59997558594
"2277",1087.5
"2278",1073.90002441406
"2279",1091.5
"2280",NA
"2281",1089.90002441406
"2282",1107.09997558594
"2283",1099.09997558594
"2284",1097.19995117188
"2285",1106.19995117188
"2286",1121.69995117188
"2287",1116.09997558594
"2288",1115.59997558594
"2289",1116.40002441406
"2290",1127.90002441406
"2291",1127.30004882812
"2292",1141.30004882812
"2293",1157.59997558594
"2294",1157.80004882812
"2295",1197.90002441406
"2296",1198.69995117188
"2297",1194.69995117188
"2298",1247.90002441406
"2299",1239.09997558594
"2300",NA
"2301",1207.90002441406
"2302",1211.09997558594
"2303",1226.09997558594
"2304",1230.40002441406
"2305",1209.5
"2306",1222.30004882812
"2307",1238.69995117188
"2308",1238.19995117188
"2309",1219.80004882812
"2310",1233.90002441406
"2311",1230.30004882812
"2312",1241.09997558594
"2313",1257.40002441406
"2314",1269.90002441406
"2315",1263.19995117188
"2316",1262.09997558594
"2317",1256.59997558594
"2318",1272
"2319",1258.69995117188
"2320",1244.40002441406
"2321",1230.40002441406
"2322",1229.30004882812
"2323",1264.5
"2324",1253.80004882812
"2325",1243.80004882812
"2326",1248.19995117188
"2327",1223.69995117188
"2328",1221.40002441406
"2329",1219.90002441406
"2330",1235.59997558594
"2331",1226.90002441406
"2332",1234.19995117188
"2333",1222.19995117188
"2334",1218
"2335",1228.40002441406
"2336",1222.5
"2337",1236.19995117188
"2338",1242.5
"2339",1256.69995117188
"2340",1259.40002441406
"2341",1246.80004882812
"2342",1225
"2343",1233.09997558594
"2344",1233.59997558594
"2345",1253
"2346",1253.19995117188
"2347",1249
"2348",1228.69995117188
"2349",1238.90002441406
"2350",1242.19995117188
"2351",1249.19995117188
"2352",1265.5
"2353",1289.19995117188
"2354",1294.69995117188
"2355",1290.69995117188
"2356",1273.30004882812
"2357",1271.40002441406
"2358",1292.90002441406
"2359",1265.59997558594
"2360",1263.90002441406
"2361",1274.59997558594
"2362",1270.30004882812
"2363",1271.90002441406
"2364",1273.40002441406
"2365",1276.19995117188
"2366",1273.69995117188
"2367",1254.19995117188
"2368",1252.40002441406
"2369",1251.09997558594
"2370",1228.90002441406
"2371",1223.5
"2372",1220.09997558594
"2373",1213.80004882812
"2374",1214.80004882812
"2375",1211.90002441406
"2376",1209.80004882812
"2377",1240.09997558594
"2378",1244.59997558594
"2379",1244.40002441406
"2380",1259.80004882812
"2381",1270.19995117188
"2382",1273.40002441406
"2383",1284.40002441406
"2384",1285.59997558594
"2385",1285.80004882812
"2386",1296.09997558594
"2387",1292.5
"2388",1290
"2389",1270.5
"2390",1268
"2391",1261.19995117188
"2392",1320
"2393",1322.5
"2394",1315.30004882812
"2395",1323.90002441406
"2396",1318.40002441406
"2397",1336.69995117188
"2398",1356.40002441406
"2399",1364.90002441406
"2400",1360.09997558594
"2401",1356.59997558594
"2402",1355
"2403",1334.09997558594
"2404",1342.40002441406
"2405",1331.30004882812
"2406",1326.5
"2407",1328.40002441406
"2408",1331.5
"2409",1318.80004882812
"2410",1330.5
"2411",1323.09997558594
"2412",1319.30004882812
"2413",1320.69995117188
"2414",1326.59997558594
"2415",1332.30004882812
"2416",1349
"2417",1351.40002441406
"2418",1364.40002441406
"2419",1356.09997558594
"2420",1358.80004882812
"2421",1336.40002441406
"2422",1333.40002441406
"2423",1339
"2424",1344.30004882812
"2425",1342.5
"2426",1335.80004882812
"2427",1340.30004882812
"2428",1350.5
"2429",1342.69995117188
"2430",1351.19995117188
"2431",1340.40002441406
"2432",1337.69995117188
"2433",1340.59997558594
"2434",1324.40002441406
"2435",1320.09997558594
"2436",1321.5
"2437",1322.90002441406
"2438",1311.69995117188
"2439",1306.90002441406
"2440",1312.19995117188
"2441",1322.09997558594
"2442",1349.40002441406
"2443",1344.30004882812
"2444",1336.80004882812
"2445",1330.09997558594
"2446",1321
"2447",1319
"2448",1321.5
"2449",1313.5
"2450",1305.80004882812
"2451",1313.5
"2452",1313.69995117188
"2453",1326.90002441406
"2454",1340.40002441406
"2455",1337.19995117188
"2456",1339.69995117188
"2457",1325.90002441406
"2458",1319.40002441406
"2459",1321.69995117188
"2460",1313.30004882812
"2461",1309
"2462",1266.30004882812
"2463",1265.19995117188
"2464",1249.80004882812
"2465",1248.90002441406
"2466",1253
"2467",1251.09997558594
"2468",1255
"2469",1253.09997558594
"2470",1254.40002441406
"2471",1260.80004882812
"2472",1267.90002441406
"2473",1265.59997558594
"2474",1265.90002441406
"2475",1262
"2476",1271.90002441406
"2477",1264.80004882812
"2478",1267.90002441406
"2479",1275.5
"2480",1271.5
"2481",1286.40002441406
"2482",1306.80004882812
"2483",1302.09997558594
"2484",1303.30004882812
"2485",1278.30004882812
"2486",1273.40002441406
"2487",1272.59997558594
"2488",1265.5
"2489",1221.19995117188
"2490",1224
"2491",1223.40002441406
"2492",1216.5
"2493",1208.5
"2494",1209.59997558594
"2495",1211
"2496",1189.09997558594
"2497",1178.19995117188
"2498",1190.59997558594
"2499",1187.90002441406
"2500",1170.80004882812
"2501",1166.90002441406
"2502",1175.09997558594
"2503",1174
"2504",1167.59997558594
"2505",1175
"2506",1169.80004882812
"2507",1159.40002441406
"2508",1163.5
"2509",1156.69995117188
"2510",1161.30004882812
"2511",1127.80004882812
"2512",1135.30004882812
"2513",1140.5
"2514",1131.5
"2515",1131.09997558594
"2516",1128.80004882812
"2517",1131.90002441406
"2518",1137.30004882812
"2519",1139.40002441406
"2520",1156.40002441406
"2521",1150
"2522",1160.40002441406
"2523",1163.80004882812
"2524",1179.69995117188
"2525",1171.90002441406
"2526",1183.5
"2527",1184.19995117188
"2528",1195.59997558594
"2529",1198.90002441406
"2530",1195.30004882812
"2531",1212
"2532",1211.30004882812
"2533",1200.90002441406
"2534",1204.30004882812
"2535",1215
"2536",1210.30004882812
"2537",1197.30004882812
"2538",1189.5
"2539",1188.09997558594
"2540",1193.19995117188
"2541",1208.59997558594
"2542",1205.59997558594
"2543",1216.69995117188
"2544",1218.5
"2545",1230
"2546",1234.19995117188
"2547",1237.59997558594
"2548",1235.09997558594
"2549",1234.40002441406
"2550",1224.40002441406
"2551",1223.90002441406
"2552",1231.69995117188
"2553",1240
"2554",1237.59997558594
"2555",1237.5
"2556",1232
"2557",1250.19995117188
"2558",1256.90002441406
"2559",1257.40002441406
"2560",1252.59997558594
"2561",1248.90002441406
"2562",1231.90002441406
"2563",1225.5
"2564",1224.5
"2565",1215.09997558594
"2566",1208.5
"2567",1202.40002441406
"2568",1200.69995117188
"2569",1202.40002441406
"2570",1201.90002441406
"2571",1200.09997558594
"2572",1226.5
"2573",1229.80004882812
"2574",1233.59997558594
"2575",1246.09997558594
"2576",1249.30004882812
"2577",1246.90002441406
"2578",1248.19995117188
"2579",1255.40002441406
"2580",1255.30004882812
"2581",1253.40002441406
"2582",1245
"2583",1247.30004882812
"2584",1250.80004882812
"2585",1255
"2586",1245.40002441406
"2587",1250.30004882812
"2588",1254.30004882812
"2589",1251.09997558594
"2590",1271.19995117188
"2591",1275.30004882812
"2592",1285.90002441406
"2593",1289.40002441406
"2594",1291.69995117188
"2595",1281.40002441406
"2596",1281.90002441406
"2597",1287.40002441406
"2598",1275.80004882812
"2599",1265.59997558594
"2600",1262.09997558594
"2601",1263.69995117188
"2602",1266.09997558594
"2603",1253.30004882812
"2604",1255.09997558594
"2605",1246.40002441406
"2606",1226.5
"2607",1224.80004882812
"2608",1225.30004882812
"2609",1214.30004882812
"2610",1217.30004882812
"2611",1222.69995117188
"2612",1226.19995117188
"2613",1228.59997558594
"2614",1235
"2615",1257.5
"2616",1251.69995117188
"2617",1252.69995117188
"2618",1260.69995117188
"2619",1254.80004882812
"2620",1252.40002441406
"2621",1255.80004882812
"2622",1267.59997558594
"2623",1262.09997558594
"2624",1272
"2625",1267
"2626",1276.80004882812
"2627",1279.30004882812
"2628",1294.40002441406
"2629",1290.09997558594
"2630",1276.30004882812
"2631",1268.5
"2632",1266.09997558594
"2633",1265.80004882812
"2634",1272.80004882812
"2635",1252.19995117188
"2636",1254
"2637",1244.19995117188
"2638",1241
"2639",1243.40002441406
"2640",1247.59997558594
"2641",1256.19995117188
"2642",1246.30004882812
"2643",1246.40002441406
"2644",1248
"2645",1244.19995117188
"2646",1240.69995117188
"2647",1217.90002441406
"2648",1220.40002441406
"2649",1222.19995117188
"2650",1208.59997558594
"2651",1212.09997558594
"2652",1213.59997558594
"2653",1218.09997558594
"2654",1216.30004882812
"2655",1226.59997558594
"2656",1232.80004882812
"2657",1241.09997558594
"2658",1241.19995117188
"2659",1244.80004882812
"2660",1254.30004882812
"2661",1253.90002441406
"2662",1251.69995117188
"2663",1249
"2664",1259.59997558594
"2665",1268.40002441406
"2666",1266.59997558594
"2667",1272.59997558594
"2668",1271.80004882812
"2669",1267.80004882812
"2670",1258.30004882812
"2671",1258.19995117188
"2672",1256.40002441406
"2673",1273
"2674",1283.69995117188
"2675",1287.69995117188
"2676",1284.19995117188
"2677",1273.69995117188
"2678",1276.90002441406
"2679",1286.40002441406
"2680",1285.69995117188
"2681",1290.80004882812
"2682",1285.09997558594
"2683",1288.90002441406
"2684",1286.5
"2685",1292.5
"2686",1309.69995117188
"2687",1313.09997558594
"2688",1308.09997558594
"2689",1316.19995117188
"2690",1324.5
"2691",1339.19995117188
"2692",1333.90002441406
"2693",1345.09997558594
"2694",1346
"2695",1331
"2696",1328
"2697",1323.40002441406
"2698",1324.69995117188
"2699",1320.40002441406
"2700",1306.30004882812
"2701",1306.19995117188
"2702",1312
"2703",1290.59997558594
"2704",1293.30004882812
"2705",1306.80004882812
"2706",1297
"2707",1283.40002441406
"2708",1285.5
"2709",1281.5
"2710",1272.69995117188
"2711",1271.5
"2712",1273.69995117188
"2713",1269.90002441406
"2714",1271.59997558594
"2715",1281.80004882812
"2716",1290.59997558594
"2717",1285.80004882812
"2718",1293.30004882812
"2719",1301.5
"2720",1299.90002441406
"2721",1283
"2722",1279.90002441406
"2723",1286.90002441406
"2724",1277.40002441406
"2725",1277.69995117188
"2726",1275
"2727",1275.40002441406
"2728",1266.30004882812
"2729",1268.5
"2730",1274.09997558594
"2731",1267
"2732",1274.09997558594
"2733",1274.90002441406
"2734",1266.5
"2735",1279.40002441406
"2736",1273.69995117188
"2737",1281.59997558594
"2738",1285.59997558594
"2739",1272.40002441406
"2740",1277.30004882812
"2741",1281.5
"2742",1276.5
"2743",1277.40002441406
"2744",1295.80004882812
"2745",1274.59997558594
"2746",1281.09997558594
"2747",1291.59997558594
"2748",1286.69995117188
"2749",1293.80004882812
"2750",1294.69995117188
"2751",1282.09997558594
"2752",1273.19995117188
"2753",1278.80004882812
"2754",1274.30004882812
"2755",1261.59997558594
"2756",1262.80004882812
"2757",1249.80004882812
"2758",1245.19995117188
"2759",1243.69995117188
"2760",1238.5
"2761",1245.40002441406
"2762",1253.80004882812
"2763",1254.30004882812
"2764",1262.19995117188
"2765",1260.69995117188
"2766",1266.09997558594
"2767",1267.30004882812
"2768",1275.40002441406
"2769",1284.09997558594
"2770",1287
"2771",1294.09997558594
"2772",1306.30004882812
"2773",1313.69995117188
"2774",1316.19995117188
"2775",1319.40002441406
"2776",1320.30004882812
"2777",1318.59997558594
"2778",1311.69995117188
"2779",1317.40002441406
"2780",1320.59997558594
"2781",1333.40002441406
"2782",1335.40002441406
"2783",1338
"2784",1326
"2785",1331.90002441406
"2786",1330.90002441406
"2787",1335.69995117188
"2788",1355.90002441406
"2789",1362.40002441406
"2790",1351.59997558594
"2791",NA
"2792",1335.40002441406
"2793",1339
"2794",1344.30004882812
"2795",1333.69995117188
"2796",1333
"2797",1326.09997558594
"2798",1311.59997558594
"2799",1316.90002441406
"2800",1313.09997558594
"2801",1324.19995117188
"2802",1328.09997558594
"2803",1355.5
"2804",1352.09997558594
"2805",1353.19995117188
"2806",1328.80004882812
"2807",1330
"2808",1330.59997558594
"2809",1328.19995117188
"2810",1330.69995117188
"2811",1315.5
"2812",1315.5
"2813",1302.90002441406
"2814",1321.09997558594
"2815",1318.09997558594
"2816",1333.59997558594
"2817",1326
"2818",1319.90002441406
"2819",1322.40002441406
"2820",1319.40002441406
"2821",1325.90002441406
"2822",1324.40002441406
"2823",1316.80004882812
"2824",1311.30004882812
"2825",1316.80004882812
"2826",1311.09997558594
"2827",1320.69995117188
"2828",1326.59997558594
"2829",1349.30004882812
"2830",1354.40002441406
"2831",1341.30004882812
"2832",1324.19995117188
"2833",1322.80004882812
"2834",1342.09997558594
"2835",1332.80004882812
"2836",1335.80004882812
"2837",1324.30004882812
"2838",1331.90002441406
"2839",1336.30004882812
"2840",1342
"2841",1356.5
"2842",1338.40002441406
"2843",1344.80004882812
"2844",1347.5
"2845",1347.19995117188
"2846",1351.19995117188
"2847",1346.80004882812
"2848",1336.69995117188
"2849",1322.5
"2850",1331.40002441406
"2851",1321.19995117188
"2852",1316.30004882812
"2853",1320.30004882812
"2854",1316.19995117188
"2855",1303.80004882812
"2856",1302.59997558594
"2857",1310.69995117188
"2858",1312.69995117188
"2859",1312.19995117188
"2860",1312
"2861",1311.30004882812
"2862",1320.80004882812
"2863",1319
"2864",1316.5
"2865",1288.90002441406
"2866",1290.19995117188
"2867",1288.19995117188
"2868",1290.19995117188
"2869",1290.19995117188
"2870",1291.69995117188
"2871",1289.30004882812
"2872",1303.69995117188
"2873",1303.30004882812
"2874",1298.69995117188
"2875",1301.5
"2876",1300.09997558594
"2877",1294.80004882812
"2878",1293.09997558594
"2879",1297.5
"2880",1297.09997558594
"2881",1298.69995117188
"2882",1298.09997558594
"2883",1298.90002441406
"2884",1295.09997558594
"2885",1296.90002441406
"2886",1304
"2887",1274.59997558594
"2888",1276.19995117188
"2889",1275.59997558594
"2890",1271.19995117188
"2891",1267.19995117188
"2892",1267.40002441406
"2893",1265.59997558594
"2894",1256.59997558594
"2895",1252.80004882812
"2896",1247.80004882812
"2897",1251.30004882812
"2898",1239.80004882812
"2899",1251.59997558594
"2900",1257.30004882812
"2901",1254.30004882812
"2902",1258.09997558594
"2903",1253.80004882812
"2904",1242.80004882812
"2905",1245
"2906",1239.59997558594
"2907",1238.09997558594
"2908",1225.69995117188
"2909",1226.30004882812
"2910",1222.40002441406
"2911",1229.5
"2912",1224
"2913",1223.90002441406
"2914",1231.40002441406
"2915",1225.30004882812
"2916",1222.59997558594
"2917",1221.30004882812
"2918",1223.69995117188
"2919",1217.90002441406
"2920",1210.59997558594
"2921",1214.19995117188
"2922",1208.59997558594
"2923",1209.59997558594
"2924",1212.59997558594
"2925",1211.90002441406
"2926",1211.09997558594
"2927",1191.30004882812
"2928",1193
"2929",1177.5
"2930",1176.19995117188
"2931",1176.5
"2932",1186.80004882812
"2933",1192.59997558594
"2934",1196.30004882812
"2935",1187
"2936",1206.30004882812
"2937",1209
"2938",1207.40002441406
"2939",1204.5
"2940",1197.69995117188
"2941",1200.30004882812
"2942",1192.69995117188
"2943",1194.90002441406
"2944",1197.90002441406
"2945",1193.59997558594
"2946",1193
"2947",1195.40002441406
"2948",1204.69995117188
"2949",1202
"2950",1195
"2951",1199.69995117188
"2952",1196.80004882812
"2953",1202.19995117188
"2954",1206.19995117188
"2955",1196.19995117188
"2956",1199.30004882812
"2957",1200
"2958",1194
"2959",1182.30004882812
"2960",1191.5
"2961",1187.09997558594
"2962",1202.40002441406
"2963",1198.30004882812
"2964",1197.19995117188
"2965",1201.19995117188
"2966",1184.40002441406
"2967",1187.19995117188
"2968",1189.30004882812
"2969",1223.5
"2970",1218.09997558594
"2971",1226.40002441406
"2972",1227.30004882812
"2973",1223.69995117188
"2974",1226.5
"2975",1225.30004882812
"2976",1221.19995117188
"2977",1233.40002441406
"2978",1227.80004882812
"2979",1229.09997558594
"2980",1232.5
"2981",1224.5
"2982",1222.59997558594
"2983",1212.30004882812
"2984",1236
"2985",1230.90002441406
"2986",1229.80004882812
"2987",1223.80004882812
"2988",1226.19995117188
"2989",1222.90002441406
"2990",1206.40002441406
"2991",1201.30004882812
"2992",1199.19995117188
"2993",1207.90002441406
"2994",1212.80004882812
"2995",1220.80004882812
"2996",1223.09997558594
"2997",1219
"2998",1225.80004882812
"2999",1221
"3000",1220.19995117188
"3001",1211.19995117188
"3002",1221.40002441406
"3003",1224.09997558594
"3004",1220.19995117188
"3005",1233.90002441406
"3006",1241.09997558594
"3007",1238.09997558594
"3008",1246.80004882812
"3009",1243.69995117188
"3010",1241.90002441406
"3011",1244.40002441406
"3012",1242.69995117188
"3013",1237
"3014",1247.40002441406
"3015",1249.19995117188
"3016",1252.09997558594
"3017",1263.59997558594
"3018",1253.80004882812
"3019",1267.5
"3020",1269.19995117188
"3021",1277.30004882812
"3022",1279.90002441406
"3023",1278.30004882812
"3024",1281
"3025",1291.80004882812
"3026",1282.69995117188
"3027",1286.80004882812
"3028",1283.19995117188
"3029",1289.30004882812
"3030",1284.69995117188
"3031",1287.09997558594
"3032",1289.09997558594
"3033",1286.19995117188
"3034",1291.59997558594
"3035",1291
"3036",1281.30004882812
"3037",1282.5
"3038",1283.09997558594
"3039",1279.09997558594
"3040",1297.40002441406
"3041",1302.40002441406
"3042",1308.19995117188
"3043",1309.90002441406
"3044",1319.69995117188
"3045",1316.90002441406
"3046",1314.30004882812
"3047",1314.19995117188
"3048",1309.5
"3049",1309.40002441406
"3050",1313.69995117188
"3051",1307
"3052",1309.19995117188
"3053",1310.80004882812
"3054",1309.80004882812
"3055",1318.09997558594
"3056",1340.09997558594
"3057",1343.30004882812
"3058",1323.5
"3059",1329.19995117188
"3060",1325.90002441406
"3061",1325.09997558594
"3062",1317.69995117188
"3063",1312.80004882812
"3064",1296.40002441406
"3065",1284.80004882812
"3066",1282
"3067",1284.90002441406
"3068",1283.80004882812
"3069",1297
"3070",1288.80004882812
"3071",1296.30004882812
"3072",1307.5
"3073",1293.40002441406
"3074",1301.80004882812
"3075",1300.30004882812
"3076",1305
"3077",1300.5
"3078",1306.09997558594
"3079",1311.59997558594
"3080",1321.90002441406
"3081",1314.30004882812
"3082",1309.90002441406
"3083",1289.80004882812
"3084",1293
"3085",1288.40002441406
"3086",1290
"3087",1289.90002441406
"3088",1289
"3089",1290.40002441406
"3090",1297.09997558594
"3091",1303.5
"3092",1309.09997558594
"3093",1288.59997558594
"3094",1290.59997558594
"3095",1286.80004882812
"3096",1272.59997558594
"3097",1272.19995117188
"3098",1271.90002441406
"3099",1273.5
"3100",1269.30004882812
"3101",1275.5
"3102",1275.80004882812
"3103",1284.90002441406
"3104",1278.59997558594
"3105",1282.80004882812
"3106",1281.40002441406
"3107",1269.69995117188
"3108",1279.19995117188
"3109",1281.69995117188
"3110",1283.5
"3111",1279.40002441406
"3112",1283.5
"3113",1285.69995117188
"3114",1300.09997558594
"3115",1294.69995117188
"3116",1296.30004882812
"3117",1285
"3118",1274.5
"3119",1276.09997558594
"3120",1272
"3121",1273.59997558594
"3122",1284.80004882812
"3123",1283
"3124",1276.5
"3125",1280.59997558594
"3126",1287.09997558594
"3127",1305.80004882812
"3128",1322.69995117188
"3129",1323.40002441406
"3130",1328.30004882812
"3131",1337.59997558594
"3132",1341.19995117188
"3133",1324.69995117188
"3134",1326.40002441406
"3135",1331.90002441406
"3136",1339.19995117188
"3137",1340.09997558594
"3138",1338.69995117188
"3139",1346.59997558594
"3140",1344.59997558594
"3141",1392.90002441406
"3142",1396.19995117188
"3143",1414.30004882812
"3144",1414.90002441406
"3145",1411.59997558594
"3146",1408.40002441406
"3147",1409.69995117188
"3148",1385.59997558594
"3149",1404.59997558594
"3150",1417.69995117188
"3151",1396.69995117188
"3152",1397
"3153",1397.5
"3154",1410.09997558594
"3155",1404.30004882812
"3156",1409.90002441406
"3157",1411.40002441406
"3158",1409.19995117188
"3159",1421.30004882812
"3160",1426.09997558594
"3161",1425.09997558594
"3162",1425.30004882812
"3163",1420.09997558594
"3164",1422.80004882812
"3165",1413.90002441406
"3166",1418.5
"3167",1419.59997558594
"3168",1429.69995117188
"3169",1426.09997558594
"3170",1420.90002441406
"3171",1445.59997558594
"3172",1464.59997558594
"3173",1472.40002441406
"3174",1507.30004882812
"3175",1497.69995117188
"3176",1496.59997558594
"3177",1505.30004882812
"3178",1502.19995117188
"3179",1515.90002441406
"3180",1519.59997558594
"3181",1512.5
"3182",1500.40002441406
"3183",1504.59997558594
"3184",1504.59997558594
"3185",1497.30004882812
"3186",1526.59997558594
"3187",1526.30004882812
"3188",1541
"3189",1537.80004882812
"3190",1526.5
"3191",1519.09997558594
"3192",1545.90002441406
"3193",1550.30004882812
"3194",1515.40002441406
"3195",1506.19995117188
"3196",1502.19995117188
"3197",1490.30004882812
"3198",1494.40002441406
"3199",1498.69995117188
"3200",1490.90002441406
"3201",1503.09997558594
"3202",1505.09997558594
"3203",1507.5
"3204",1498.40002441406
"3205",1507.30004882812
"3206",1523.69995117188
"3207",1532.09997558594
"3208",1504.59997558594
"3209",1507.5
"3210",1499.09997558594
"3211",1465.69995117188
"3212",1482
"3213",1501
"3214",1507.09997558594
"3215",1506.19995117188
"3216",1497.69995117188
"3217",1497.19995117188
"3218",1506.09997558594
"3219",1494.80004882812
"3220",1482.69995117188
"3221",1491.69995117188
"3222",1477.59997558594
"3223",1488
"3224",1492.30004882812
"3225",1488.19995117188
"3226",1482.40002441406
"3227",1481.69995117188
"3228",1489.90002441406
"3229",1498.90002441406
"3230",1499.5
"3231",1490
"3232",1487
"3233",1493.19995117188
"3234",1511.40002441406
"3235",1508
"3236",1508
"3237",1480.80004882812
"3238",1490.19995117188
"3239",1464.19995117188
"3240",1461.30004882812
"3241",1455.5
"3242",1452.09997558594
"3243",1461.69995117188
"3244",1471.80004882812
"3245",1467.30004882812
"3246",1470.90002441406
"3247",1473.30004882812
"3248",1473.30004882812
"3249",1463.09997558594
"3250",1463.09997558594
"3251",1456.59997558594
"3252",1459.80004882812
"3253",1453.40002441406
"3254",1465.59997558594
"3255",1462.30004882812
"3256",1478.19995117188
"3257",1474
"3258",1476.90002441406
"3259",1459.09997558594
"3260",1459.30004882812
"3261",1462.59997558594
"3262",1469.40002441406
"3263",1466.69995117188
"3264",1475.59997558594
"3265",1475
"3266",1474.59997558594
"3267",1472.59997558594
"3268",1478.19995117188
"3269",1474.69995117188
"3270",1482.5
"3271",1499.09997558594
"3272",1509.30004882812
"3273",1513.80004882812
"3274",1514.5
"3275",1519.5
"3276",1524.5
"3277",1549.19995117188
"3278",1566.19995117188
"3279",1571.80004882812
"3280",1557.40002441406
"3281",1551.69995117188
"3282",1557.5
"3283",1548.40002441406
"3284",1542.40002441406
"3285",1552.09997558594
"3286",1549
"3287",1558.80004882812
"3288",1556.40002441406
"3289",1555.30004882812
"3290",1564.59997558594
"3291",1571.09997558594
"3292",1576.80004882812
"3293",1569.19995117188
"3294",1569.80004882812
"3295",1583.5
"3296",1582.90002441406
"3297",1577.19995117188
"3298",1550.40002441406
"3299",1557.80004882812
"3300",1565.09997558594
"3301",1568.59997558594
"3302",1574.69995117188
"3303",1565.59997558594
"3304",1567.40002441406
"3305",1575.09997558594
"3306",1582.69995117188
"3307",1600
"3308",1607.5
"3309",1616.59997558594
"3310",1644.59997558594
"3311",1672.40002441406
"3312",1646.90002441406
"3313",1640
"3314",1640
"3315",1564.09997558594
"3316",1592.30004882812
"3317",1642.09997558594
"3318",1641.09997558594
"3319",1666.40002441406
"3320",1670.80004882812
"3321",1674.5
"3322",1659.09997558594
"3323",1641.40002441406
"3324",1589.30004882812
"3325",1515.69995117188
"3326",1485.90002441406
"3327",1524.90002441406
"3328",1477.30004882812
"3329",1478.59997558594
"3330",1484
"3331",1567
"3332",1660.19995117188
"3333",1632.30004882812
"3334",1650.09997558594
"3335",1623.90002441406
"3336",1622
"3337",1583.40002441406
"3338",1578.19995117188
"3339",1625.69995117188
"3340",1633.69995117188
"3341",1677
"3342",1664.80004882812
"3343",1665.40002441406
"3344",1736.19995117188
"3345",1744.80004882812
"3346",1756.69995117188
"3347",1727.19995117188
"3348",1720.40002441406
"3349",1689.19995117188
"3350",1701.59997558594
"3351",1678.19995117188
"3352",1728.69995117188
"3353",1733.30004882812
"3354",1723.5
"3355",1711.90002441406
"3356",1710.5
"3357",1703.40002441406
"3358",1684.19995117188
"3359",1694.5
"3360",1706.90002441406
"3361",1704.40002441406
"3362",1684.19995117188
"3363",1721.80004882812
"3364",1709.90002441406
"3365",1695.30004882812
"3366",1704.40002441406
"3367",1713.90002441406
"3368",1738.09997558594
"3369",1753.40002441406
"3370",1731.80004882812
"3371",1744.19995117188
"3372",1750.59997558594
"3373",1720.5
"3374",1734.59997558594
"3375",1704.80004882812
"3376",1710.30004882812
"3377",1713.30004882812
"3378",1736.90002441406
"3379",1737.80004882812
"3380",1725.19995117188
"3381",1697.80004882812
"3382",1718.90002441406
"3383",1676.19995117188
"3384",1698.30004882812
"3385",1714.69995117188
"3386",1713.30004882812
"3387",1732
"3388",1729.30004882812
"3389",1720.30004882812
"3390",1729.59997558594
"3391",1729.19995117188
"3392",1724.80004882812
"3393",1745.90002441406
"3394",1756.69995117188
"3395",1772.09997558594
"3396",1765.80004882812
"3397",1762.09997558594
"3398",1772.5
"3399",1774.80004882812
"3400",1793
"3401",1773.19995117188
"3402",1784
"3403",1788.5
"3404",1804.19995117188
"3405",1815.5
"3406",1799.19995117188
"3407",1798.19995117188
"3408",1811
"3409",1810.59997558594
"3410",1811.40002441406
"3411",1798.69995117188
"3412",1808.30004882812
"3413",1815.90002441406
"3414",1842.40002441406
"3415",1864.09997558594
"3416",1889.09997558594
"3417",1897.30004882812
"3418",1931
"3419",1944.69995117188
"3420",1953.5
"3421",1942.30004882812
"3422",1962.80004882812
"3423",1966
"3424",2001.19995117188
"3425",2031.09997558594
"3426",2051.5
"3427",2010.09997558594
"3428",2024.40002441406
"3429",1932.59997558594
"3430",1934.90002441406
"3431",1956.69995117188
"3432",1937
"3433",1985
"3434",1999.40002441406
"3435",1958.69995117188
"3436",1933.80004882812
"3437",1934.59997558594
"3438",1927.69995117188
"3439",1911.80004882812
"3440",1940.69995117188
"3441",1921.59997558594
"3442",1964.59997558594
"3443",1967.59997558594
"3444",1968.19995117188
"3445",1934.40002441406
"3446",1927.59997558594
"3447",1923.90002441406
"3448",1933
"3449",1944.69995117188
"3450",1954.19995117188
"3451",1937.80004882812
"3452",1953.09997558594
"3453",1956.30004882812
"3454",1960.19995117188
"3455",1940
"3456",1952.09997558594
"3457",1901.19995117188
"3458",1898.59997558594
"3459",1859.90002441406
"3460",1868.30004882812
"3461",1857.69995117188
"3462",1872.80004882812
"3463",1894.30004882812
"3464",1887.5
"3465",1908.40002441406
"3466",1900.19995117188
"3467",1912.5
"3468",1901.09997558594
"3469",1883.59997558594
"3470",1888.59997558594
"3471",1919.5
"3472",1922.5
"3473",1888.5
"3474",1901.30004882812
"3475",1903.19995117188
"3476",1900.80004882812
"3477",1906.40002441406
"3478",1910.40002441406
"3479",1924.59997558594
"3480",1901.09997558594
"3481",1902
"3482",1902.69995117188
"3483",1908.80004882812
"3484",1876.19995117188
"3485",1865.59997558594
"3486",1877.40002441406
"3487",1890.40002441406
"3488",1908.5
"3489",1894.59997558594
"3490",1945.30004882812
"3491",1950.30004882812
"3492",1853.19995117188
"3493",1875.40002441406
"3494",1860.69995117188
"3495",1872.59997558594
"3496",1885.69995117188
"3497",1887.30004882812
"3498",1884.5
"3499",1873.5
"3500",1861.09997558594
"3501",1872.59997558594
"3502",1837.80004882812
"3503",1804.80004882812
"3504",1805.69995117188
"3505",1781.90002441406
"3506",1775.69995117188
"3507",1814.09997558594
"3508",1825.69995117188
"3509",1836.80004882812
"3510",1835.90002441406
"3511",1861.80004882812
"3512",1870.80004882812
"3513",1834.59997558594
"3514",1833.59997558594
"3515",1839.80004882812
"3516",1828.69995117188
"3517",1852.30004882812
"3518",1856.09997558594
"3519",1887.19995117188
"3520",1885.69995117188
"3521",1879.19995117188
"3522",1866.59997558594
"3523",1874.69995117188
"3524",1879.90002441406
"3525",1877.19995117188
"3526",1879.69995117188
"3527",1891
"3528",1893.09997558594
"3529",1944.69995117188
"3530",1952.69995117188
"3531",1906.90002441406
"3532",1912.30004882812
"3533",1834.09997558594
"3534",1849.59997558594
"3535",1842.90002441406
"3536",1853.59997558594
"3537",1850.30004882812
"3538",1829.30004882812
"3539",1839.5
"3540",1865.90002441406
"3541",1865.30004882812
"3542",1855.69995117188
"3543",1854.90002441406
"3544",1850.69995117188
"3545",1844.90002441406
"3546",1837.90002441406
"3547",1847.30004882812
"3548",1860.80004882812
"3549",1830.5
"3550",1832.19995117188
"3551",1788.90002441406
"3552",1810.90002441406
"3553",1831.90002441406
"3554",1835.30004882812
"3555",1840.59997558594
"3556",1824.90002441406
"3557",1821.59997558594
"3558",1797.19995117188
"3559",1771.09997558594
"3560",1773.40002441406
"3561",1775.80004882812
"3562",1806.69995117188
"3563",1804.40002441406
"3564",1796.40002441406
"3565",1774.40002441406
"3566",1728.09997558594
"3567",1722.5
"3568",1733.09997558594
"3569",1715.30004882812
"3570",1700.19995117188
"3571",1698
"3572",1677.69995117188
"3573",1716.59997558594
"3574",1721.5
"3575",1722.30004882812
"3576",1719.5
"3577",1728.90002441406
"3578",1730.59997558594
"3579",1726.80004882812
"3580",1732.19995117188
"3581",1741.40002441406
"3582",1737.80004882812
"3583",1724.69995117188
"3584",1732.90002441406
"3585",1724.90002441406
"3586",1732.19995117188
"3587",1712.09997558594
"3588",1683.90002441406
"3589",1713.80004882812
"3590",1726.5
"3591",1727
"3592",1741.5
"3593",1740.09997558594
"3594",1756.80004882812
"3595",1743.30004882812
"3596",1731.19995117188
"3597",1746.19995117188
"3598",1734.90002441406
"3599",1765.40002441406
"3600",1779
"3601",1769.40002441406
"3602",1777.30004882812
"3603",1792.30004882812
"3604",1781.19995117188
"3605",1777
"3606",1779.19995117188
"3607",1778
"3608",1773.19995117188
"3609",1768.09997558594
"3610",1767.30004882812
"3611",1791.40002441406
"3612",1775.80004882812
"3613",1784.09997558594
"3614",1815.5
"3615",1831.09997558594
"3616",1837.5
"3617",1835.90002441406
"3618",1822.59997558594
"3619",1823.80004882812
"3620",1837.90002441406
"3621",1867.5
"3622",1867.80004882812
"3623",1881.30004882812
"3624",1881.80004882812
"3625",1876.69995117188
"3626",1884.59997558594
"3627",1898.09997558594
"3628",1901.30004882812
"3629",1895.69995117188
"3630",1902.5
"3631",1902.90002441406
"3632",1907.5
"3633",1871.19995117188
"3634",1889.80004882812
"3635",1896.80004882812
"3636",1892.19995117188
"3637",1893.19995117188
"3638",1894.19995117188
"3639",1877.40002441406
"3640",1864
"3641",1854.5
"3642",1859.5
"3643",1773.80004882812
"3644",1767.90002441406
"3645",1781.80004882812
"3646",1776.30004882812
"3647",1782.30004882812
"3648",1775.59997558594
"3649",1776.59997558594
"3650",1779.59997558594
"3651",1762.80004882812
"3652",1770.80004882812
"3653",1775.90002441406
"3654",1782.59997558594
"3655",1793.5
"3656",1801.5
"3657",1799.59997558594
"3658",1810
"3659",1805.5
"3660",1809.40002441406
"3661",1824.30004882812
"3662",1828.40002441406
"3663",1814.5
"3664",1808.69995117188
"3665",1810.90002441406
"3666",1802.90002441406
"3667",1805
"3668",1801.40002441406
"3669",1798.69995117188
"3670",1799.5
"3671",1799.5
"3672",1831.19995117188
"3673",1812.59997558594
"3674",1818.09997558594
"3675",1810.09997558594
"3676",1810.5
"3677",1805.09997558594
"3678",1760
"3679",1723.40002441406
"3680",1728.80004882812
"3681",1750.40002441406
"3682",1749
"3683",1775.19995117188
"3684",1786.90002441406
"3685",1785
"3686",1781.59997558594
"3687",1780.19995117188
"3688",1781
"3689",1803.19995117188
"3690",1805.59997558594
"3691",1788.19995117188
"3692",1792.19995117188
"3693",1816.59997558594
"3694",1809
"3695",1815
"3696",1813.09997558594
"3697",1808.69995117188
"3698",1830.90002441406
"3699",1795.90002441406
"3700",1790.69995117188
"3701",1797.40002441406
"3702",1789.59997558594
"3703",1792
"3704",1804.69995117188
"3705",1792.40002441406
"3706",1754.59997558594
"3707",1749.40002441406
"3708",1761.80004882812
"3709",1776
"3710",1776.69995117188
"3711",1747.69995117188
"3712",1749.69995117188
"3713",1750
"3714",1735.80004882812
"3715",1721.5
"3716",1755.30004882812
"3717",1757
"3718",1766.19995117188
"3719",1759.59997558594
"3720",1760.5
"3721",1757.90002441406
"3722",1756.30004882812
"3723",1754.59997558594
"3724",1758.30004882812
"3725",1793.69995117188
"3726",1796.69995117188
"3727",1767.19995117188
"3728",1764.80004882812
"3729",1769.69995117188
"3730",1784.09997558594
"3731",1781.19995117188
"3732",1795.5
"3733",1806
"3734",1792.69995117188
"3735",1797.90002441406
"3736",1801.59997558594
"3737",1783
"3738",1795.09997558594
"3739",1788.69995117188
"3740",1763.59997558594
"3741",1793
"3742",1816.40002441406
"3743",1827.40002441406
"3744",1830.19995117188
"3745",1847.59997558594
"3746",1863.19995117188
"3747",1867.90002441406
"3748",1866.09997558594
"3749",1853.59997558594
"3750",1869.69995117188
"3751",1861
"3752",1851.19995117188
"3753",1806
"3754",1783.5
"3755",1784.09997558594
"3756",1785.30004882812
"3757",1782.30004882812
"3758",1773.59997558594
"3759",1781.59997558594
"3760",1760.69995117188
"3761",1782
"3762",1777.5
"3763",1782.59997558594
"3764",1783.40002441406
"3765",1774.59997558594
"3766",1782.90002441406
"3767",1786.30004882812
"3768",1770.40002441406
"3769",1762.59997558594
"3770",1796.59997558594
"3771",1803.80004882812
"3772",1793.69995117188
"3773",1787.90002441406
"3774",1801.59997558594
"3775",1811.19995117188
"3776",1808.09997558594
"3777",1810.19995117188
"3778",1805.09997558594
"3779",1812.69995117188
"3780",1827.5
"3781",1799.40002441406
"3782",1814
"3783",1824.59997558594
"3784",1788.69995117188
"3785",1797
"3786",1798.40002441406
"3787",1818.59997558594
"3788",1827.19995117188
"3789",1821.19995117188
"3790",1816.5
"3791",1812.30004882812
"3792",1843.09997558594
"3793",1842.5
"3794",1831.80004882812
"3795",1841.69995117188
"3796",1852.69995117188
"3797",1829.90002441406
"3798",1793.30004882812
"3799",1784.90002441406
"3800",1795
"3801",1800.30004882812
"3802",1809.19995117188
"3803",1803
"3804",1806.59997558594
"3805",1820.59997558594
"3806",1826.59997558594
"3807",1835.19995117188
"3808",1836.19995117188
"3809",1840.80004882812
"3810",1868
"3811",1854.80004882812
"3812",1870.19995117188
"3813",1900.69995117188
"3814",1898.59997558594
"3815",1906.09997558594
"3816",1909.19995117188
"3817",1925.09997558594
"3818",1886.5
"3819",1899.40002441406
"3820",1942.40002441406
"3821",1920.90002441406
"3822",1934.40002441406
"3823",1965.09997558594
"3824",1993.90002441406
"3825",2040.09997558594
"3826",1985.90002441406
"3827",1998.09997558594
"3828",1982.69995117188
"3829",1959.59997558594
"3830",1928.5
"3831",1908
"3832",1942.09997558594
"3833",1928.19995117188
"3834",1928.59997558594
"3835",1920.69995117188
"3836",1936.59997558594
"3837",1961.59997558594
"3838",1953.80004882812
"3839",1939.59997558594
"3840",1912
"3841",1933.5
"3842",1949.19995117188
"3843",1919.09997558594
"3844",1929.19995117188
"3845",1922.90002441406
"3846",1918.40002441406
"3847",1933.80004882812
"3848",1941.59997558594
"3849",1944.30004882812
"3850",1972.09997558594
"3851",1981
"3852",1970.90002441406
"3853",1982.90002441406
"3854",1955.69995117188
"3855",1952.30004882812
"3856",1944.90002441406
"3857",1931
"3858",1893.19995117188
"3859",1901.40002441406
"3860",1885.90002441406
"3861",1888.69995117188
"3862",1909.30004882812
"3863",1861.80004882812
"3864",1868.80004882812
"3865",1867
"3866",1874
"3867",1881.19995117188
"3868",1857.09997558594
"3869",1839.90002441406
"3870",1852.59997558594
"3871",1823.80004882812
"3872",1807.40002441406
"3873",1813.5
"3874",1818.19995117188
"3875",1815.90002441406
"3876",1841.19995117188
"3877",1841.80004882812
"3878",1847.80004882812
"3879",1865.09997558594
"3880",1846.19995117188
"3881",1847.40002441406
"3882",1851.30004882812
"3883",1842.69995117188
"3884",1843.30004882812
"3885",1866.5
"3886",1845.40002441406
"3887",1839.19995117188
"3888",1847.5
"3889",1851.90002441406
"3890",1848.80004882812
"3891",1871.5
"3892",1828
"3893",1809.5
"3894",1815.30004882812
"3895",1845.69995117188
"3896",1835.59997558594
"3897",1834.59997558594
"3898",1834.30004882812
"3899",1825.69995117188
"3900",1826.5
"3901",1820.90002441406
"3902",1817.5
"3903",1813.69995117188
"3904",1804.09997558594
"3905",1798.90002441406
"3906",1761.80004882812
"3907",1734.90002441406
"3908",1737.90002441406
"3909",1740.59997558594
"3910",1730
"3911",1723.30004882812
"3912",1734.19995117188
"3913",1704.5
"3914",1702.40002441406
"3915",1709.19995117188
"3916",1710
"3917",1699.5
"3918",1712.69995117188
"3919",1727.09997558594
"3920",1719
"3921",1717.69995117188
"3922",1719.09997558594
"3923",1750.30004882812
"3924",1762.90002441406
"3925",1769
"3926",1771.09997558594
"3927",1758
"3928",1788.5
"3929",1772.90002441406
"3930",1786.80004882812
"3931",1794
"3932",1795.59997558594
"3933",1789.69995117188
"3934",1798.59997558594
"3935",1781.40002441406
"3936",1773.19995117188
"3937",1760.30004882812
"3938",1755.30004882812
"3939",1747.59997558594
"3940",1734
"3941",1746.80004882812
"3942",1747.80004882812
"3943",1757.69995117188
"3944",1736.09997558594
"3945",1736.59997558594
"3946",1723.19995117188
"3947",1712.80004882812
"3948",1696.59997558594
"3949",1709.80004882812
"3950",1700.40002441406
"3951",1715.30004882812
"3952",1708
"3953",1716.19995117188
"3954",1728.09997558594
"3955",1705
"3956",1696.5
"3957",1665.40002441406
"3958",1671.69995117188
"3959",1666.19995117188
"3960",1659.69995117188
"3961",1664.59997558594
"3962",1670.80004882812
"3963",1645.30004882812
"3964",1623.30004882812
"3965",1626.69995117188
"3966",1660.40002441406
"3967",1658.5
"3968",1662.40002441406
"3969",1692.90002441406
"3970",1721.09997558594
"3971",1711.40002441406
"3972",1711.69995117188
"3973",1700.5
"3974",1667.30004882812
"3975",1678.69995117188
"3976",1670.30004882812
"3977",1670
"3978",1641.69995117188
"3979",1657
"3980",1649
"3981",1627.5
"3982",1630.80004882812
"3983",1651
"3984",1648.69995117188
"3985",1652.80004882812
"3986",1664
"3987",1660.69995117188
"3988",1639.59997558594
"3989",1635.90002441406
"3990",1645
"3991",1645.69995117188
"3992",1627.30004882812
"3993",1672.5
"3994",1676.5
"3995",1712.09997558594
"3996",1710.09997558594
"3997",1750.30004882812
"3998",1766
"3999",1773.59997558594
"4000",1773.80004882812
"4001",1773
"4002",1760.80004882812
"4003",1751.90002441406
"4004",1737.40002441406
"4005",1738.30004882812
"4006",1744.90002441406
"4007",1753.30004882812
"4008",1740.09997558594
"4009",1748.40002441406
"4010",1746
"4011",1801.09997558594
"4012",1795.90002441406
"4013",1767.40002441406
"4014",1769.30004882812
"4015",1785.5
"4016",1788.69995117188
"4017",1798.09997558594
"4018",1780.5
"4019",1813.90002441406
"4020",1807.5
"4021",1777.19995117188
"4022",1790
"4023",1787.69995117188
"4024",1815.90002441406
"4025",1815.90002441406
"4026",1787
"4027",1795.90002441406
"4028",1814.80004882812
"4029",1807.90002441406
"4030",1819.5
"4031",1819.69995117188
"4032",1839.69995117188
"4033",1852.80004882812
"4034",1834.80004882812
"4035",1864.19995117188
"4036",1872.69995117188
"4037",1871.59997558594
"4038",1874.59997558594
"4039",1895.5
"4040",1918.40002441406
"4041",1907.19995117188
"4042",1904.40002441406
"4043",1922.09997558594
"4044",1926.40002441406
"4045",1927.09997558594
"4046",1933.90002441406
"4047",1941.19995117188
"4048",1929.09997558594
"4049",1928.59997558594
"4050",1922.90002441406
"4051",1929.5
"4052",1927.80004882812
"4053",1916.30004882812
"4054",1862.90002441406
"4055",1866.19995117188
"4056",1871.69995117188
"4057",1877.40002441406
"4058",1866.19995117188
"4059",1862.80004882812
"4060",1851.90002441406
"4061",1854
"4062",1834.19995117188
"4063",1842
"4064",1840.40002441406
"4065",1833
"4066",1832
"4067",1818
"4068",1808.80004882812
"4069",1817
"4070",1828.90002441406
"4071",1837.69995117188
"4072",1833.5
"4073",1847.69995117188
"4074",1847.90002441406
"4075",1813.90002441406
"4076",1812.69995117188
"4077",1829.30004882812
"4078",1862
"4079",1911.69995117188
"4080",1906.19995117188
"4081",1926.59997558594
"4082",1919
"4083",1969.80004882812
"4084",1979.19995117188
"4085",1938
"4086",1946.80004882812
"4087",1993.80004882812
"4088",1982.09997558594
"4089",1952.40002441406
"4090",1972.40002441406
"4091",1966.09997558594
"4092",1980.30004882812
"4093",1969
"4094",1983.90002441406
"4095",2022.19995117188
"4096",2020.90002441406
"4097",2011.90002441406
"4098",1989.09997558594
"4099",2004.80004882812
"4100",2010.90002441406
"4101",2041.30004882812
"4102",2002.19995117188
"4103",1994.19995117188
"4104",2007.40002441406
"4105",1995.19995117188
"4106",2007.59997558594
"4107",1979.5
"4108",1989.09997558594
"4109",1994
"4110",1985.69995117188
"4111",1989.90002441406
"4112",1990.09997558594
"4113",1983.40002441406
"4114",2014.30004882812
"4115",2028.59997558594
"4116",2048
"4117",2017.40002441406
"4118",2026.30004882812
"4119",2036.19995117188
"4120",2030.5
"4121",2014.69995117188
"4122",2014.5
"4123",2018
"4124",1988.40002441406
"4125",1980.69995117188
"4126",1956.5
"4127",1978.69995117188
"4128",1974.80004882812
"4129",1972.40002441406
"4130",1962.80004882812
"4131",1943.09997558594
"4132",1944.09997558594
"4133",1958
"4134",1963.90002441406
"4135",1978
"4136",1952.40002441406
"4137",1958
"4138",1965.5
"4139",1942.69995117188
"4140",1963.59997558594
"4141",1962.19995117188
"4142",1955.30004882812
"4143",1944.59997558594
"4144",1955.30004882812
"4145",1957.80004882812
"4146",1958.40002441406
"4147",1935.5
"4148",1933.30004882812
"4149",1912.69995117188
"4150",1919.09997558594
"4151",1923.69995117188
"4152",1914
"4153",1912.30004882812
"4154",1909.19995117188
"4155",1921.09997558594
"4156",1921.69995117188
"4157",1919.59997558594
"4158",1908.69995117188
"4159",1926.19995117188
"4160",1925
"4161",1931.30004882812
"4162",1956.19995117188
"4163",1959.19995117188
"4164",1960.09997558594
"4165",1952.40002441406
"4166",1977.19995117188
"4167",1977.5
"4168",1968.30004882812
"4169",1964.30004882812
"4170",1960.30004882812
"4171",1962.09997558594
"4172",1968.90002441406
"4173",1945.40002441406
"4174",1960.40002441406
"4175",1970.5
"4176",1940.69995117188
"4177",1937.40002441406
"4178",1932
"4179",1939.59997558594
"4180",1933.5
"4181",1924.09997558594
"4182",1915.40002441406
"4183",1914.40002441406
"4184",1912.90002441406
"4185",1910.59997558594
"4186",1902.5
"4187",1896.09997558594
"4188",1884.09997558594
"4189",1886.09997558594
"4190",1893.30004882812
"4191",1896.40002441406
"4192",1918.5
"4193",1918.19995117188
"4194",1911.09997558594
"4195",1917.90002441406
"4196",1936.5
"4197",1944.30004882812
"4198",1938.19995117188
"4199",1939.80004882812
"4200",1926.19995117188
"4201",1918.09997558594
"4202",1917.5
"4203",1918.40002441406
"4204",1923.30004882812
"4205",1911.30004882812
"4206",1909.09997558594
"4207",1910
"4208",1923.69995117188
"4209",1931.5
"4210",1932
"4211",1945.59997558594
"4212",1919.19995117188
"4213",1925.40002441406
"4214",1916.59997558594
"4215",1900.40002441406
"4216",1871.59997558594
"4217",1860.40002441406
"4218",1848.09997558594
"4219",1830
"4220",1824.59997558594
"4221",1818.5
"4222",1816.59997558594
"4223",1830.19995117188
"4224",1849.5
"4225",1861
"4226",1872.80004882812
"4227",1869.30004882812
"4228",1927.40002441406
"4229",1921.09997558594
"4230",1922.69995117188
"4231",1955.30004882812
"4232",1968.40002441406
"4233",1982.5
"4234",1976.30004882812
"4235",1975
"4236",1984.09997558594
"4237",1987.19995117188
"4238",1988.59997558594
"4239",1996.19995117188
"4240",1985.19995117188
"4241",1978.80004882812
"4242",1985.59997558594
"4243",1991.5
"4244",1981.59997558594
"4245",1966.80004882812
"4246",1951.5
"4247",1964.19995117188
"4248",1932.59997558594
"4249",1945.5
"4250",1961.80004882812
"4251",1960.09997558594
"4252",1983.90002441406
"4253",1981.59997558594
"4254",1977.69995117188
"4255",1999.30004882812
"4256",1991.40002441406
"4257",1991.5
"4258",2002.19995117188
"4259",2011.80004882812
"4260",2039.69995117188
"4261",2047.09997558594
"4262",2038.09997558594
"4263",2071
"4264",2024.09997558594
"4265",2018.5
"4266",2030.5
"4267",2029.90002441406
"4268",1998.30004882812
"4269",1978
"4270",1977.80004882812
"4271",1982.30004882812
"4272",2030.19995117188
"4273",2021.09997558594
"4274",2026.30004882812
"4275",2038.40002441406
"4276",2034.5
"4277",2039.09997558594
"4278",2057.10009765625
"4279",NA
"4280",2058.19995117188
"4281",2081.89990234375
"4282",2073.89990234375
"4283",2062.39990234375
"4284",NA
"4285",2064.39990234375
"4286",2034.19995117188
"4287",2042.30004882812
"4288",2042.40002441406
"4289",2026.59997558594
"4290",2026.40002441406
